month,ncb,programme,holdings_eur_m
2015-03-01,AT,PSPP,1216
2015-04-01,AT,PSPP,2421
2015-05-01,AT,PSPP,3735
2015-06-01,AT,PSPP,5045
2015-07-01,AT,PSPP,6408
2015-08-01,AT,PSPP,7472
2015-09-01,AT,PSPP,8751
2015-10-01,AT,PSPP,10075
2015-11-01,AT,PSPP,11486
2015-12-01,AT,PSPP,12641
2016-01-01,AT,PSPP,13989
2016-02-01,AT,PSPP,15348
2016-03-01,AT,PSPP,16701
2016-04-01,AT,PSPP,18761
2016-05-01,AT,PSPP,20901
2016-06-01,AT,PSPP,22750
2016-07-01,AT,PSPP,24628
2016-08-01,AT,PSPP,25982
2016-09-01,AT,PSPP,27866
2016-10-01,AT,PSPP,29825
2016-11-01,AT,PSPP,31705
2016-12-01,AT,PSPP,33200
2017-01-01,AT,PSPP,35170
2017-02-01,AT,PSPP,37058
2017-03-01,AT,PSPP,39016
2017-04-01,AT,PSPP,40578
2017-05-01,AT,PSPP,42072
2017-06-01,AT,PSPP,43564
2017-07-01,AT,PSPP,45088
2017-08-01,AT,PSPP,46311
2017-09-01,AT,PSPP,47777
2017-10-01,AT,PSPP,49228
2017-11-01,AT,PSPP,50674
2017-12-01,AT,PSPP,51961
2018-01-01,AT,PSPP,52510
2018-02-01,AT,PSPP,53094
2018-03-01,AT,PSPP,53646
2018-04-01,AT,PSPP,54277
2018-05-01,AT,PSPP,54853
2018-06-01,AT,PSPP,55484
2018-07-01,AT,PSPP,56133
2018-08-01,AT,PSPP,56704
2018-09-01,AT,PSPP,57309
2018-10-01,AT,PSPP,57593
2018-11-01,AT,PSPP,57819
2018-12-01,AT,PSPP,58189
2019-01-01,AT,PSPP,58476
2019-02-01,AT,PSPP,58633
2019-03-01,AT,PSPP,58361
2019-04-01,AT,PSPP,58626
2019-05-01,AT,PSPP,58828
2019-06-01,AT,PSPP,58313
2019-07-01,AT,PSPP,58407
2019-08-01,AT,PSPP,58479
2019-09-01,AT,PSPP,58619
2019-10-01,AT,PSPP,58225
2019-11-01,AT,PSPP,58874
2019-12-01,AT,PSPP,59576
2020-01-01,AT,PSPP,60338
2020-02-01,AT,PSPP,60927
2020-03-01,AT,PSPP,61950
2020-04-01,AT,PSPP,63236
2020-05-01,AT,PSPP,64657
2020-06-01,AT,PSPP,65601
2020-07-01,AT,PSPP,64926
2020-08-01,AT,PSPP,65305
2020-09-01,AT,PSPP,66082
2020-10-01,AT,PSPP,66725
2020-11-01,AT,PSPP,67579
2020-12-01,AT,PSPP,68162
2021-01-01,AT,PSPP,68776
2021-02-01,AT,PSPP,69359
2021-03-01,AT,PSPP,69987
2021-04-01,AT,PSPP,70656
2021-05-01,AT,PSPP,71170
2021-06-01,AT,PSPP,71825
2021-07-01,AT,PSPP,72457
2021-08-01,AT,PSPP,72802
2021-09-01,AT,PSPP,70790
2021-10-01,AT,PSPP,71418
2021-11-01,AT,PSPP,71976
2021-12-01,AT,PSPP,72411
2022-01-01,AT,PSPP,73535
2022-02-01,AT,PSPP,73942
2022-03-01,AT,PSPP,74674
2022-04-01,AT,PSPP,75625
2022-05-01,AT,PSPP,76792
2022-06-01,AT,PSPP,77508
2022-07-01,AT,PSPP,78093
2022-08-01,AT,PSPP,78143
2022-09-01,AT,PSPP,76853
2022-10-01,AT,PSPP,77745
2022-11-01,AT,PSPP,74798
2022-12-01,AT,PSPP,75141
2023-01-01,AT,PSPP,75712
2023-02-01,AT,PSPP,76139
2023-03-01,AT,PSPP,76761
2023-04-01,AT,PSPP,76135
2023-05-01,AT,PSPP,76623
2023-06-01,AT,PSPP,76807
2023-07-01,AT,PSPP,73910
2023-08-01,AT,PSPP,73910
2023-09-01,AT,PSPP,73910
2023-10-01,AT,PSPP,70290
2023-11-01,AT,PSPP,70290
2023-12-01,AT,PSPP,70290
2024-01-01,AT,PSPP,70117
2024-02-01,AT,PSPP,70117
2024-03-01,AT,PSPP,70117
2024-04-01,AT,PSPP,70117
2024-05-01,AT,PSPP,70117
2024-06-01,AT,PSPP,70117
2024-07-01,AT,PSPP,68020
2024-08-01,AT,PSPP,68020
2024-09-01,AT,PSPP,67980
2024-10-01,AT,PSPP,64566
2024-11-01,AT,PSPP,64334
2024-12-01,AT,PSPP,64334
2025-01-01,AT,PSPP,64334
2025-02-01,AT,PSPP,64334
2025-03-01,AT,PSPP,64334
2025-04-01,AT,PSPP,62454
2025-05-01,AT,PSPP,62454
2025-06-01,AT,PSPP,62362
2025-07-01,AT,PSPP,62362
2025-08-01,AT,PSPP,62362
2025-09-01,AT,PSPP,62260
2025-10-01,AT,PSPP,58870
2025-11-01,AT,PSPP,58870
2025-12-01,AT,PSPP,58870
2026-01-01,AT,PSPP,58870
2026-02-01,AT,PSPP,58870
2026-03-01,AT,PSPP,55833
2026-04-01,AT,PSPP,55833
2026-05-01,AT,PSPP,55833
2026-06-01,AT,PSPP,55833
2026-07-01,AT,PSPP,55027
2026-08-01,AT,PSPP,55027
2015-03-01,BE,PSPP,1528
2015-04-01,BE,PSPP,3058
2015-05-01,BE,PSPP,4714
2015-06-01,BE,PSPP,6371
2015-07-01,BE,PSPP,8013
2015-08-01,BE,PSPP,9375
2015-09-01,BE,PSPP,11008
2015-10-01,BE,PSPP,12686
2015-11-01,BE,PSPP,14450
2015-12-01,BE,PSPP,15896
2016-01-01,BE,PSPP,17605
2016-02-01,BE,PSPP,19312
2016-03-01,BE,PSPP,21022
2016-04-01,BE,PSPP,23634
2016-05-01,BE,PSPP,26329
2016-06-01,BE,PSPP,28670
2016-07-01,BE,PSPP,31038
2016-08-01,BE,PSPP,32742
2016-09-01,BE,PSPP,35119
2016-10-01,BE,PSPP,37596
2016-11-01,BE,PSPP,39968
2016-12-01,BE,PSPP,41835
2017-01-01,BE,PSPP,44324
2017-02-01,BE,PSPP,46694
2017-03-01,BE,PSPP,49092
2017-04-01,BE,PSPP,51065
2017-05-01,BE,PSPP,52945
2017-06-01,BE,PSPP,54831
2017-07-01,BE,PSPP,56756
2017-08-01,BE,PSPP,58300
2017-09-01,BE,PSPP,60152
2017-10-01,BE,PSPP,61983
2017-11-01,BE,PSPP,63807
2017-12-01,BE,PSPP,65465
2018-01-01,BE,PSPP,66178
2018-02-01,BE,PSPP,66935
2018-03-01,BE,PSPP,67649
2018-04-01,BE,PSPP,68450
2018-05-01,BE,PSPP,69173
2018-06-01,BE,PSPP,69988
2018-07-01,BE,PSPP,70814
2018-08-01,BE,PSPP,71538
2018-09-01,BE,PSPP,72268
2018-10-01,BE,PSPP,72618
2018-11-01,BE,PSPP,72903
2018-12-01,BE,PSPP,73367
2019-01-01,BE,PSPP,73644
2019-02-01,BE,PSPP,73795
2019-03-01,BE,PSPP,73211
2019-04-01,BE,PSPP,73420
2019-05-01,BE,PSPP,73606
2019-06-01,BE,PSPP,73704
2019-07-01,BE,PSPP,73936
2019-08-01,BE,PSPP,73990
2019-09-01,BE,PSPP,72804
2019-10-01,BE,PSPP,73158
2019-11-01,BE,PSPP,73888
2019-12-01,BE,PSPP,74748
2020-01-01,BE,PSPP,75708
2020-02-01,BE,PSPP,76414
2020-03-01,BE,PSPP,78378
2020-04-01,BE,PSPP,80365
2020-05-01,BE,PSPP,82285
2020-06-01,BE,PSPP,83991
2020-07-01,BE,PSPP,85072
2020-08-01,BE,PSPP,85512
2020-09-01,BE,PSPP,84097
2020-10-01,BE,PSPP,84992
2020-11-01,BE,PSPP,85868
2020-12-01,BE,PSPP,86393
2021-01-01,BE,PSPP,87046
2021-02-01,BE,PSPP,87629
2021-03-01,BE,PSPP,88298
2021-04-01,BE,PSPP,89129
2021-05-01,BE,PSPP,89680
2021-06-01,BE,PSPP,90378
2021-07-01,BE,PSPP,91166
2021-08-01,BE,PSPP,91546
2021-09-01,BE,PSPP,89264
2021-10-01,BE,PSPP,89947
2021-11-01,BE,PSPP,90541
2021-12-01,BE,PSPP,91028
2022-01-01,BE,PSPP,92164
2022-02-01,BE,PSPP,92605
2022-03-01,BE,PSPP,90761
2022-04-01,BE,PSPP,92911
2022-05-01,BE,PSPP,94133
2022-06-01,BE,PSPP,94972
2022-07-01,BE,PSPP,95527
2022-08-01,BE,PSPP,95600
2022-09-01,BE,PSPP,92987
2022-10-01,BE,PSPP,93772
2022-11-01,BE,PSPP,94060
2022-12-01,BE,PSPP,94347
2023-01-01,BE,PSPP,94731
2023-02-01,BE,PSPP,95006
2023-03-01,BE,PSPP,95457
2023-04-01,BE,PSPP,95682
2023-05-01,BE,PSPP,96032
2023-06-01,BE,PSPP,93112
2023-07-01,BE,PSPP,93112
2023-08-01,BE,PSPP,93112
2023-09-01,BE,PSPP,93112
2023-10-01,BE,PSPP,90790
2023-11-01,BE,PSPP,90790
2023-12-01,BE,PSPP,90790
2024-01-01,BE,PSPP,90790
2024-02-01,BE,PSPP,90790
2024-03-01,BE,PSPP,90790
2024-04-01,BE,PSPP,90790
2024-05-01,BE,PSPP,90790
2024-06-01,BE,PSPP,86585
2024-07-01,BE,PSPP,86585
2024-08-01,BE,PSPP,86585
2024-09-01,BE,PSPP,86585
2024-10-01,BE,PSPP,83748
2024-11-01,BE,PSPP,83748
2024-12-01,BE,PSPP,83722
2025-01-01,BE,PSPP,83722
2025-02-01,BE,PSPP,83722
2025-03-01,BE,PSPP,83722
2025-04-01,BE,PSPP,83722
2025-05-01,BE,PSPP,83722
2025-06-01,BE,PSPP,77885
2025-07-01,BE,PSPP,77885
2025-08-01,BE,PSPP,77885
2025-09-01,BE,PSPP,77885
2025-10-01,BE,PSPP,77885
2025-11-01,BE,PSPP,77885
2025-12-01,BE,PSPP,77885
2026-01-01,BE,PSPP,77885
2026-02-01,BE,PSPP,77885
2026-03-01,BE,PSPP,74948
2026-04-01,BE,PSPP,74948
2026-05-01,BE,PSPP,74901
2026-06-01,BE,PSPP,69900
2026-07-01,BE,PSPP,69900
2026-08-01,BE,PSPP,69900
2015-03-01,CY,PSPP,0
2015-04-01,CY,PSPP,0
2015-05-01,CY,PSPP,0
2015-06-01,CY,PSPP,0
2015-07-01,CY,PSPP,98
2015-08-01,CY,PSPP,98
2015-09-01,CY,PSPP,98
2015-10-01,CY,PSPP,188
2015-11-01,CY,PSPP,285
2015-12-01,CY,PSPP,285
2016-01-01,CY,PSPP,285
2016-02-01,CY,PSPP,285
2016-03-01,CY,PSPP,269
2016-04-01,CY,PSPP,269
2016-05-01,CY,PSPP,269
2016-06-01,CY,PSPP,269
2016-07-01,CY,PSPP,269
2016-08-01,CY,PSPP,269
2016-09-01,CY,PSPP,248
2016-10-01,CY,PSPP,248
2016-11-01,CY,PSPP,248
2016-12-01,CY,PSPP,248
2017-01-01,CY,PSPP,248
2017-02-01,CY,PSPP,248
2017-03-01,CY,PSPP,248
2017-04-01,CY,PSPP,248
2017-05-01,CY,PSPP,248
2017-06-01,CY,PSPP,214
2017-07-01,CY,PSPP,214
2017-08-01,CY,PSPP,214
2017-09-01,CY,PSPP,213
2017-10-01,CY,PSPP,213
2017-11-01,CY,PSPP,213
2017-12-01,CY,PSPP,213
2018-01-01,CY,PSPP,213
2018-02-01,CY,PSPP,213
2018-03-01,CY,PSPP,213
2018-04-01,CY,PSPP,213
2018-05-01,CY,PSPP,213
2018-06-01,CY,PSPP,213
2018-07-01,CY,PSPP,213
2018-08-01,CY,PSPP,213
2018-09-01,CY,PSPP,213
2018-10-01,CY,PSPP,368
2018-11-01,CY,PSPP,503
2018-12-01,CY,PSPP,677
2019-01-01,CY,PSPP,735
2019-02-01,CY,PSPP,791
2019-03-01,CY,PSPP,848
2019-04-01,CY,PSPP,965
2019-05-01,CY,PSPP,1081
2019-06-01,CY,PSPP,1177
2019-07-01,CY,PSPP,1317
2019-08-01,CY,PSPP,1409
2019-09-01,CY,PSPP,1570
2019-10-01,CY,PSPP,1671
2019-11-01,CY,PSPP,1817
2019-12-01,CY,PSPP,1944
2020-01-01,CY,PSPP,2045
2020-02-01,CY,PSPP,2086
2020-03-01,CY,PSPP,2202
2020-04-01,CY,PSPP,2318
2020-05-01,CY,PSPP,2410
2020-06-01,CY,PSPP,2495
2020-07-01,CY,PSPP,2639
2020-08-01,CY,PSPP,2758
2020-09-01,CY,PSPP,2892
2020-10-01,CY,PSPP,3019
2020-11-01,CY,PSPP,3139
2020-12-01,CY,PSPP,3274
2021-01-01,CY,PSPP,3359
2021-02-01,CY,PSPP,3424
2021-03-01,CY,PSPP,3521
2021-04-01,CY,PSPP,3607
2021-05-01,CY,PSPP,3673
2021-06-01,CY,PSPP,3759
2021-07-01,CY,PSPP,3834
2021-08-01,CY,PSPP,3897
2021-09-01,CY,PSPP,3987
2021-10-01,CY,PSPP,4037
2021-11-01,CY,PSPP,4090
2021-12-01,CY,PSPP,4141
2022-01-01,CY,PSPP,4228
2022-02-01,CY,PSPP,4273
2022-03-01,CY,PSPP,4338
2022-04-01,CY,PSPP,4444
2022-05-01,CY,PSPP,4197
2022-06-01,CY,PSPP,4238
2022-07-01,CY,PSPP,4293
2022-08-01,CY,PSPP,4326
2022-09-01,CY,PSPP,4396
2022-10-01,CY,PSPP,4450
2022-11-01,CY,PSPP,4481
2022-12-01,CY,PSPP,4505
2023-01-01,CY,PSPP,4521
2023-02-01,CY,PSPP,4535
2023-03-01,CY,PSPP,4539
2023-04-01,CY,PSPP,4552
2023-05-01,CY,PSPP,4570
2023-06-01,CY,PSPP,4578
2023-07-01,CY,PSPP,4293
2023-08-01,CY,PSPP,4293
2023-09-01,CY,PSPP,4293
2023-10-01,CY,PSPP,4293
2023-11-01,CY,PSPP,4293
2023-12-01,CY,PSPP,4293
2024-01-01,CY,PSPP,4293
2024-02-01,CY,PSPP,4293
2024-03-01,CY,PSPP,4293
2024-04-01,CY,PSPP,4293
2024-05-01,CY,PSPP,4293
2024-06-01,CY,PSPP,3989
2024-07-01,CY,PSPP,3989
2024-08-01,CY,PSPP,3989
2024-09-01,CY,PSPP,3989
2024-10-01,CY,PSPP,3989
2024-11-01,CY,PSPP,3989
2024-12-01,CY,PSPP,3664
2025-01-01,CY,PSPP,3664
2025-02-01,CY,PSPP,3664
2025-03-01,CY,PSPP,3664
2025-04-01,CY,PSPP,3664
2025-05-01,CY,PSPP,3664
2025-06-01,CY,PSPP,3664
2025-07-01,CY,PSPP,3664
2025-08-01,CY,PSPP,3664
2025-09-01,CY,PSPP,3664
2025-10-01,CY,PSPP,3664
2025-11-01,CY,PSPP,3361
2025-12-01,CY,PSPP,3361
2026-01-01,CY,PSPP,3361
2026-02-01,CY,PSPP,3036
2026-03-01,CY,PSPP,3036
2026-04-01,CY,PSPP,3036
2026-05-01,CY,PSPP,3036
2026-06-01,CY,PSPP,3036
2026-07-01,CY,PSPP,3036
2026-08-01,CY,PSPP,3036
2015-03-01,DE,PSPP,11070
2015-04-01,DE,PSPP,22218
2015-05-01,DE,PSPP,34362
2015-06-01,DE,PSPP,46332
2015-07-01,DE,PSPP,58307
2015-08-01,DE,PSPP,68233
2015-09-01,DE,PSPP,80084
2015-10-01,DE,PSPP,92279
2015-11-01,DE,PSPP,105182
2015-12-01,DE,PSPP,115625
2016-01-01,DE,PSPP,127972
2016-02-01,DE,PSPP,140412
2016-03-01,DE,PSPP,152823
2016-04-01,DE,PSPP,171808
2016-05-01,DE,PSPP,191381
2016-06-01,DE,PSPP,208269
2016-07-01,DE,PSPP,225516
2016-08-01,DE,PSPP,237884
2016-09-01,DE,PSPP,255072
2016-10-01,DE,PSPP,273088
2016-11-01,DE,PSPP,290378
2016-12-01,DE,PSPP,303946
2017-01-01,DE,PSPP,321659
2017-02-01,DE,PSPP,338619
2017-03-01,DE,PSPP,355596
2017-04-01,DE,PSPP,368086
2017-05-01,DE,PSPP,380005
2017-06-01,DE,PSPP,391897
2017-07-01,DE,PSPP,404066
2017-08-01,DE,PSPP,413869
2017-09-01,DE,PSPP,425545
2017-10-01,DE,PSPP,437096
2017-11-01,DE,PSPP,448658
2017-12-01,DE,PSPP,459318
2018-01-01,DE,PSPP,464141
2018-02-01,DE,PSPP,469219
2018-03-01,DE,PSPP,473984
2018-04-01,DE,PSPP,478702
2018-05-01,DE,PSPP,485595
2018-06-01,DE,PSPP,491584
2018-07-01,DE,PSPP,497930
2018-08-01,DE,PSPP,503352
2018-09-01,DE,PSPP,509670
2018-10-01,DE,PSPP,512545
2018-11-01,DE,PSPP,515049
2018-12-01,DE,PSPP,518557
2019-01-01,DE,PSPP,517057
2019-02-01,DE,PSPP,515355
2019-03-01,DE,PSPP,511467
2019-04-01,DE,PSPP,513651
2019-05-01,DE,PSPP,518505
2019-06-01,DE,PSPP,517386
2019-07-01,DE,PSPP,517805
2019-08-01,DE,PSPP,519135
2019-09-01,DE,PSPP,518107
2019-10-01,DE,PSPP,520771
2019-11-01,DE,PSPP,526404
2019-12-01,DE,PSPP,527833
2020-01-01,DE,PSPP,528291
2020-02-01,DE,PSPP,531292
2020-03-01,DE,PSPP,533338
2020-04-01,DE,PSPP,533966
2020-05-01,DE,PSPP,540587
2020-06-01,DE,PSPP,540925
2020-07-01,DE,PSPP,546751
2020-08-01,DE,PSPP,550964
2020-09-01,DE,PSPP,554901
2020-10-01,DE,PSPP,562110
2020-11-01,DE,PSPP,575250
2020-12-01,DE,PSPP,580316
2021-01-01,DE,PSPP,580062
2021-02-01,DE,PSPP,588284
2021-03-01,DE,PSPP,593087
2021-04-01,DE,PSPP,599087
2021-05-01,DE,PSPP,605537
2021-06-01,DE,PSPP,609539
2021-07-01,DE,PSPP,614148
2021-08-01,DE,PSPP,618091
2021-09-01,DE,PSPP,619843
2021-10-01,DE,PSPP,623470
2021-11-01,DE,PSPP,632256
2021-12-01,DE,PSPP,634906
2022-01-01,DE,PSPP,636912
2022-02-01,DE,PSPP,640707
2022-03-01,DE,PSPP,644981
2022-04-01,DE,PSPP,656048
2022-05-01,DE,PSPP,666573
2022-06-01,DE,PSPP,666732
2022-07-01,DE,PSPP,663083
2022-08-01,DE,PSPP,664288
2022-09-01,DE,PSPP,662419
2022-10-01,DE,PSPP,665595
2022-11-01,DE,PSPP,668300
2022-12-01,DE,PSPP,665595
2023-01-01,DE,PSPP,668313
2023-02-01,DE,PSPP,665151
2023-03-01,DE,PSPP,661592
2023-04-01,DE,PSPP,652218
2023-05-01,DE,PSPP,649485
2023-06-01,DE,PSPP,641693
2023-07-01,DE,PSPP,641144
2023-08-01,DE,PSPP,632834
2023-09-01,DE,PSPP,625476
2023-10-01,DE,PSPP,619957
2023-11-01,DE,PSPP,616789
2023-12-01,DE,PSPP,613937
2024-01-01,DE,PSPP,607684
2024-02-01,DE,PSPP,599603
2024-03-01,DE,PSPP,595483
2024-04-01,DE,PSPP,584892
2024-05-01,DE,PSPP,575801
2024-06-01,DE,PSPP,569673
2024-07-01,DE,PSPP,566581
2024-08-01,DE,PSPP,558768
2024-09-01,DE,PSPP,555561
2024-10-01,DE,PSPP,545698
2024-11-01,DE,PSPP,543732
2024-12-01,DE,PSPP,541692
2025-01-01,DE,PSPP,537194
2025-02-01,DE,PSPP,525355
2025-03-01,DE,PSPP,520350
2025-04-01,DE,PSPP,510573
2025-05-01,DE,PSPP,508972
2025-06-01,DE,PSPP,504821
2025-07-01,DE,PSPP,504404
2025-08-01,DE,PSPP,494502
2025-09-01,DE,PSPP,492141
2025-10-01,DE,PSPP,483585
2025-11-01,DE,PSPP,482078
2025-12-01,DE,PSPP,481994
2026-01-01,DE,PSPP,480694
2026-02-01,DE,PSPP,470830
2026-03-01,DE,PSPP,466277
2026-04-01,DE,PSPP,450039
2026-05-01,DE,PSPP,448841
2026-06-01,DE,PSPP,446016
2026-07-01,DE,PSPP,444741
2026-08-01,DE,PSPP,435323
2015-03-01,EE,PSPP,0
2015-04-01,EE,PSPP,0
2015-05-01,EE,PSPP,0
2015-06-01,EE,PSPP,5
2015-07-01,EE,PSPP,20
2015-08-01,EE,PSPP,30
2015-09-01,EE,PSPP,38
2015-10-01,EE,PSPP,41
2015-11-01,EE,PSPP,48
2015-12-01,EE,PSPP,48
2016-01-01,EE,PSPP,54
2016-02-01,EE,PSPP,61
2016-03-01,EE,PSPP,61
2016-04-01,EE,PSPP,66
2016-05-01,EE,PSPP,66
2016-06-01,EE,PSPP,66
2016-07-01,EE,PSPP,66
2016-08-01,EE,PSPP,66
2016-09-01,EE,PSPP,66
2016-10-01,EE,PSPP,66
2016-11-01,EE,PSPP,66
2016-12-01,EE,PSPP,66
2017-01-01,EE,PSPP,66
2017-02-01,EE,PSPP,66
2017-03-01,EE,PSPP,66
2017-04-01,EE,PSPP,66
2017-05-01,EE,PSPP,66
2017-06-01,EE,PSPP,66
2017-07-01,EE,PSPP,66
2017-08-01,EE,PSPP,66
2017-09-01,EE,PSPP,66
2017-10-01,EE,PSPP,66
2017-11-01,EE,PSPP,66
2017-12-01,EE,PSPP,66
2018-01-01,EE,PSPP,66
2018-02-01,EE,PSPP,66
2018-03-01,EE,PSPP,66
2018-04-01,EE,PSPP,66
2018-05-01,EE,PSPP,66
2018-06-01,EE,PSPP,66
2018-07-01,EE,PSPP,8
2018-08-01,EE,PSPP,8
2018-09-01,EE,PSPP,8
2018-10-01,EE,PSPP,8
2018-11-01,EE,PSPP,8
2018-12-01,EE,PSPP,8
2019-01-01,EE,PSPP,8
2019-02-01,EE,PSPP,8
2019-03-01,EE,PSPP,8
2019-04-01,EE,PSPP,8
2019-05-01,EE,PSPP,8
2019-06-01,EE,PSPP,8
2019-07-01,EE,PSPP,8
2019-08-01,EE,PSPP,8
2019-09-01,EE,PSPP,8
2019-10-01,EE,PSPP,8
2019-11-01,EE,PSPP,8
2019-12-01,EE,PSPP,8
2020-01-01,EE,PSPP,8
2020-02-01,EE,PSPP,8
2020-03-01,EE,PSPP,8
2020-04-01,EE,PSPP,8
2020-05-01,EE,PSPP,8
2020-06-01,EE,PSPP,108
2020-07-01,EE,PSPP,148
2020-08-01,EE,PSPP,185
2020-09-01,EE,PSPP,224
2020-10-01,EE,PSPP,225
2020-11-01,EE,PSPP,263
2020-12-01,EE,PSPP,282
2021-01-01,EE,PSPP,303
2021-02-01,EE,PSPP,324
2021-03-01,EE,PSPP,351
2021-04-01,EE,PSPP,372
2021-05-01,EE,PSPP,388
2021-06-01,EE,PSPP,398
2021-07-01,EE,PSPP,398
2021-08-01,EE,PSPP,400
2021-09-01,EE,PSPP,404
2021-10-01,EE,PSPP,407
2021-11-01,EE,PSPP,409
2021-12-01,EE,PSPP,409
2022-01-01,EE,PSPP,413
2022-02-01,EE,PSPP,415
2022-03-01,EE,PSPP,415
2022-04-01,EE,PSPP,430
2022-05-01,EE,PSPP,439
2022-06-01,EE,PSPP,446
2022-07-01,EE,PSPP,446
2022-08-01,EE,PSPP,446
2022-09-01,EE,PSPP,447
2022-10-01,EE,PSPP,489
2022-11-01,EE,PSPP,533
2022-12-01,EE,PSPP,565
2023-01-01,EE,PSPP,586
2023-02-01,EE,PSPP,606
2023-03-01,EE,PSPP,606
2023-04-01,EE,PSPP,606
2023-05-01,EE,PSPP,606
2023-06-01,EE,PSPP,606
2023-07-01,EE,PSPP,606
2023-08-01,EE,PSPP,606
2023-09-01,EE,PSPP,606
2023-10-01,EE,PSPP,606
2023-11-01,EE,PSPP,606
2023-12-01,EE,PSPP,606
2024-01-01,EE,PSPP,606
2024-02-01,EE,PSPP,606
2024-03-01,EE,PSPP,606
2024-04-01,EE,PSPP,606
2024-05-01,EE,PSPP,606
2024-06-01,EE,PSPP,606
2024-07-01,EE,PSPP,606
2024-08-01,EE,PSPP,606
2024-09-01,EE,PSPP,606
2024-10-01,EE,PSPP,606
2024-11-01,EE,PSPP,606
2024-12-01,EE,PSPP,606
2025-01-01,EE,PSPP,606
2025-02-01,EE,PSPP,606
2025-03-01,EE,PSPP,606
2025-04-01,EE,PSPP,606
2025-05-01,EE,PSPP,606
2025-06-01,EE,PSPP,606
2025-07-01,EE,PSPP,606
2025-08-01,EE,PSPP,606
2025-09-01,EE,PSPP,606
2025-10-01,EE,PSPP,606
2025-11-01,EE,PSPP,606
2025-12-01,EE,PSPP,606
2026-01-01,EE,PSPP,606
2026-02-01,EE,PSPP,606
2026-03-01,EE,PSPP,606
2026-04-01,EE,PSPP,606
2026-05-01,EE,PSPP,606
2026-06-01,EE,PSPP,606
2026-07-01,EE,PSPP,606
2026-08-01,EE,PSPP,606
2015-03-01,ES,PSPP,5447
2015-04-01,ES,PSPP,10918
2015-05-01,ES,PSPP,16827
2015-06-01,ES,PSPP,22742
2015-07-01,ES,PSPP,28633
2015-08-01,ES,PSPP,33515
2015-09-01,ES,PSPP,39304
2015-10-01,ES,PSPP,45346
2015-11-01,ES,PSPP,51680
2015-12-01,ES,PSPP,56817
2016-01-01,ES,PSPP,62924
2016-02-01,ES,PSPP,69049
2016-03-01,ES,PSPP,75160
2016-04-01,ES,PSPP,84478
2016-05-01,ES,PSPP,94097
2016-06-01,ES,PSPP,103335
2016-07-01,ES,PSPP,111788
2016-08-01,ES,PSPP,117900
2016-09-01,ES,PSPP,126387
2016-10-01,ES,PSPP,135214
2016-11-01,ES,PSPP,143675
2016-12-01,ES,PSPP,150331
2017-01-01,ES,PSPP,159120
2017-02-01,ES,PSPP,167487
2017-03-01,ES,PSPP,175946
2017-04-01,ES,PSPP,182545
2017-05-01,ES,PSPP,188588
2017-06-01,ES,PSPP,194779
2017-07-01,ES,PSPP,201091
2017-08-01,ES,PSPP,206177
2017-09-01,ES,PSPP,212288
2017-10-01,ES,PSPP,218298
2017-11-01,ES,PSPP,224284
2017-12-01,ES,PSPP,230250
2018-01-01,ES,PSPP,232905
2018-02-01,ES,PSPP,235729
2018-03-01,ES,PSPP,238487
2018-04-01,ES,PSPP,241590
2018-05-01,ES,PSPP,244419
2018-06-01,ES,PSPP,247510
2018-07-01,ES,PSPP,250701
2018-08-01,ES,PSPP,253503
2018-09-01,ES,PSPP,256544
2018-10-01,ES,PSPP,256670
2018-11-01,ES,PSPP,259204
2018-12-01,ES,PSPP,260821
2019-01-01,ES,PSPP,257742
2019-02-01,ES,PSPP,258573
2019-03-01,ES,PSPP,259229
2019-04-01,ES,PSPP,255007
2019-05-01,ES,PSPP,256623
2019-06-01,ES,PSPP,257038
2019-07-01,ES,PSPP,255109
2019-08-01,ES,PSPP,255650
2019-09-01,ES,PSPP,256050
2019-10-01,ES,PSPP,255465
2019-11-01,ES,PSPP,258423
2019-12-01,ES,PSPP,259002
2020-01-01,ES,PSPP,259203
2020-02-01,ES,PSPP,261209
2020-03-01,ES,PSPP,266616
2020-04-01,ES,PSPP,270892
2020-05-01,ES,PSPP,275970
2020-06-01,ES,PSPP,281396
2020-07-01,ES,PSPP,279515
2020-08-01,ES,PSPP,280702
2020-09-01,ES,PSPP,284515
2020-10-01,ES,PSPP,288271
2020-11-01,ES,PSPP,290758
2020-12-01,ES,PSPP,292880
2021-01-01,ES,PSPP,294999
2021-02-01,ES,PSPP,292369
2021-03-01,ES,PSPP,293850
2021-04-01,ES,PSPP,296991
2021-05-01,ES,PSPP,299019
2021-06-01,ES,PSPP,301766
2021-07-01,ES,PSPP,298256
2021-08-01,ES,PSPP,299457
2021-09-01,ES,PSPP,302218
2021-10-01,ES,PSPP,305247
2021-11-01,ES,PSPP,303516
2021-12-01,ES,PSPP,305332
2022-01-01,ES,PSPP,304288
2022-02-01,ES,PSPP,305585
2022-03-01,ES,PSPP,307664
2022-04-01,ES,PSPP,314676
2022-05-01,ES,PSPP,312269
2022-06-01,ES,PSPP,315066
2022-07-01,ES,PSPP,316793
2022-08-01,ES,PSPP,316826
2022-09-01,ES,PSPP,318672
2022-10-01,ES,PSPP,315038
2022-11-01,ES,PSPP,315703
2022-12-01,ES,PSPP,316322
2023-01-01,ES,PSPP,312397
2023-02-01,ES,PSPP,313352
2023-03-01,ES,PSPP,314815
2023-04-01,ES,PSPP,315615
2023-05-01,ES,PSPP,314529
2023-06-01,ES,PSPP,314840
2023-07-01,ES,PSPP,309841
2023-08-01,ES,PSPP,309841
2023-09-01,ES,PSPP,309841
2023-10-01,ES,PSPP,303137
2023-11-01,ES,PSPP,302158
2023-12-01,ES,PSPP,301989
2024-01-01,ES,PSPP,297226
2024-02-01,ES,PSPP,297226
2024-03-01,ES,PSPP,297166
2024-04-01,ES,PSPP,291646
2024-05-01,ES,PSPP,288725
2024-06-01,ES,PSPP,288725
2024-07-01,ES,PSPP,284137
2024-08-01,ES,PSPP,284137
2024-09-01,ES,PSPP,283742
2024-10-01,ES,PSPP,278365
2024-11-01,ES,PSPP,278365
2024-12-01,ES,PSPP,274164
2025-01-01,ES,PSPP,267445
2025-02-01,ES,PSPP,267445
2025-03-01,ES,PSPP,267411
2025-04-01,ES,PSPP,259778
2025-05-01,ES,PSPP,259778
2025-06-01,ES,PSPP,258859
2025-07-01,ES,PSPP,252171
2025-08-01,ES,PSPP,252171
2025-09-01,ES,PSPP,251949
2025-10-01,ES,PSPP,244667
2025-11-01,ES,PSPP,244667
2025-12-01,ES,PSPP,244667
2026-01-01,ES,PSPP,244667
2026-02-01,ES,PSPP,239531
2026-03-01,ES,PSPP,239491
2026-04-01,ES,PSPP,232716
2026-05-01,ES,PSPP,232569
2026-06-01,ES,PSPP,232262
2026-07-01,ES,PSPP,226040
2026-08-01,ES,PSPP,226040
2015-03-01,FI,PSPP,774
2015-04-01,FI,PSPP,1560
2015-05-01,FI,PSPP,2401
2015-06-01,FI,PSPP,3237
2015-07-01,FI,PSPP,4087
2015-08-01,FI,PSPP,4774
2015-09-01,FI,PSPP,5599
2015-10-01,FI,PSPP,6443
2015-11-01,FI,PSPP,7352
2015-12-01,FI,PSPP,8086
2016-01-01,FI,PSPP,8951
2016-02-01,FI,PSPP,9830
2016-03-01,FI,PSPP,10701
2016-04-01,FI,PSPP,12025
2016-05-01,FI,PSPP,13391
2016-06-01,FI,PSPP,14615
2016-07-01,FI,PSPP,15812
2016-08-01,FI,PSPP,16683
2016-09-01,FI,PSPP,17888
2016-10-01,FI,PSPP,19146
2016-11-01,FI,PSPP,20352
2016-12-01,FI,PSPP,21291
2017-01-01,FI,PSPP,22068
2017-02-01,FI,PSPP,22794
2017-03-01,FI,PSPP,23524
2017-04-01,FI,PSPP,24198
2017-05-01,FI,PSPP,24834
2017-06-01,FI,PSPP,25477
2017-07-01,FI,PSPP,26131
2017-08-01,FI,PSPP,26659
2017-09-01,FI,PSPP,26861
2017-10-01,FI,PSPP,27913
2017-11-01,FI,PSPP,28529
2017-12-01,FI,PSPP,29163
2018-01-01,FI,PSPP,29443
2018-02-01,FI,PSPP,29739
2018-03-01,FI,PSPP,30019
2018-04-01,FI,PSPP,30561
2018-05-01,FI,PSPP,31047
2018-06-01,FI,PSPP,31586
2018-07-01,FI,PSPP,32141
2018-08-01,FI,PSPP,32630
2018-09-01,FI,PSPP,32275
2018-10-01,FI,PSPP,32664
2018-11-01,FI,PSPP,33003
2018-12-01,FI,PSPP,33133
2019-01-01,FI,PSPP,33353
2019-02-01,FI,PSPP,33481
2019-03-01,FI,PSPP,33623
2019-04-01,FI,PSPP,33812
2019-05-01,FI,PSPP,33993
2019-06-01,FI,PSPP,34120
2019-07-01,FI,PSPP,32891
2019-08-01,FI,PSPP,33008
2019-09-01,FI,PSPP,33077
2019-10-01,FI,PSPP,33466
2019-11-01,FI,PSPP,33686
2019-12-01,FI,PSPP,33884
2020-01-01,FI,PSPP,34464
2020-02-01,FI,PSPP,34663
2020-03-01,FI,PSPP,34998
2020-04-01,FI,PSPP,33691
2020-05-01,FI,PSPP,34077
2020-06-01,FI,PSPP,34449
2020-07-01,FI,PSPP,35194
2020-08-01,FI,PSPP,35414
2020-09-01,FI,PSPP,34169
2020-10-01,FI,PSPP,34822
2020-11-01,FI,PSPP,35444
2020-12-01,FI,PSPP,35893
2021-01-01,FI,PSPP,36355
2021-02-01,FI,PSPP,36768
2021-03-01,FI,PSPP,37232
2021-04-01,FI,PSPP,36314
2021-05-01,FI,PSPP,36885
2021-06-01,FI,PSPP,37682
2021-07-01,FI,PSPP,38546
2021-08-01,FI,PSPP,39046
2021-09-01,FI,PSPP,39943
2021-10-01,FI,PSPP,40181
2021-11-01,FI,PSPP,40612
2021-12-01,FI,PSPP,41166
2022-01-01,FI,PSPP,42025
2022-02-01,FI,PSPP,42418
2022-03-01,FI,PSPP,43027
2022-04-01,FI,PSPP,42498
2022-05-01,FI,PSPP,43166
2022-06-01,FI,PSPP,43614
2022-07-01,FI,PSPP,44115
2022-08-01,FI,PSPP,44337
2022-09-01,FI,PSPP,43276
2022-10-01,FI,PSPP,43821
2022-11-01,FI,PSPP,44099
2022-12-01,FI,PSPP,44364
2023-01-01,FI,PSPP,44711
2023-02-01,FI,PSPP,44987
2023-03-01,FI,PSPP,45278
2023-04-01,FI,PSPP,43946
2023-05-01,FI,PSPP,44173
2023-06-01,FI,PSPP,44112
2023-07-01,FI,PSPP,44112
2023-08-01,FI,PSPP,44112
2023-09-01,FI,PSPP,42246
2023-10-01,FI,PSPP,42246
2023-11-01,FI,PSPP,42246
2023-12-01,FI,PSPP,42246
2024-01-01,FI,PSPP,42246
2024-02-01,FI,PSPP,42246
2024-03-01,FI,PSPP,42040
2024-04-01,FI,PSPP,40576
2024-05-01,FI,PSPP,40576
2024-06-01,FI,PSPP,40576
2024-07-01,FI,PSPP,40576
2024-08-01,FI,PSPP,40576
2024-09-01,FI,PSPP,39271
2024-10-01,FI,PSPP,39271
2024-11-01,FI,PSPP,39023
2024-12-01,FI,PSPP,39023
2025-01-01,FI,PSPP,39023
2025-02-01,FI,PSPP,39023
2025-03-01,FI,PSPP,39023
2025-04-01,FI,PSPP,38920
2025-05-01,FI,PSPP,38920
2025-06-01,FI,PSPP,38920
2025-07-01,FI,PSPP,37080
2025-08-01,FI,PSPP,37080
2025-09-01,FI,PSPP,35560
2025-10-01,FI,PSPP,35560
2025-11-01,FI,PSPP,35560
2025-12-01,FI,PSPP,35560
2026-01-01,FI,PSPP,35560
2026-02-01,FI,PSPP,35560
2026-03-01,FI,PSPP,35560
2026-04-01,FI,PSPP,33071
2026-05-01,FI,PSPP,33071
2026-06-01,FI,PSPP,33071
2026-07-01,FI,PSPP,33071
2026-08-01,FI,PSPP,33071
2015-03-01,FR,PSPP,8757
2015-04-01,FR,PSPP,17381
2015-05-01,FR,PSPP,26866
2015-06-01,FR,PSPP,36292
2015-07-01,FR,PSPP,45757
2015-08-01,FR,PSPP,53844
2015-09-01,FR,PSPP,63329
2015-10-01,FR,PSPP,73279
2015-11-01,FR,PSPP,83500
2015-12-01,FR,PSPP,91767
2016-01-01,FR,PSPP,101736
2016-02-01,FR,PSPP,111725
2016-03-01,FR,PSPP,121577
2016-04-01,FR,PSPP,136510
2016-05-01,FR,PSPP,151908
2016-06-01,FR,PSPP,165591
2016-07-01,FR,PSPP,179160
2016-08-01,FR,PSPP,188929
2016-09-01,FR,PSPP,202538
2016-10-01,FR,PSPP,216698
2016-11-01,FR,PSPP,230178
2016-12-01,FR,PSPP,240867
2017-01-01,FR,PSPP,255107
2017-02-01,FR,PSPP,268665
2017-03-01,FR,PSPP,282372
2017-04-01,FR,PSPP,293675
2017-05-01,FR,PSPP,304444
2017-06-01,FR,PSPP,315243
2017-07-01,FR,PSPP,325232
2017-08-01,FR,PSPP,334502
2017-09-01,FR,PSPP,345552
2017-10-01,FR,PSPP,356040
2017-11-01,FR,PSPP,366479
2017-12-01,FR,PSPP,375703
2018-01-01,FR,PSPP,379681
2018-02-01,FR,PSPP,383905
2018-03-01,FR,PSPP,387895
2018-04-01,FR,PSPP,392460
2018-05-01,FR,PSPP,396621
2018-06-01,FR,PSPP,401163
2018-07-01,FR,PSPP,405796
2018-08-01,FR,PSPP,409917
2018-09-01,FR,PSPP,414136
2018-10-01,FR,PSPP,416135
2018-11-01,FR,PSPP,417796
2018-12-01,FR,PSPP,420257
2019-01-01,FR,PSPP,422750
2019-02-01,FR,PSPP,422007
2019-03-01,FR,PSPP,423452
2019-04-01,FR,PSPP,422720
2019-05-01,FR,PSPP,418145
2019-06-01,FR,PSPP,419018
2019-07-01,FR,PSPP,420401
2019-08-01,FR,PSPP,420790
2019-09-01,FR,PSPP,421900
2019-10-01,FR,PSPP,419751
2019-11-01,FR,PSPP,419902
2019-12-01,FR,PSPP,425161
2020-01-01,FR,PSPP,432593
2020-02-01,FR,PSPP,434445
2020-03-01,FR,PSPP,443318
2020-04-01,FR,PSPP,451643
2020-05-01,FR,PSPP,457102
2020-06-01,FR,PSPP,468883
2020-07-01,FR,PSPP,473597
2020-08-01,FR,PSPP,476581
2020-09-01,FR,PSPP,484383
2020-10-01,FR,PSPP,485478
2020-11-01,FR,PSPP,484507
2020-12-01,FR,PSPP,488536
2021-01-01,FR,PSPP,493134
2021-02-01,FR,PSPP,492681
2021-03-01,FR,PSPP,494798
2021-04-01,FR,PSPP,494567
2021-05-01,FR,PSPP,491799
2021-06-01,FR,PSPP,496902
2021-07-01,FR,PSPP,501634
2021-08-01,FR,PSPP,504462
2021-09-01,FR,PSPP,510665
2021-10-01,FR,PSPP,507891
2021-11-01,FR,PSPP,512340
2021-12-01,FR,PSPP,516032
2022-01-01,FR,PSPP,522717
2022-02-01,FR,PSPP,522937
2022-03-01,FR,PSPP,526944
2022-04-01,FR,PSPP,528080
2022-05-01,FR,PSPP,526668
2022-06-01,FR,PSPP,531309
2022-07-01,FR,PSPP,530148
2022-08-01,FR,PSPP,531745
2022-09-01,FR,PSPP,537438
2022-10-01,FR,PSPP,531880
2022-11-01,FR,PSPP,532243
2022-12-01,FR,PSPP,533974
2023-01-01,FR,PSPP,537023
2023-02-01,FR,PSPP,535675
2023-03-01,FR,PSPP,530841
2023-04-01,FR,PSPP,530944
2023-05-01,FR,PSPP,520488
2023-06-01,FR,PSPP,521560
2023-07-01,FR,PSPP,517252
2023-08-01,FR,PSPP,517252
2023-09-01,FR,PSPP,517047
2023-10-01,FR,PSPP,505617
2023-11-01,FR,PSPP,504377
2023-12-01,FR,PSPP,504177
2024-01-01,FR,PSPP,503026
2024-02-01,FR,PSPP,499121
2024-03-01,FR,PSPP,490831
2024-04-01,FR,PSPP,490360
2024-05-01,FR,PSPP,478806
2024-06-01,FR,PSPP,478517
2024-07-01,FR,PSPP,472355
2024-08-01,FR,PSPP,472326
2024-09-01,FR,PSPP,472121
2024-10-01,FR,PSPP,471766
2024-11-01,FR,PSPP,458053
2024-12-01,FR,PSPP,457952
2025-01-01,FR,PSPP,457700
2025-02-01,FR,PSPP,453178
2025-03-01,FR,PSPP,436436
2025-04-01,FR,PSPP,436033
2025-05-01,FR,PSPP,422654
2025-06-01,FR,PSPP,422550
2025-07-01,FR,PSPP,422463
2025-08-01,FR,PSPP,422449
2025-09-01,FR,PSPP,422345
2025-10-01,FR,PSPP,413863
2025-11-01,FR,PSPP,402462
2025-12-01,FR,PSPP,401149
2026-01-01,FR,PSPP,401149
2026-02-01,FR,PSPP,386796
2026-03-01,FR,PSPP,384255
2026-04-01,FR,PSPP,375505
2026-05-01,FR,PSPP,360949
2026-06-01,FR,PSPP,360715
2026-07-01,FR,PSPP,360233
2026-08-01,FR,PSPP,360233
2015-03-01,IE,PSPP,722
2015-04-01,IE,PSPP,1457
2015-05-01,IE,PSPP,2232
2015-06-01,IE,PSPP,3016
2015-07-01,IE,PSPP,3787
2015-08-01,IE,PSPP,4426
2015-09-01,IE,PSPP,5250
2015-10-01,IE,PSPP,6059
2015-11-01,IE,PSPP,6899
2015-12-01,IE,PSPP,7583
2016-01-01,IE,PSPP,8365
2016-02-01,IE,PSPP,9168
2016-03-01,IE,PSPP,9976
2016-04-01,IE,PSPP,11054
2016-05-01,IE,PSPP,12166
2016-06-01,IE,PSPP,13251
2016-07-01,IE,PSPP,14237
2016-08-01,IE,PSPP,14934
2016-09-01,IE,PSPP,15916
2016-10-01,IE,PSPP,16938
2016-11-01,IE,PSPP,17917
2016-12-01,IE,PSPP,18565
2017-01-01,IE,PSPP,19112
2017-02-01,IE,PSPP,19669
2017-03-01,IE,PSPP,20234
2017-04-01,IE,PSPP,20756
2017-05-01,IE,PSPP,21272
2017-06-01,IE,PSPP,21790
2017-07-01,IE,PSPP,22389
2017-08-01,IE,PSPP,22877
2017-09-01,IE,PSPP,23454
2017-10-01,IE,PSPP,23422
2017-11-01,IE,PSPP,24593
2017-12-01,IE,PSPP,25284
2018-01-01,IE,PSPP,25691
2018-02-01,IE,PSPP,26122
2018-03-01,IE,PSPP,26532
2018-04-01,IE,PSPP,27099
2018-05-01,IE,PSPP,27617
2018-06-01,IE,PSPP,28182
2018-07-01,IE,PSPP,28758
2018-08-01,IE,PSPP,29270
2018-09-01,IE,PSPP,29612
2018-10-01,IE,PSPP,29782
2018-11-01,IE,PSPP,29922
2018-12-01,IE,PSPP,30135
2019-01-01,IE,PSPP,30339
2019-02-01,IE,PSPP,30530
2019-03-01,IE,PSPP,30722
2019-04-01,IE,PSPP,30912
2019-05-01,IE,PSPP,31097
2019-06-01,IE,PSPP,31271
2019-07-01,IE,PSPP,31454
2019-08-01,IE,PSPP,31615
2019-09-01,IE,PSPP,31790
2019-10-01,IE,PSPP,31794
2019-11-01,IE,PSPP,32224
2019-12-01,IE,PSPP,32726
2020-01-01,IE,PSPP,33397
2020-02-01,IE,PSPP,33833
2020-03-01,IE,PSPP,34477
2020-04-01,IE,PSPP,33328
2020-05-01,IE,PSPP,33786
2020-06-01,IE,PSPP,34249
2020-07-01,IE,PSPP,34975
2020-08-01,IE,PSPP,35307
2020-09-01,IE,PSPP,36015
2020-10-01,IE,PSPP,36265
2020-11-01,IE,PSPP,37001
2020-12-01,IE,PSPP,37526
2021-01-01,IE,PSPP,37861
2021-02-01,IE,PSPP,38175
2021-03-01,IE,PSPP,38567
2021-04-01,IE,PSPP,38885
2021-05-01,IE,PSPP,39122
2021-06-01,IE,PSPP,39430
2021-07-01,IE,PSPP,39699
2021-08-01,IE,PSPP,39929
2021-09-01,IE,PSPP,40259
2021-10-01,IE,PSPP,40507
2021-11-01,IE,PSPP,40776
2021-12-01,IE,PSPP,41034
2022-01-01,IE,PSPP,41712
2022-02-01,IE,PSPP,41968
2022-03-01,IE,PSPP,40204
2022-04-01,IE,PSPP,41337
2022-05-01,IE,PSPP,41982
2022-06-01,IE,PSPP,42422
2022-07-01,IE,PSPP,42839
2022-08-01,IE,PSPP,42968
2022-09-01,IE,PSPP,43586
2022-10-01,IE,PSPP,42480
2022-11-01,IE,PSPP,42711
2022-12-01,IE,PSPP,42928
2023-01-01,IE,PSPP,43115
2023-02-01,IE,PSPP,43259
2023-03-01,IE,PSPP,41174
2023-04-01,IE,PSPP,41272
2023-05-01,IE,PSPP,41421
2023-06-01,IE,PSPP,41477
2023-07-01,IE,PSPP,41477
2023-08-01,IE,PSPP,41477
2023-09-01,IE,PSPP,41477
2023-10-01,IE,PSPP,41477
2023-11-01,IE,PSPP,41477
2023-12-01,IE,PSPP,41477
2024-01-01,IE,PSPP,41477
2024-02-01,IE,PSPP,41477
2024-03-01,IE,PSPP,38984
2024-04-01,IE,PSPP,38984
2024-05-01,IE,PSPP,38984
2024-06-01,IE,PSPP,38984
2024-07-01,IE,PSPP,38984
2024-08-01,IE,PSPP,38984
2024-09-01,IE,PSPP,38984
2024-10-01,IE,PSPP,38984
2024-11-01,IE,PSPP,38984
2024-12-01,IE,PSPP,38984
2025-01-01,IE,PSPP,38984
2025-02-01,IE,PSPP,38984
2025-03-01,IE,PSPP,36191
2025-04-01,IE,PSPP,36191
2025-05-01,IE,PSPP,36191
2025-06-01,IE,PSPP,36191
2025-07-01,IE,PSPP,36191
2025-08-01,IE,PSPP,36191
2025-09-01,IE,PSPP,36191
2025-10-01,IE,PSPP,36191
2025-11-01,IE,PSPP,36191
2025-12-01,IE,PSPP,36191
2026-01-01,IE,PSPP,36191
2026-02-01,IE,PSPP,36191
2026-03-01,IE,PSPP,36191
2026-04-01,IE,PSPP,36191
2026-05-01,IE,PSPP,32446
2026-06-01,IE,PSPP,32446
2026-07-01,IE,PSPP,32446
2026-08-01,IE,PSPP,32446
2015-03-01,IT,PSPP,7609
2015-04-01,IT,PSPP,15194
2015-05-01,IT,PSPP,23422
2015-06-01,IT,PSPP,31586
2015-07-01,IT,PSPP,39834
2015-08-01,IT,PSPP,46553
2015-09-01,IT,PSPP,54787
2015-10-01,IT,PSPP,63152
2015-11-01,IT,PSPP,72028
2015-12-01,IT,PSPP,79209
2016-01-01,IT,PSPP,87768
2016-02-01,IT,PSPP,96267
2016-03-01,IT,PSPP,104797
2016-04-01,IT,PSPP,117795
2016-05-01,IT,PSPP,131237
2016-06-01,IT,PSPP,144009
2016-07-01,IT,PSPP,155876
2016-08-01,IT,PSPP,164352
2016-09-01,IT,PSPP,176160
2016-10-01,IT,PSPP,188483
2016-11-01,IT,PSPP,200190
2016-12-01,IT,PSPP,209607
2017-01-01,IT,PSPP,221909
2017-02-01,IT,PSPP,233694
2017-03-01,IT,PSPP,245584
2017-04-01,IT,PSPP,255345
2017-05-01,IT,PSPP,264764
2017-06-01,IT,PSPP,274087
2017-07-01,IT,PSPP,283710
2017-08-01,IT,PSPP,291367
2017-09-01,IT,PSPP,300571
2017-10-01,IT,PSPP,309692
2017-11-01,IT,PSPP,318769
2017-12-01,IT,PSPP,326727
2018-01-01,IT,PSPP,330148
2018-02-01,IT,PSPP,333786
2018-03-01,IT,PSPP,337208
2018-04-01,IT,PSPP,341179
2018-05-01,IT,PSPP,344788
2018-06-01,IT,PSPP,348736
2018-07-01,IT,PSPP,352805
2018-08-01,IT,PSPP,356403
2018-09-01,IT,PSPP,360033
2018-10-01,IT,PSPP,361786
2018-11-01,IT,PSPP,363220
2018-12-01,IT,PSPP,365354
2019-01-01,IT,PSPP,368687
2019-02-01,IT,PSPP,368948
2019-03-01,IT,PSPP,370478
2019-04-01,IT,PSPP,370418
2019-05-01,IT,PSPP,366487
2019-06-01,IT,PSPP,367172
2019-07-01,IT,PSPP,369242
2019-08-01,IT,PSPP,366826
2019-09-01,IT,PSPP,365814
2019-10-01,IT,PSPP,362829
2019-11-01,IT,PSPP,363821
2019-12-01,IT,PSPP,363788
2020-01-01,IT,PSPP,368340
2020-02-01,IT,PSPP,370606
2020-03-01,IT,PSPP,382461
2020-04-01,IT,PSPP,393380
2020-05-01,IT,PSPP,396233
2020-06-01,IT,PSPP,398560
2020-07-01,IT,PSPP,406436
2020-08-01,IT,PSPP,408163
2020-09-01,IT,PSPP,411405
2020-10-01,IT,PSPP,413444
2020-11-01,IT,PSPP,411971
2020-12-01,IT,PSPP,411198
2021-01-01,IT,PSPP,414990
2021-02-01,IT,PSPP,418790
2021-03-01,IT,PSPP,421581
2021-04-01,IT,PSPP,424762
2021-05-01,IT,PSPP,425347
2021-06-01,IT,PSPP,421649
2021-07-01,IT,PSPP,427358
2021-08-01,IT,PSPP,426749
2021-09-01,IT,PSPP,430516
2021-10-01,IT,PSPP,433577
2021-11-01,IT,PSPP,429794
2021-12-01,IT,PSPP,429415
2022-01-01,IT,PSPP,435606
2022-02-01,IT,PSPP,437654
2022-03-01,IT,PSPP,441027
2022-04-01,IT,PSPP,442390
2022-05-01,IT,PSPP,447878
2022-06-01,IT,PSPP,447981
2022-07-01,IT,PSPP,450237
2022-08-01,IT,PSPP,447493
2022-09-01,IT,PSPP,443161
2022-10-01,IT,PSPP,448666
2022-11-01,IT,PSPP,445699
2022-12-01,IT,PSPP,443560
2023-01-01,IT,PSPP,442578
2023-02-01,IT,PSPP,444893
2023-03-01,IT,PSPP,441881
2023-04-01,IT,PSPP,442302
2023-05-01,IT,PSPP,441942
2023-06-01,IT,PSPP,439781
2023-07-01,IT,PSPP,435899
2023-08-01,IT,PSPP,427711
2023-09-01,IT,PSPP,423936
2023-10-01,IT,PSPP,416584
2023-11-01,IT,PSPP,413940
2023-12-01,IT,PSPP,413400
2024-01-01,IT,PSPP,409805
2024-02-01,IT,PSPP,405392
2024-03-01,IT,PSPP,399692
2024-04-01,IT,PSPP,396202
2024-05-01,IT,PSPP,390282
2024-06-01,IT,PSPP,390037
2024-07-01,IT,PSPP,386095
2024-08-01,IT,PSPP,383482
2024-09-01,IT,PSPP,373953
2024-10-01,IT,PSPP,369848
2024-11-01,IT,PSPP,365218
2024-12-01,IT,PSPP,357787
2025-01-01,IT,PSPP,355566
2025-02-01,IT,PSPP,350446
2025-03-01,IT,PSPP,344117
2025-04-01,IT,PSPP,341858
2025-05-01,IT,PSPP,338798
2025-06-01,IT,PSPP,332214
2025-07-01,IT,PSPP,327949
2025-08-01,IT,PSPP,324797
2025-09-01,IT,PSPP,322547
2025-10-01,IT,PSPP,322547
2025-11-01,IT,PSPP,318265
2025-12-01,IT,PSPP,312202
2026-01-01,IT,PSPP,310968
2026-02-01,IT,PSPP,306487
2026-03-01,IT,PSPP,300771
2026-04-01,IT,PSPP,295961
2026-05-01,IT,PSPP,295865
2026-06-01,IT,PSPP,289443
2026-07-01,IT,PSPP,285817
2026-08-01,IT,PSPP,282860
2015-03-01,LT,PSPP,39
2015-04-01,LT,PSPP,122
2015-05-01,LT,PSPP,245
2015-06-01,LT,PSPP,378
2015-07-01,LT,PSPP,504
2015-08-01,LT,PSPP,647
2015-09-01,LT,PSPP,772
2015-10-01,LT,PSPP,886
2015-11-01,LT,PSPP,1003
2015-12-01,LT,PSPP,1107
2016-01-01,LT,PSPP,1216
2016-02-01,LT,PSPP,1325
2016-03-01,LT,PSPP,1450
2016-04-01,LT,PSPP,1554
2016-05-01,LT,PSPP,1667
2016-06-01,LT,PSPP,1772
2016-07-01,LT,PSPP,1844
2016-08-01,LT,PSPP,1892
2016-09-01,LT,PSPP,1965
2016-10-01,LT,PSPP,2090
2016-11-01,LT,PSPP,2189
2016-12-01,LT,PSPP,2264
2017-01-01,LT,PSPP,2334
2017-02-01,LT,PSPP,2399
2017-03-01,LT,PSPP,2474
2017-04-01,LT,PSPP,2531
2017-05-01,LT,PSPP,2583
2017-06-01,LT,PSPP,2621
2017-07-01,LT,PSPP,2680
2017-08-01,LT,PSPP,2684
2017-09-01,LT,PSPP,2713
2017-10-01,LT,PSPP,2773
2017-11-01,LT,PSPP,2842
2017-12-01,LT,PSPP,2904
2018-01-01,LT,PSPP,2976
2018-02-01,LT,PSPP,2775
2018-03-01,LT,PSPP,2778
2018-04-01,LT,PSPP,2820
2018-05-01,LT,PSPP,2795
2018-06-01,LT,PSPP,2856
2018-07-01,LT,PSPP,2898
2018-08-01,LT,PSPP,2939
2018-09-01,LT,PSPP,3102
2018-10-01,LT,PSPP,3115
2018-11-01,LT,PSPP,3143
2018-12-01,LT,PSPP,3164
2019-01-01,LT,PSPP,3186
2019-02-01,LT,PSPP,3197
2019-03-01,LT,PSPP,3211
2019-04-01,LT,PSPP,3170
2019-05-01,LT,PSPP,3211
2019-06-01,LT,PSPP,3212
2019-07-01,LT,PSPP,3326
2019-08-01,LT,PSPP,3345
2019-09-01,LT,PSPP,3475
2019-10-01,LT,PSPP,3556
2019-11-01,LT,PSPP,3632
2019-12-01,LT,PSPP,3705
2020-01-01,LT,PSPP,3778
2020-02-01,LT,PSPP,3814
2020-03-01,LT,PSPP,3839
2020-04-01,LT,PSPP,3904
2020-05-01,LT,PSPP,3873
2020-06-01,LT,PSPP,3937
2020-07-01,LT,PSPP,4083
2020-08-01,LT,PSPP,4177
2020-09-01,LT,PSPP,4301
2020-10-01,LT,PSPP,4368
2020-11-01,LT,PSPP,4475
2020-12-01,LT,PSPP,4590
2021-01-01,LT,PSPP,4693
2021-02-01,LT,PSPP,4686
2021-03-01,LT,PSPP,4796
2021-04-01,LT,PSPP,4930
2021-05-01,LT,PSPP,4924
2021-06-01,LT,PSPP,5042
2021-07-01,LT,PSPP,5159
2021-08-01,LT,PSPP,5136
2021-09-01,LT,PSPP,5261
2021-10-01,LT,PSPP,5348
2021-11-01,LT,PSPP,5425
2021-12-01,LT,PSPP,5497
2022-01-01,LT,PSPP,5599
2022-02-01,LT,PSPP,5653
2022-03-01,LT,PSPP,5643
2022-04-01,LT,PSPP,5789
2022-05-01,LT,PSPP,5794
2022-06-01,LT,PSPP,5885
2022-07-01,LT,PSPP,5937
2022-08-01,LT,PSPP,5971
2022-09-01,LT,PSPP,5919
2022-10-01,LT,PSPP,5968
2022-11-01,LT,PSPP,5996
2022-12-01,LT,PSPP,6025
2023-01-01,LT,PSPP,6114
2023-02-01,LT,PSPP,6158
2023-03-01,LT,PSPP,6176
2023-04-01,LT,PSPP,6159
2023-05-01,LT,PSPP,6173
2023-06-01,LT,PSPP,6122
2023-07-01,LT,PSPP,6122
2023-08-01,LT,PSPP,6022
2023-09-01,LT,PSPP,6022
2023-10-01,LT,PSPP,6022
2023-11-01,LT,PSPP,6022
2023-12-01,LT,PSPP,6022
2024-01-01,LT,PSPP,5794
2024-02-01,LT,PSPP,5794
2024-03-01,LT,PSPP,5794
2024-04-01,LT,PSPP,5635
2024-05-01,LT,PSPP,5635
2024-06-01,LT,PSPP,5411
2024-07-01,LT,PSPP,5411
2024-08-01,LT,PSPP,5304
2024-09-01,LT,PSPP,5304
2024-10-01,LT,PSPP,5304
2024-11-01,LT,PSPP,5218
2024-12-01,LT,PSPP,5218
2025-01-01,LT,PSPP,5218
2025-02-01,LT,PSPP,5218
2025-03-01,LT,PSPP,5218
2025-04-01,LT,PSPP,5218
2025-05-01,LT,PSPP,4930
2025-06-01,LT,PSPP,4930
2025-07-01,LT,PSPP,4930
2025-08-01,LT,PSPP,4885
2025-09-01,LT,PSPP,4881
2025-10-01,LT,PSPP,4637
2025-11-01,LT,PSPP,4530
2025-12-01,LT,PSPP,4530
2026-01-01,LT,PSPP,4413
2026-02-01,LT,PSPP,4413
2026-03-01,LT,PSPP,4413
2026-04-01,LT,PSPP,4413
2026-05-01,LT,PSPP,4413
2026-06-01,LT,PSPP,4268
2026-07-01,LT,PSPP,4268
2026-08-01,LT,PSPP,4268
2015-03-01,LU,PSPP,183
2015-04-01,LU,PSPP,388
2015-05-01,LU,PSPP,472
2015-06-01,LU,PSPP,733
2015-07-01,LU,PSPP,813
2015-08-01,LU,PSPP,899
2015-09-01,LU,PSPP,1037
2015-10-01,LU,PSPP,1043
2015-11-01,LU,PSPP,1073
2015-12-01,LU,PSPP,1115
2016-01-01,LU,PSPP,1284
2016-02-01,LU,PSPP,1394
2016-03-01,LU,PSPP,1538
2016-04-01,LU,PSPP,1573
2016-05-01,LU,PSPP,1589
2016-06-01,LU,PSPP,1615
2016-07-01,LU,PSPP,1621
2016-08-01,LU,PSPP,1621
2016-09-01,LU,PSPP,1631
2016-10-01,LU,PSPP,1634
2016-11-01,LU,PSPP,1709
2016-12-01,LU,PSPP,1743
2017-01-01,LU,PSPP,1753
2017-02-01,LU,PSPP,1827
2017-03-01,LU,PSPP,1894
2017-04-01,LU,PSPP,1943
2017-05-01,LU,PSPP,2024
2017-06-01,LU,PSPP,2080
2017-07-01,LU,PSPP,2141
2017-08-01,LU,PSPP,2188
2017-09-01,LU,PSPP,2243
2017-10-01,LU,PSPP,2282
2017-11-01,LU,PSPP,2312
2017-12-01,LU,PSPP,2385
2018-01-01,LU,PSPP,2412
2018-02-01,LU,PSPP,2437
2018-03-01,LU,PSPP,2464
2018-04-01,LU,PSPP,2504
2018-05-01,LU,PSPP,2515
2018-06-01,LU,PSPP,2520
2018-07-01,LU,PSPP,2526
2018-08-01,LU,PSPP,2572
2018-09-01,LU,PSPP,2594
2018-10-01,LU,PSPP,2598
2018-11-01,LU,PSPP,2606
2018-12-01,LU,PSPP,2613
2019-01-01,LU,PSPP,2615
2019-02-01,LU,PSPP,2617
2019-03-01,LU,PSPP,2619
2019-04-01,LU,PSPP,2626
2019-05-01,LU,PSPP,2628
2019-06-01,LU,PSPP,2629
2019-07-01,LU,PSPP,2646
2019-08-01,LU,PSPP,2649
2019-09-01,LU,PSPP,2673
2019-10-01,LU,PSPP,2677
2019-11-01,LU,PSPP,2708
2019-12-01,LU,PSPP,2720
2020-01-01,LU,PSPP,2800
2020-02-01,LU,PSPP,2820
2020-03-01,LU,PSPP,2867
2020-04-01,LU,PSPP,2961
2020-05-01,LU,PSPP,2354
2020-06-01,LU,PSPP,2396
2020-07-01,LU,PSPP,2463
2020-08-01,LU,PSPP,2523
2020-09-01,LU,PSPP,2648
2020-10-01,LU,PSPP,2775
2020-11-01,LU,PSPP,2906
2020-12-01,LU,PSPP,2989
2021-01-01,LU,PSPP,3093
2021-02-01,LU,PSPP,3166
2021-03-01,LU,PSPP,3232
2021-04-01,LU,PSPP,3304
2021-05-01,LU,PSPP,3359
2021-06-01,LU,PSPP,3430
2021-07-01,LU,PSPP,3516
2021-08-01,LU,PSPP,3590
2021-09-01,LU,PSPP,3722
2021-10-01,LU,PSPP,3780
2021-11-01,LU,PSPP,3817
2021-12-01,LU,PSPP,3872
2022-01-01,LU,PSPP,3902
2022-02-01,LU,PSPP,3947
2022-03-01,LU,PSPP,3637
2022-04-01,LU,PSPP,3683
2022-05-01,LU,PSPP,3721
2022-06-01,LU,PSPP,3780
2022-07-01,LU,PSPP,3838
2022-08-01,LU,PSPP,3867
2022-09-01,LU,PSPP,3904
2022-10-01,LU,PSPP,3916
2022-11-01,LU,PSPP,3945
2022-12-01,LU,PSPP,3950
2023-01-01,LU,PSPP,3999
2023-02-01,LU,PSPP,4042
2023-03-01,LU,PSPP,4075
2023-04-01,LU,PSPP,4095
2023-05-01,LU,PSPP,4125
2023-06-01,LU,PSPP,4137
2023-07-01,LU,PSPP,3568
2023-08-01,LU,PSPP,3568
2023-09-01,LU,PSPP,3568
2023-10-01,LU,PSPP,3568
2023-11-01,LU,PSPP,3568
2023-12-01,LU,PSPP,3568
2024-01-01,LU,PSPP,3568
2024-02-01,LU,PSPP,3568
2024-03-01,LU,PSPP,3568
2024-04-01,LU,PSPP,3568
2024-05-01,LU,PSPP,3568
2024-06-01,LU,PSPP,3568
2024-07-01,LU,PSPP,3568
2024-08-01,LU,PSPP,3568
2024-09-01,LU,PSPP,3568
2024-10-01,LU,PSPP,3568
2024-11-01,LU,PSPP,3568
2024-12-01,LU,PSPP,3568
2025-01-01,LU,PSPP,3568
2025-02-01,LU,PSPP,3568
2025-03-01,LU,PSPP,3568
2025-04-01,LU,PSPP,3405
2025-05-01,LU,PSPP,3405
2025-06-01,LU,PSPP,3405
2025-07-01,LU,PSPP,3405
2025-08-01,LU,PSPP,3405
2025-09-01,LU,PSPP,3405
2025-10-01,LU,PSPP,3405
2025-11-01,LU,PSPP,3405
2025-12-01,LU,PSPP,3405
2026-01-01,LU,PSPP,3405
2026-02-01,LU,PSPP,3405
2026-03-01,LU,PSPP,3405
2026-04-01,LU,PSPP,3405
2026-05-01,LU,PSPP,3405
2026-06-01,LU,PSPP,3405
2026-07-01,LU,PSPP,3405
2026-08-01,LU,PSPP,3405
2015-03-01,LV,PSPP,75
2015-04-01,LV,PSPP,252
2015-05-01,LV,PSPP,457
2015-06-01,LV,PSPP,503
2015-07-01,LV,PSPP,525
2015-08-01,LV,PSPP,548
2015-09-01,LV,PSPP,567
2015-10-01,LV,PSPP,630
2015-11-01,LV,PSPP,661
2015-12-01,LV,PSPP,684
2016-01-01,LV,PSPP,725
2016-02-01,LV,PSPP,755
2016-03-01,LV,PSPP,799
2016-04-01,LV,PSPP,875
2016-05-01,LV,PSPP,933
2016-06-01,LV,PSPP,1023
2016-07-01,LV,PSPP,1050
2016-08-01,LV,PSPP,1122
2016-09-01,LV,PSPP,1167
2016-10-01,LV,PSPP,1257
2016-11-01,LV,PSPP,1296
2016-12-01,LV,PSPP,1312
2017-01-01,LV,PSPP,1351
2017-02-01,LV,PSPP,1407
2017-03-01,LV,PSPP,1472
2017-04-01,LV,PSPP,1515
2017-05-01,LV,PSPP,1542
2017-06-01,LV,PSPP,1578
2017-07-01,LV,PSPP,1606
2017-08-01,LV,PSPP,1631
2017-09-01,LV,PSPP,1658
2017-10-01,LV,PSPP,1706
2017-11-01,LV,PSPP,1735
2017-12-01,LV,PSPP,1742
2018-01-01,LV,PSPP,1796
2018-02-01,LV,PSPP,1843
2018-03-01,LV,PSPP,1784
2018-04-01,LV,PSPP,1813
2018-05-01,LV,PSPP,1852
2018-06-01,LV,PSPP,1915
2018-07-01,LV,PSPP,1956
2018-08-01,LV,PSPP,1989
2018-09-01,LV,PSPP,2011
2018-10-01,LV,PSPP,2055
2018-11-01,LV,PSPP,2063
2018-12-01,LV,PSPP,2075
2019-01-01,LV,PSPP,2081
2019-02-01,LV,PSPP,2067
2019-03-01,LV,PSPP,2071
2019-04-01,LV,PSPP,2105
2019-05-01,LV,PSPP,2133
2019-06-01,LV,PSPP,2163
2019-07-01,LV,PSPP,2197
2019-08-01,LV,PSPP,2224
2019-09-01,LV,PSPP,2256
2019-10-01,LV,PSPP,2304
2019-11-01,LV,PSPP,2314
2019-12-01,LV,PSPP,2357
2020-01-01,LV,PSPP,2392
2020-02-01,LV,PSPP,2414
2020-03-01,LV,PSPP,2481
2020-04-01,LV,PSPP,2542
2020-05-01,LV,PSPP,2583
2020-06-01,LV,PSPP,2592
2020-07-01,LV,PSPP,2721
2020-08-01,LV,PSPP,2756
2020-09-01,LV,PSPP,2785
2020-10-01,LV,PSPP,2847
2020-11-01,LV,PSPP,2900
2020-12-01,LV,PSPP,2798
2021-01-01,LV,PSPP,2519
2021-02-01,LV,PSPP,2594
2021-03-01,LV,PSPP,2701
2021-04-01,LV,PSPP,2803
2021-05-01,LV,PSPP,2877
2021-06-01,LV,PSPP,2954
2021-07-01,LV,PSPP,3000
2021-08-01,LV,PSPP,3017
2021-09-01,LV,PSPP,3097
2021-10-01,LV,PSPP,3186
2021-11-01,LV,PSPP,3276
2021-12-01,LV,PSPP,3338
2022-01-01,LV,PSPP,3381
2022-02-01,LV,PSPP,3435
2022-03-01,LV,PSPP,3523
2022-04-01,LV,PSPP,3656
2022-05-01,LV,PSPP,3746
2022-06-01,LV,PSPP,3766
2022-07-01,LV,PSPP,3766
2022-08-01,LV,PSPP,3807
2022-09-01,LV,PSPP,3857
2022-10-01,LV,PSPP,3873
2022-11-01,LV,PSPP,3895
2022-12-01,LV,PSPP,3929
2023-01-01,LV,PSPP,3978
2023-02-01,LV,PSPP,4020
2023-03-01,LV,PSPP,4044
2023-04-01,LV,PSPP,3875
2023-05-01,LV,PSPP,3824
2023-06-01,LV,PSPP,3831
2023-07-01,LV,PSPP,3831
2023-08-01,LV,PSPP,3831
2023-09-01,LV,PSPP,3831
2023-10-01,LV,PSPP,3831
2023-11-01,LV,PSPP,3804
2023-12-01,LV,PSPP,3804
2024-01-01,LV,PSPP,3804
2024-02-01,LV,PSPP,3804
2024-03-01,LV,PSPP,3804
2024-04-01,LV,PSPP,3446
2024-05-01,LV,PSPP,3446
2024-06-01,LV,PSPP,3446
2024-07-01,LV,PSPP,3446
2024-08-01,LV,PSPP,3446
2024-09-01,LV,PSPP,3446
2024-10-01,LV,PSPP,3446
2024-11-01,LV,PSPP,3446
2024-12-01,LV,PSPP,3446
2025-01-01,LV,PSPP,3421
2025-02-01,LV,PSPP,3421
2025-03-01,LV,PSPP,3421
2025-04-01,LV,PSPP,3421
2025-05-01,LV,PSPP,3421
2025-06-01,LV,PSPP,3421
2025-07-01,LV,PSPP,3421
2025-08-01,LV,PSPP,3421
2025-09-01,LV,PSPP,3064
2025-10-01,LV,PSPP,3064
2025-11-01,LV,PSPP,3064
2025-12-01,LV,PSPP,3064
2026-01-01,LV,PSPP,3064
2026-02-01,LV,PSPP,3064
2026-03-01,LV,PSPP,3064
2026-04-01,LV,PSPP,3064
2026-05-01,LV,PSPP,3064
2026-06-01,LV,PSPP,3064
2026-07-01,LV,PSPP,3064
2026-08-01,LV,PSPP,3064
2015-03-01,MT,PSPP,5
2015-04-01,MT,PSPP,58
2015-05-01,MT,PSPP,143
2015-06-01,MT,PSPP,209
2015-07-01,MT,PSPP,233
2015-08-01,MT,PSPP,244
2015-09-01,MT,PSPP,262
2015-10-01,MT,PSPP,273
2015-11-01,MT,PSPP,275
2015-12-01,MT,PSPP,282
2016-01-01,MT,PSPP,342
2016-02-01,MT,PSPP,363
2016-03-01,MT,PSPP,423
2016-04-01,MT,PSPP,483
2016-05-01,MT,PSPP,549
2016-06-01,MT,PSPP,586
2016-07-01,MT,PSPP,598
2016-08-01,MT,PSPP,609
2016-09-01,MT,PSPP,616
2016-10-01,MT,PSPP,653
2016-11-01,MT,PSPP,752
2016-12-01,MT,PSPP,807
2017-01-01,MT,PSPP,836
2017-02-01,MT,PSPP,885
2017-03-01,MT,PSPP,915
2017-04-01,MT,PSPP,927
2017-05-01,MT,PSPP,940
2017-06-01,MT,PSPP,956
2017-07-01,MT,PSPP,967
2017-08-01,MT,PSPP,994
2017-09-01,MT,PSPP,1015
2017-10-01,MT,PSPP,1030
2017-11-01,MT,PSPP,1006
2017-12-01,MT,PSPP,1027
2018-01-01,MT,PSPP,1034
2018-02-01,MT,PSPP,1039
2018-03-01,MT,PSPP,1070
2018-04-01,MT,PSPP,1074
2018-05-01,MT,PSPP,1091
2018-06-01,MT,PSPP,1108
2018-07-01,MT,PSPP,1097
2018-08-01,MT,PSPP,1105
2018-09-01,MT,PSPP,1107
2018-10-01,MT,PSPP,1134
2018-11-01,MT,PSPP,1152
2018-12-01,MT,PSPP,1154
2019-01-01,MT,PSPP,1157
2019-02-01,MT,PSPP,1158
2019-03-01,MT,PSPP,1165
2019-04-01,MT,PSPP,1166
2019-05-01,MT,PSPP,1166
2019-06-01,MT,PSPP,1183
2019-07-01,MT,PSPP,1174
2019-08-01,MT,PSPP,1183
2019-09-01,MT,PSPP,1141
2019-10-01,MT,PSPP,1149
2019-11-01,MT,PSPP,1151
2019-12-01,MT,PSPP,1153
2020-01-01,MT,PSPP,1153
2020-02-01,MT,PSPP,1169
2020-03-01,MT,PSPP,1185
2020-04-01,MT,PSPP,1174
2020-05-01,MT,PSPP,1197
2020-06-01,MT,PSPP,1189
2020-07-01,MT,PSPP,1189
2020-08-01,MT,PSPP,1191
2020-09-01,MT,PSPP,1203
2020-10-01,MT,PSPP,1203
2020-11-01,MT,PSPP,1214
2020-12-01,MT,PSPP,1214
2021-01-01,MT,PSPP,1214
2021-02-01,MT,PSPP,1221
2021-03-01,MT,PSPP,1225
2021-04-01,MT,PSPP,1229
2021-05-01,MT,PSPP,1258
2021-06-01,MT,PSPP,1258
2021-07-01,MT,PSPP,1296
2021-08-01,MT,PSPP,1221
2021-09-01,MT,PSPP,1233
2021-10-01,MT,PSPP,1267
2021-11-01,MT,PSPP,1309
2021-12-01,MT,PSPP,1361
2022-01-01,MT,PSPP,1361
2022-02-01,MT,PSPP,1373
2022-03-01,MT,PSPP,1402
2022-04-01,MT,PSPP,1410
2022-05-01,MT,PSPP,1402
2022-06-01,MT,PSPP,1413
2022-07-01,MT,PSPP,1418
2022-08-01,MT,PSPP,1410
2022-09-01,MT,PSPP,1416
2022-10-01,MT,PSPP,1422
2022-11-01,MT,PSPP,1431
2022-12-01,MT,PSPP,1433
2023-01-01,MT,PSPP,1444
2023-02-01,MT,PSPP,1447
2023-03-01,MT,PSPP,1449
2023-04-01,MT,PSPP,1450
2023-05-01,MT,PSPP,1449
2023-06-01,MT,PSPP,1450
2023-07-01,MT,PSPP,1441
2023-08-01,MT,PSPP,1441
2023-09-01,MT,PSPP,1441
2023-10-01,MT,PSPP,1441
2023-11-01,MT,PSPP,1426
2023-12-01,MT,PSPP,1426
2024-01-01,MT,PSPP,1426
2024-02-01,MT,PSPP,1426
2024-03-01,MT,PSPP,1426
2024-04-01,MT,PSPP,1426
2024-05-01,MT,PSPP,1426
2024-06-01,MT,PSPP,1426
2024-07-01,MT,PSPP,1411
2024-08-01,MT,PSPP,1411
2024-09-01,MT,PSPP,1411
2024-10-01,MT,PSPP,1392
2024-11-01,MT,PSPP,1386
2024-12-01,MT,PSPP,1386
2025-01-01,MT,PSPP,1386
2025-02-01,MT,PSPP,1386
2025-03-01,MT,PSPP,1386
2025-04-01,MT,PSPP,1386
2025-05-01,MT,PSPP,1386
2025-06-01,MT,PSPP,1386
2025-07-01,MT,PSPP,1373
2025-08-01,MT,PSPP,1373
2025-09-01,MT,PSPP,1373
2025-10-01,MT,PSPP,1373
2025-11-01,MT,PSPP,1336
2025-12-01,MT,PSPP,1336
2026-01-01,MT,PSPP,1336
2026-02-01,MT,PSPP,1336
2026-03-01,MT,PSPP,1336
2026-04-01,MT,PSPP,1336
2026-05-01,MT,PSPP,1336
2026-06-01,MT,PSPP,1336
2026-07-01,MT,PSPP,1323
2026-08-01,MT,PSPP,1323
2015-03-01,NL,PSPP,2487
2015-04-01,NL,PSPP,5014
2015-05-01,NL,PSPP,7681
2015-06-01,NL,PSPP,10344
2015-07-01,NL,PSPP,13001
2015-08-01,NL,PSPP,15214
2015-09-01,NL,PSPP,17817
2015-10-01,NL,PSPP,20538
2015-11-01,NL,PSPP,23421
2015-12-01,NL,PSPP,25612
2016-01-01,NL,PSPP,28452
2016-02-01,NL,PSPP,31246
2016-03-01,NL,PSPP,34005
2016-04-01,NL,PSPP,38229
2016-05-01,NL,PSPP,42584
2016-06-01,NL,PSPP,46365
2016-07-01,NL,PSPP,50199
2016-08-01,NL,PSPP,53114
2016-09-01,NL,PSPP,56956
2016-10-01,NL,PSPP,60952
2016-11-01,NL,PSPP,64783
2016-12-01,NL,PSPP,67824
2017-01-01,NL,PSPP,71845
2017-02-01,NL,PSPP,75670
2017-03-01,NL,PSPP,79539
2017-04-01,NL,PSPP,82516
2017-05-01,NL,PSPP,85158
2017-06-01,NL,PSPP,87808
2017-07-01,NL,PSPP,90506
2017-08-01,NL,PSPP,92680
2017-09-01,NL,PSPP,95279
2017-10-01,NL,PSPP,97853
2017-11-01,NL,PSPP,100415
2017-12-01,NL,PSPP,102783
2018-01-01,NL,PSPP,103838
2018-02-01,NL,PSPP,104961
2018-03-01,NL,PSPP,106024
2018-04-01,NL,PSPP,107314
2018-05-01,NL,PSPP,108488
2018-06-01,NL,PSPP,109771
2018-07-01,NL,PSPP,110492
2018-08-01,NL,PSPP,111761
2018-09-01,NL,PSPP,113638
2018-10-01,NL,PSPP,114139
2018-11-01,NL,PSPP,114547
2018-12-01,NL,PSPP,115183
2019-01-01,NL,PSPP,112332
2019-02-01,NL,PSPP,112674
2019-03-01,NL,PSPP,112936
2019-04-01,NL,PSPP,113986
2019-05-01,NL,PSPP,114655
2019-06-01,NL,PSPP,114562
2019-07-01,NL,PSPP,111539
2019-08-01,NL,PSPP,111501
2019-09-01,NL,PSPP,112035
2019-10-01,NL,PSPP,113628
2019-11-01,NL,PSPP,114154
2019-12-01,NL,PSPP,114762
2020-01-01,NL,PSPP,110893
2020-02-01,NL,PSPP,111031
2020-03-01,NL,PSPP,111758
2020-04-01,NL,PSPP,113240
2020-05-01,NL,PSPP,114244
2020-06-01,NL,PSPP,115216
2020-07-01,NL,PSPP,112519
2020-08-01,NL,PSPP,112887
2020-09-01,NL,PSPP,114093
2020-10-01,NL,PSPP,115901
2020-11-01,NL,PSPP,117407
2020-12-01,NL,PSPP,118660
2021-01-01,NL,PSPP,119057
2021-02-01,NL,PSPP,119656
2021-03-01,NL,PSPP,120752
2021-04-01,NL,PSPP,122370
2021-05-01,NL,PSPP,123435
2021-06-01,NL,PSPP,124782
2021-07-01,NL,PSPP,121291
2021-08-01,NL,PSPP,121968
2021-09-01,NL,PSPP,123398
2021-10-01,NL,PSPP,124613
2021-11-01,NL,PSPP,125897
2021-12-01,NL,PSPP,126965
2022-01-01,NL,PSPP,123585
2022-02-01,NL,PSPP,124352
2022-03-01,NL,PSPP,125511
2022-04-01,NL,PSPP,129119
2022-05-01,NL,PSPP,131266
2022-06-01,NL,PSPP,132715
2022-07-01,NL,PSPP,129650
2022-08-01,NL,PSPP,129559
2022-09-01,NL,PSPP,131596
2022-10-01,NL,PSPP,132872
2022-11-01,NL,PSPP,133747
2022-12-01,NL,PSPP,134573
2023-01-01,NL,PSPP,131340
2023-02-01,NL,PSPP,131697
2023-03-01,NL,PSPP,132727
2023-04-01,NL,PSPP,132778
2023-05-01,NL,PSPP,133525
2023-06-01,NL,PSPP,133712
2023-07-01,NL,PSPP,127442
2023-08-01,NL,PSPP,127442
2023-09-01,NL,PSPP,127213
2023-10-01,NL,PSPP,127213
2023-11-01,NL,PSPP,127099
2023-12-01,NL,PSPP,127099
2024-01-01,NL,PSPP,121403
2024-02-01,NL,PSPP,121403
2024-03-01,NL,PSPP,121403
2024-04-01,NL,PSPP,121403
2024-05-01,NL,PSPP,121403
2024-06-01,NL,PSPP,120778
2024-07-01,NL,PSPP,115252
2024-08-01,NL,PSPP,115252
2024-09-01,NL,PSPP,114926
2024-10-01,NL,PSPP,114838
2024-11-01,NL,PSPP,114654
2024-12-01,NL,PSPP,114654
2025-01-01,NL,PSPP,114556
2025-02-01,NL,PSPP,114556
2025-03-01,NL,PSPP,114556
2025-04-01,NL,PSPP,113827
2025-05-01,NL,PSPP,113462
2025-06-01,NL,PSPP,113462
2025-07-01,NL,PSPP,107183
2025-08-01,NL,PSPP,107183
2025-09-01,NL,PSPP,106953
2025-10-01,NL,PSPP,106953
2025-11-01,NL,PSPP,106780
2025-12-01,NL,PSPP,106780
2026-01-01,NL,PSPP,103006
2026-02-01,NL,PSPP,103006
2026-03-01,NL,PSPP,103006
2026-04-01,NL,PSPP,102273
2026-05-01,NL,PSPP,102273
2026-06-01,NL,PSPP,102273
2026-07-01,NL,PSPP,96594
2026-08-01,NL,PSPP,96594
2015-03-01,PT,PSPP,1074
2015-04-01,PT,PSPP,2158
2015-05-01,PT,PSPP,3332
2015-06-01,PT,PSPP,4496
2015-07-01,PT,PSPP,5656
2015-08-01,PT,PSPP,6622
2015-09-01,PT,PSPP,7770
2015-10-01,PT,PSPP,8954
2015-11-01,PT,PSPP,10202
2015-12-01,PT,PSPP,11220
2016-01-01,PT,PSPP,12417
2016-02-01,PT,PSPP,13631
2016-03-01,PT,PSPP,14844
2016-04-01,PT,PSPP,16249
2016-05-01,PT,PSPP,17700
2016-06-01,PT,PSPP,19138
2016-07-01,PT,PSPP,20096
2016-08-01,PT,PSPP,20818
2016-09-01,PT,PSPP,21840
2016-10-01,PT,PSPP,22861
2016-11-01,PT,PSPP,23884
2016-12-01,PT,PSPP,24610
2017-01-01,PT,PSPP,25298
2017-02-01,PT,PSPP,25954
2017-03-01,PT,PSPP,26617
2017-04-01,PT,PSPP,27143
2017-05-01,PT,PSPP,27647
2017-06-01,PT,PSPP,28156
2017-07-01,PT,PSPP,28673
2017-08-01,PT,PSPP,29087
2017-09-01,PT,PSPP,29581
2017-10-01,PT,PSPP,30070
2017-11-01,PT,PSPP,30558
2017-12-01,PT,PSPP,31074
2018-01-01,PT,PSPP,31535
2018-02-01,PT,PSPP,32024
2018-03-01,PT,PSPP,32486
2018-04-01,PT,PSPP,33109
2018-05-01,PT,PSPP,33677
2018-06-01,PT,PSPP,34297
2018-07-01,PT,PSPP,34935
2018-08-01,PT,PSPP,35497
2018-09-01,PT,PSPP,36043
2018-10-01,PT,PSPP,36308
2018-11-01,PT,PSPP,36514
2018-12-01,PT,PSPP,36846
2019-01-01,PT,PSPP,37289
2019-02-01,PT,PSPP,37668
2019-03-01,PT,PSPP,38052
2019-04-01,PT,PSPP,38544
2019-05-01,PT,PSPP,38984
2019-06-01,PT,PSPP,38193
2019-07-01,PT,PSPP,38711
2019-08-01,PT,PSPP,39106
2019-09-01,PT,PSPP,39512
2019-10-01,PT,PSPP,40143
2019-11-01,PT,PSPP,40673
2019-12-01,PT,PSPP,41189
2020-01-01,PT,PSPP,41488
2020-02-01,PT,PSPP,41774
2020-03-01,PT,PSPP,42190
2020-04-01,PT,PSPP,42652
2020-05-01,PT,PSPP,43048
2020-06-01,PT,PSPP,43460
2020-07-01,PT,PSPP,43850
2020-08-01,PT,PSPP,44180
2020-09-01,PT,PSPP,44500
2020-10-01,PT,PSPP,44949
2020-11-01,PT,PSPP,45388
2020-12-01,PT,PSPP,45890
2021-01-01,PT,PSPP,46414
2021-02-01,PT,PSPP,46883
2021-03-01,PT,PSPP,47377
2021-04-01,PT,PSPP,46003
2021-05-01,PT,PSPP,46496
2021-06-01,PT,PSPP,47124
2021-07-01,PT,PSPP,47745
2021-08-01,PT,PSPP,48221
2021-09-01,PT,PSPP,49071
2021-10-01,PT,PSPP,49789
2021-11-01,PT,PSPP,50456
2021-12-01,PT,PSPP,51034
2022-01-01,PT,PSPP,51756
2022-02-01,PT,PSPP,52085
2022-03-01,PT,PSPP,52592
2022-04-01,PT,PSPP,53799
2022-05-01,PT,PSPP,54507
2022-06-01,PT,PSPP,54981
2022-07-01,PT,PSPP,55363
2022-08-01,PT,PSPP,55467
2022-09-01,PT,PSPP,55923
2022-10-01,PT,PSPP,53609
2022-11-01,PT,PSPP,53853
2022-12-01,PT,PSPP,53694
2023-01-01,PT,PSPP,54235
2023-02-01,PT,PSPP,54727
2023-03-01,PT,PSPP,54817
2023-04-01,PT,PSPP,55082
2023-05-01,PT,PSPP,55257
2023-06-01,PT,PSPP,55323
2023-07-01,PT,PSPP,55144
2023-08-01,PT,PSPP,55144
2023-09-01,PT,PSPP,55144
2023-10-01,PT,PSPP,52508
2023-11-01,PT,PSPP,52450
2023-12-01,PT,PSPP,52210
2024-01-01,PT,PSPP,52195
2024-02-01,PT,PSPP,50051
2024-03-01,PT,PSPP,50009
2024-04-01,PT,PSPP,50009
2024-05-01,PT,PSPP,50009
2024-06-01,PT,PSPP,50009
2024-07-01,PT,PSPP,50009
2024-08-01,PT,PSPP,50009
2024-09-01,PT,PSPP,50009
2024-10-01,PT,PSPP,49599
2024-11-01,PT,PSPP,49548
2024-12-01,PT,PSPP,49548
2025-01-01,PT,PSPP,49548
2025-02-01,PT,PSPP,49548
2025-03-01,PT,PSPP,49548
2025-04-01,PT,PSPP,49548
2025-05-01,PT,PSPP,49548
2025-06-01,PT,PSPP,49548
2025-07-01,PT,PSPP,49520
2025-08-01,PT,PSPP,49520
2025-09-01,PT,PSPP,49520
2025-10-01,PT,PSPP,45504
2025-11-01,PT,PSPP,45504
2025-12-01,PT,PSPP,45504
2026-01-01,PT,PSPP,45461
2026-02-01,PT,PSPP,45313
2026-03-01,PT,PSPP,45310
2026-04-01,PT,PSPP,45310
2026-05-01,PT,PSPP,45310
2026-06-01,PT,PSPP,45310
2026-07-01,PT,PSPP,41816
2026-08-01,PT,PSPP,41816
2015-03-01,SI,PSPP,209
2015-04-01,SI,PSPP,428
2015-05-01,SI,PSPP,659
2015-06-01,SI,PSPP,887
2015-07-01,SI,PSPP,1119
2015-08-01,SI,PSPP,1311
2015-09-01,SI,PSPP,1538
2015-10-01,SI,PSPP,1783
2015-11-01,SI,PSPP,2031
2015-12-01,SI,PSPP,2228
2016-01-01,SI,PSPP,2480
2016-02-01,SI,PSPP,2760
2016-03-01,SI,PSPP,2997
2016-04-01,SI,PSPP,3233
2016-05-01,SI,PSPP,3475
2016-06-01,SI,PSPP,3729
2016-07-01,SI,PSPP,3952
2016-08-01,SI,PSPP,4105
2016-09-01,SI,PSPP,4324
2016-10-01,SI,PSPP,4549
2016-11-01,SI,PSPP,4765
2016-12-01,SI,PSPP,4933
2017-01-01,SI,PSPP,5093
2017-02-01,SI,PSPP,5245
2017-03-01,SI,PSPP,5395
2017-04-01,SI,PSPP,5508
2017-05-01,SI,PSPP,5627
2017-06-01,SI,PSPP,5786
2017-07-01,SI,PSPP,5952
2017-08-01,SI,PSPP,6093
2017-09-01,SI,PSPP,6252
2017-10-01,SI,PSPP,6416
2017-11-01,SI,PSPP,6670
2017-12-01,SI,PSPP,6907
2018-01-01,SI,PSPP,7015
2018-02-01,SI,PSPP,7130
2018-03-01,SI,PSPP,7239
2018-04-01,SI,PSPP,7366
2018-05-01,SI,PSPP,7479
2018-06-01,SI,PSPP,7594
2018-07-01,SI,PSPP,7710
2018-08-01,SI,PSPP,7746
2018-09-01,SI,PSPP,7824
2018-10-01,SI,PSPP,7865
2018-11-01,SI,PSPP,7897
2018-12-01,SI,PSPP,7946
2019-01-01,SI,PSPP,8011
2019-02-01,SI,PSPP,7772
2019-03-01,SI,PSPP,7824
2019-04-01,SI,PSPP,7874
2019-05-01,SI,PSPP,7912
2019-06-01,SI,PSPP,7941
2019-07-01,SI,PSPP,7991
2019-08-01,SI,PSPP,8014
2019-09-01,SI,PSPP,8047
2019-10-01,SI,PSPP,8122
2019-11-01,SI,PSPP,8167
2019-12-01,SI,PSPP,8209
2020-01-01,SI,PSPP,7915
2020-02-01,SI,PSPP,7946
2020-03-01,SI,PSPP,8008
2020-04-01,SI,PSPP,8101
2020-05-01,SI,PSPP,8159
2020-06-01,SI,PSPP,8218
2020-07-01,SI,PSPP,8380
2020-08-01,SI,PSPP,8483
2020-09-01,SI,PSPP,8629
2020-10-01,SI,PSPP,8784
2020-11-01,SI,PSPP,8935
2020-12-01,SI,PSPP,9083
2021-01-01,SI,PSPP,8895
2021-02-01,SI,PSPP,9040
2021-03-01,SI,PSPP,9203
2021-04-01,SI,PSPP,9111
2021-05-01,SI,PSPP,9254
2021-06-01,SI,PSPP,9437
2021-07-01,SI,PSPP,9631
2021-08-01,SI,PSPP,9736
2021-09-01,SI,PSPP,9932
2021-10-01,SI,PSPP,10090
2021-11-01,SI,PSPP,10232
2021-12-01,SI,PSPP,10348
2022-01-01,SI,PSPP,10473
2022-02-01,SI,PSPP,10543
2022-03-01,SI,PSPP,10366
2022-04-01,SI,PSPP,10570
2022-05-01,SI,PSPP,10693
2022-06-01,SI,PSPP,10774
2022-07-01,SI,PSPP,10871
2022-08-01,SI,PSPP,10943
2022-09-01,SI,PSPP,11050
2022-10-01,SI,PSPP,11123
2022-11-01,SI,PSPP,11175
2022-12-01,SI,PSPP,11224
2023-01-01,SI,PSPP,11285
2023-02-01,SI,PSPP,11339
2023-03-01,SI,PSPP,11019
2023-04-01,SI,PSPP,11035
2023-05-01,SI,PSPP,11059
2023-06-01,SI,PSPP,11068
2023-07-01,SI,PSPP,11068
2023-08-01,SI,PSPP,11068
2023-09-01,SI,PSPP,11068
2023-10-01,SI,PSPP,11060
2023-11-01,SI,PSPP,11060
2023-12-01,SI,PSPP,11047
2024-01-01,SI,PSPP,11047
2024-02-01,SI,PSPP,11047
2024-03-01,SI,PSPP,11047
2024-04-01,SI,PSPP,11040
2024-05-01,SI,PSPP,11040
2024-06-01,SI,PSPP,11036
2024-07-01,SI,PSPP,11036
2024-08-01,SI,PSPP,11036
2024-09-01,SI,PSPP,10688
2024-10-01,SI,PSPP,10684
2024-11-01,SI,PSPP,10684
2024-12-01,SI,PSPP,10684
2025-01-01,SI,PSPP,10684
2025-02-01,SI,PSPP,10684
2025-03-01,SI,PSPP,10684
2025-04-01,SI,PSPP,10677
2025-05-01,SI,PSPP,10677
2025-06-01,SI,PSPP,10677
2025-07-01,SI,PSPP,9939
2025-08-01,SI,PSPP,9939
2025-09-01,SI,PSPP,9939
2025-10-01,SI,PSPP,9939
2025-11-01,SI,PSPP,9939
2025-12-01,SI,PSPP,9939
2026-01-01,SI,PSPP,9939
2026-02-01,SI,PSPP,9633
2026-03-01,SI,PSPP,9263
2026-04-01,SI,PSPP,9263
2026-05-01,SI,PSPP,9263
2026-06-01,SI,PSPP,9227
2026-07-01,SI,PSPP,9227
2026-08-01,SI,PSPP,9227
2015-03-01,SK,PSPP,506
2015-04-01,SK,PSPP,1028
2015-05-01,SK,PSPP,1557
2015-06-01,SK,PSPP,2103
2015-07-01,SK,PSPP,2545
2015-08-01,SK,PSPP,2968
2015-09-01,SK,PSPP,3435
2015-10-01,SK,PSPP,3812
2015-11-01,SK,PSPP,4345
2015-12-01,SK,PSPP,4622
2016-01-01,SK,PSPP,5197
2016-02-01,SK,PSPP,5751
2016-03-01,SK,PSPP,6184
2016-04-01,SK,PSPP,6513
2016-05-01,SK,PSPP,6836
2016-06-01,SK,PSPP,7069
2016-07-01,SK,PSPP,7290
2016-08-01,SK,PSPP,7413
2016-09-01,SK,PSPP,7546
2016-10-01,SK,PSPP,7710
2016-11-01,SK,PSPP,7940
2016-12-01,SK,PSPP,8156
2017-01-01,SK,PSPP,8490
2017-02-01,SK,PSPP,8791
2017-03-01,SK,PSPP,9085
2017-04-01,SK,PSPP,9318
2017-05-01,SK,PSPP,9529
2017-06-01,SK,PSPP,9766
2017-07-01,SK,PSPP,9986
2017-08-01,SK,PSPP,10046
2017-09-01,SK,PSPP,10224
2017-10-01,SK,PSPP,10452
2017-11-01,SK,PSPP,10589
2017-12-01,SK,PSPP,10783
2018-01-01,SK,PSPP,10970
2018-02-01,SK,PSPP,11111
2018-03-01,SK,PSPP,11248
2018-04-01,SK,PSPP,11418
2018-05-01,SK,PSPP,11551
2018-06-01,SK,PSPP,11736
2018-07-01,SK,PSPP,11888
2018-08-01,SK,PSPP,12017
2018-09-01,SK,PSPP,12252
2018-10-01,SK,PSPP,12336
2018-11-01,SK,PSPP,11669
2018-12-01,SK,PSPP,11685
2019-01-01,SK,PSPP,11771
2019-02-01,SK,PSPP,11847
2019-03-01,SK,PSPP,11924
2019-04-01,SK,PSPP,12004
2019-05-01,SK,PSPP,11922
2019-06-01,SK,PSPP,11991
2019-07-01,SK,PSPP,12078
2019-08-01,SK,PSPP,12143
2019-09-01,SK,PSPP,12219
2019-10-01,SK,PSPP,12330
2019-11-01,SK,PSPP,12427
2019-12-01,SK,PSPP,12522
2020-01-01,SK,PSPP,12662
2020-02-01,SK,PSPP,12733
2020-03-01,SK,PSPP,12855
2020-04-01,SK,PSPP,12287
2020-05-01,SK,PSPP,12419
2020-06-01,SK,PSPP,12558
2020-07-01,SK,PSPP,12932
2020-08-01,SK,PSPP,13183
2020-09-01,SK,PSPP,13527
2020-10-01,SK,PSPP,13885
2020-11-01,SK,PSPP,14259
2020-12-01,SK,PSPP,14614
2021-01-01,SK,PSPP,14884
2021-02-01,SK,PSPP,15130
2021-03-01,SK,PSPP,15190
2021-04-01,SK,PSPP,15494
2021-05-01,SK,PSPP,15715
2021-06-01,SK,PSPP,16003
2021-07-01,SK,PSPP,16226
2021-08-01,SK,PSPP,16392
2021-09-01,SK,PSPP,16647
2021-10-01,SK,PSPP,16781
2021-11-01,SK,PSPP,16911
2021-12-01,SK,PSPP,17033
2022-01-01,SK,PSPP,17207
2022-02-01,SK,PSPP,17321
2022-03-01,SK,PSPP,17464
2022-04-01,SK,PSPP,17799
2022-05-01,SK,PSPP,18021
2022-06-01,SK,PSPP,18170
2022-07-01,SK,PSPP,18241
2022-08-01,SK,PSPP,18330
2022-09-01,SK,PSPP,18416
2022-10-01,SK,PSPP,18492
2022-11-01,SK,PSPP,18568
2022-12-01,SK,PSPP,18644
2023-01-01,SK,PSPP,18824
2023-02-01,SK,PSPP,18008
2023-03-01,SK,PSPP,18132
2023-04-01,SK,PSPP,18195
2023-05-01,SK,PSPP,18292
2023-06-01,SK,PSPP,18329
2023-07-01,SK,PSPP,18329
2023-08-01,SK,PSPP,18329
2023-09-01,SK,PSPP,18329
2023-10-01,SK,PSPP,18329
2023-11-01,SK,PSPP,17841
2023-12-01,SK,PSPP,17841
2024-01-01,SK,PSPP,17841
2024-02-01,SK,PSPP,17841
2024-03-01,SK,PSPP,17841
2024-04-01,SK,PSPP,17841
2024-05-01,SK,PSPP,17841
2024-06-01,SK,PSPP,17223
2024-07-01,SK,PSPP,17223
2024-08-01,SK,PSPP,17223
2024-09-01,SK,PSPP,17223
2024-10-01,SK,PSPP,17223
2024-11-01,SK,PSPP,16248
2024-12-01,SK,PSPP,16248
2025-01-01,SK,PSPP,16248
2025-02-01,SK,PSPP,16248
2025-03-01,SK,PSPP,16248
2025-04-01,SK,PSPP,16248
2025-05-01,SK,PSPP,15300
2025-06-01,SK,PSPP,15300
2025-07-01,SK,PSPP,15300
2025-08-01,SK,PSPP,15300
2025-09-01,SK,PSPP,15300
2025-10-01,SK,PSPP,14325
2025-11-01,SK,PSPP,14325
2025-12-01,SK,PSPP,14325
2026-01-01,SK,PSPP,14325
2026-02-01,SK,PSPP,14325
2026-03-01,SK,PSPP,14325
2026-04-01,SK,PSPP,14325
2026-05-01,SK,PSPP,13600
2026-06-01,SK,PSPP,13600
2026-07-01,SK,PSPP,13600
2026-08-01,SK,PSPP,13600
2020-03-01,AT,PEPP,348
2020-04-01,AT,PEPP,2017
2020-05-01,AT,PEPP,4914
2020-06-01,AT,PEPP,7815
2020-07-01,AT,PEPP,10056
2020-08-01,AT,PEPP,11639
2020-09-01,AT,PEPP,13614
2020-10-01,AT,PEPP,15590
2020-11-01,AT,PEPP,17567
2020-12-01,AT,PEPP,19149
2021-01-01,AT,PEPP,20692
2021-02-01,AT,PEPP,22275
2021-03-01,AT,PEPP,24225
2021-04-01,AT,PEPP,26521
2021-05-01,AT,PEPP,28730
2021-06-01,AT,PEPP,30855
2021-07-01,AT,PEPP,33218
2021-08-01,AT,PEPP,34990
2021-09-01,AT,PEPP,36922
2021-10-01,AT,PEPP,38701
2021-11-01,AT,PEPP,40331
2021-12-01,AT,PEPP,40822
2022-01-01,AT,PEPP,42271
2022-02-01,AT,PEPP,43191
2022-03-01,AT,PEPP,43979
2022-04-01,AT,PEPP,44038
2022-05-01,AT,PEPP,44279
2022-06-01,AT,PEPP,44457
2022-07-01,AT,PEPP,44422
2022-08-01,AT,PEPP,44576
2022-09-01,AT,PEPP,44119
2022-10-01,AT,PEPP,43959
2022-11-01,AT,PEPP,43448
2022-12-01,AT,PEPP,43547
2023-01-01,AT,PEPP,44036
2023-02-01,AT,PEPP,44467
2023-03-01,AT,PEPP,45106
2023-04-01,AT,PEPP,44272
2023-05-01,AT,PEPP,44686
2023-06-01,AT,PEPP,44958
2023-07-01,AT,PEPP,43658
2023-08-01,AT,PEPP,43949
2023-09-01,AT,PEPP,44128
2023-10-01,AT,PEPP,42923
2023-11-01,AT,PEPP,43188
2023-12-01,AT,PEPP,43343
2024-01-01,AT,PEPP,43502
2024-02-01,AT,PEPP,43900
2024-03-01,AT,PEPP,44374
2024-04-01,AT,PEPP,44612
2024-05-01,AT,PEPP,45189
2024-06-01,AT,PEPP,45576
2024-07-01,AT,PEPP,43062
2024-08-01,AT,PEPP,43124
2024-09-01,AT,PEPP,43320
2024-10-01,AT,PEPP,41075
2024-11-01,AT,PEPP,41305
2024-12-01,AT,PEPP,41406
2025-01-01,AT,PEPP,41116
2025-02-01,AT,PEPP,41116
2025-03-01,AT,PEPP,41116
2025-04-01,AT,PEPP,39358
2025-05-01,AT,PEPP,39358
2025-06-01,AT,PEPP,39358
2025-07-01,AT,PEPP,39358
2025-08-01,AT,PEPP,39358
2025-09-01,AT,PEPP,39267
2025-10-01,AT,PEPP,37036
2025-11-01,AT,PEPP,37036
2025-12-01,AT,PEPP,37036
2026-01-01,AT,PEPP,37036
2026-02-01,AT,PEPP,37036
2026-03-01,AT,PEPP,35287
2026-04-01,AT,PEPP,35287
2026-05-01,AT,PEPP,35287
2026-06-01,AT,PEPP,35287
2026-07-01,AT,PEPP,34462
2026-08-01,AT,PEPP,34462
2020-03-01,BE,PEPP,444
2020-04-01,BE,PEPP,2854
2020-05-01,BE,PEPP,6461
2020-06-01,BE,PEPP,10068
2020-07-01,BE,PEPP,12853
2020-08-01,BE,PEPP,14821
2020-09-01,BE,PEPP,17280
2020-10-01,BE,PEPP,19739
2020-11-01,BE,PEPP,22198
2020-12-01,BE,PEPP,24166
2021-01-01,BE,PEPP,26084
2021-02-01,BE,PEPP,28052
2021-03-01,BE,PEPP,30478
2021-04-01,BE,PEPP,33336
2021-05-01,BE,PEPP,36087
2021-06-01,BE,PEPP,38692
2021-07-01,BE,PEPP,41622
2021-08-01,BE,PEPP,43825
2021-09-01,BE,PEPP,46227
2021-10-01,BE,PEPP,48440
2021-11-01,BE,PEPP,50667
2021-12-01,BE,PEPP,52405
2022-01-01,BE,PEPP,54204
2022-02-01,BE,PEPP,55789
2022-03-01,BE,PEPP,56799
2022-04-01,BE,PEPP,57230
2022-05-01,BE,PEPP,57053
2022-06-01,BE,PEPP,57336
2022-07-01,BE,PEPP,57058
2022-08-01,BE,PEPP,57312
2022-09-01,BE,PEPP,56873
2022-10-01,BE,PEPP,57116
2022-11-01,BE,PEPP,56175
2022-12-01,BE,PEPP,56333
2023-01-01,BE,PEPP,55796
2023-02-01,BE,PEPP,56186
2023-03-01,BE,PEPP,56426
2023-04-01,BE,PEPP,56710
2023-05-01,BE,PEPP,57079
2023-06-01,BE,PEPP,56194
2023-07-01,BE,PEPP,56469
2023-08-01,BE,PEPP,56757
2023-09-01,BE,PEPP,56942
2023-10-01,BE,PEPP,55736
2023-11-01,BE,PEPP,55942
2023-12-01,BE,PEPP,56076
2024-01-01,BE,PEPP,56618
2024-02-01,BE,PEPP,57097
2024-03-01,BE,PEPP,57582
2024-04-01,BE,PEPP,58066
2024-05-01,BE,PEPP,58647
2024-06-01,BE,PEPP,56199
2024-07-01,BE,PEPP,56455
2024-08-01,BE,PEPP,56534
2024-09-01,BE,PEPP,56669
2024-10-01,BE,PEPP,54670
2024-11-01,BE,PEPP,54824
2024-12-01,BE,PEPP,54875
2025-01-01,BE,PEPP,54875
2025-02-01,BE,PEPP,54875
2025-03-01,BE,PEPP,54875
2025-04-01,BE,PEPP,54875
2025-05-01,BE,PEPP,54875
2025-06-01,BE,PEPP,50753
2025-07-01,BE,PEPP,50753
2025-08-01,BE,PEPP,50753
2025-09-01,BE,PEPP,50753
2025-10-01,BE,PEPP,50753
2025-11-01,BE,PEPP,50753
2025-12-01,BE,PEPP,50753
2026-01-01,BE,PEPP,50753
2026-02-01,BE,PEPP,50753
2026-03-01,BE,PEPP,48728
2026-04-01,BE,PEPP,48728
2026-05-01,BE,PEPP,48643
2026-06-01,BE,PEPP,45800
2026-07-01,BE,PEPP,45800
2026-08-01,BE,PEPP,45800
2020-03-01,CY,PEPP,23
2020-04-01,CY,PEPP,239
2020-05-01,CY,PEPP,481
2020-06-01,CY,PEPP,750
2020-07-01,CY,PEPP,936
2020-08-01,CY,PEPP,1062
2020-09-01,CY,PEPP,1194
2020-10-01,CY,PEPP,1339
2020-11-01,CY,PEPP,1484
2020-12-01,CY,PEPP,1600
2021-01-01,CY,PEPP,1712
2021-02-01,CY,PEPP,1814
2021-03-01,CY,PEPP,1899
2021-04-01,CY,PEPP,1981
2021-05-01,CY,PEPP,2059
2021-06-01,CY,PEPP,2131
2021-07-01,CY,PEPP,2201
2021-08-01,CY,PEPP,2257
2021-09-01,CY,PEPP,2308
2021-10-01,CY,PEPP,2363
2021-11-01,CY,PEPP,2418
2021-12-01,CY,PEPP,2457
2022-01-01,CY,PEPP,2515
2022-02-01,CY,PEPP,2586
2022-03-01,CY,PEPP,2634
2022-04-01,CY,PEPP,2634
2022-05-01,CY,PEPP,2465
2022-06-01,CY,PEPP,2465
2022-07-01,CY,PEPP,2465
2022-08-01,CY,PEPP,2475
2022-09-01,CY,PEPP,2483
2022-10-01,CY,PEPP,2487
2022-11-01,CY,PEPP,2487
2022-12-01,CY,PEPP,2493
2023-01-01,CY,PEPP,2493
2023-02-01,CY,PEPP,2493
2023-03-01,CY,PEPP,2493
2023-04-01,CY,PEPP,2511
2023-05-01,CY,PEPP,2543
2023-06-01,CY,PEPP,2563
2023-07-01,CY,PEPP,2387
2023-08-01,CY,PEPP,2409
2023-09-01,CY,PEPP,2424
2023-10-01,CY,PEPP,2450
2023-11-01,CY,PEPP,2459
2023-12-01,CY,PEPP,2468
2024-01-01,CY,PEPP,2470
2024-02-01,CY,PEPP,2470
2024-03-01,CY,PEPP,2470
2024-04-01,CY,PEPP,2470
2024-05-01,CY,PEPP,2470
2024-06-01,CY,PEPP,2357
2024-07-01,CY,PEPP,2394
2024-08-01,CY,PEPP,2406
2024-09-01,CY,PEPP,2426
2024-10-01,CY,PEPP,2452
2024-11-01,CY,PEPP,2475
2024-12-01,CY,PEPP,2314
2025-01-01,CY,PEPP,2314
2025-02-01,CY,PEPP,2314
2025-03-01,CY,PEPP,2314
2025-04-01,CY,PEPP,2314
2025-05-01,CY,PEPP,2314
2025-06-01,CY,PEPP,2314
2025-07-01,CY,PEPP,2314
2025-08-01,CY,PEPP,2314
2025-09-01,CY,PEPP,2314
2025-10-01,CY,PEPP,2314
2025-11-01,CY,PEPP,2145
2025-12-01,CY,PEPP,2145
2026-01-01,CY,PEPP,2145
2026-02-01,CY,PEPP,1976
2026-03-01,CY,PEPP,1976
2026-04-01,CY,PEPP,1976
2026-05-01,CY,PEPP,1976
2026-06-01,CY,PEPP,1976
2026-07-01,CY,PEPP,1976
2026-08-01,CY,PEPP,1976
2020-03-01,DE,PEPP,3118
2020-04-01,DE,PEPP,20652
2020-05-01,DE,PEPP,46749
2020-06-01,DE,PEPP,72823
2020-07-01,DE,PEPP,93015
2020-08-01,DE,PEPP,107252
2020-09-01,DE,PEPP,125048
2020-10-01,DE,PEPP,142843
2020-11-01,DE,PEPP,160619
2020-12-01,DE,PEPP,174872
2021-01-01,DE,PEPP,188750
2021-02-01,DE,PEPP,202988
2021-03-01,DE,PEPP,220519
2021-04-01,DE,PEPP,241224
2021-05-01,DE,PEPP,261137
2021-06-01,DE,PEPP,279989
2021-07-01,DE,PEPP,301191
2021-08-01,DE,PEPP,317125
2021-09-01,DE,PEPP,334500
2021-10-01,DE,PEPP,350516
2021-11-01,DE,PEPP,366631
2021-12-01,DE,PEPP,379206
2022-01-01,DE,PEPP,392571
2022-02-01,DE,PEPP,403108
2022-03-01,DE,PEPP,408942
2022-04-01,DE,PEPP,409667
2022-05-01,DE,PEPP,412493
2022-06-01,DE,PEPP,409231
2022-07-01,DE,PEPP,398214
2022-08-01,DE,PEPP,396868
2022-09-01,DE,PEPP,395155
2022-10-01,DE,PEPP,395119
2022-11-01,DE,PEPP,397706
2022-12-01,DE,PEPP,394327
2023-01-01,DE,PEPP,398298
2023-02-01,DE,PEPP,396566
2023-03-01,DE,PEPP,398925
2023-04-01,DE,PEPP,395424
2023-05-01,DE,PEPP,396450
2023-06-01,DE,PEPP,394594
2023-07-01,DE,PEPP,397585
2023-08-01,DE,PEPP,396097
2023-09-01,DE,PEPP,393314
2023-10-01,DE,PEPP,394733
2023-11-01,DE,PEPP,394134
2023-12-01,DE,PEPP,392471
2024-01-01,DE,PEPP,393503
2024-02-01,DE,PEPP,392767
2024-03-01,DE,PEPP,393194
2024-04-01,DE,PEPP,391541
2024-05-01,DE,PEPP,391741
2024-06-01,DE,PEPP,388901
2024-07-01,DE,PEPP,389569
2024-08-01,DE,PEPP,385585
2024-09-01,DE,PEPP,383098
2024-10-01,DE,PEPP,379887
2024-11-01,DE,PEPP,380466
2024-12-01,DE,PEPP,378478
2025-01-01,DE,PEPP,373994
2025-02-01,DE,PEPP,365453
2025-03-01,DE,PEPP,359018
2025-04-01,DE,PEPP,352384
2025-05-01,DE,PEPP,350919
2025-06-01,DE,PEPP,345933
2025-07-01,DE,PEPP,345515
2025-08-01,DE,PEPP,339694
2025-09-01,DE,PEPP,336392
2025-10-01,DE,PEPP,331738
2025-11-01,DE,PEPP,330957
2025-12-01,DE,PEPP,329425
2026-01-01,DE,PEPP,328769
2026-02-01,DE,PEPP,322925
2026-03-01,DE,PEPP,319274
2026-04-01,DE,PEPP,309778
2026-05-01,DE,PEPP,308194
2026-06-01,DE,PEPP,306145
2026-07-01,DE,PEPP,305620
2026-08-01,DE,PEPP,299922
2020-03-01,EE,PEPP,0
2020-04-01,EE,PEPP,0
2020-05-01,EE,PEPP,0
2020-06-01,EE,PEPP,73
2020-07-01,EE,PEPP,163
2020-08-01,EE,PEPP,185
2020-09-01,EE,PEPP,192
2020-10-01,EE,PEPP,192
2020-11-01,EE,PEPP,206
2020-12-01,EE,PEPP,206
2021-01-01,EE,PEPP,211
2021-02-01,EE,PEPP,249
2021-03-01,EE,PEPP,255
2021-04-01,EE,PEPP,257
2021-05-01,EE,PEPP,254
2021-06-01,EE,PEPP,254
2021-07-01,EE,PEPP,254
2021-08-01,EE,PEPP,254
2021-09-01,EE,PEPP,256
2021-10-01,EE,PEPP,256
2021-11-01,EE,PEPP,256
2021-12-01,EE,PEPP,256
2022-01-01,EE,PEPP,256
2022-02-01,EE,PEPP,256
2022-03-01,EE,PEPP,256
2022-04-01,EE,PEPP,256
2022-05-01,EE,PEPP,256
2022-06-01,EE,PEPP,256
2022-07-01,EE,PEPP,256
2022-08-01,EE,PEPP,256
2022-09-01,EE,PEPP,256
2022-10-01,EE,PEPP,256
2022-11-01,EE,PEPP,256
2022-12-01,EE,PEPP,256
2023-01-01,EE,PEPP,256
2023-02-01,EE,PEPP,256
2023-03-01,EE,PEPP,256
2023-04-01,EE,PEPP,256
2023-05-01,EE,PEPP,256
2023-06-01,EE,PEPP,256
2023-07-01,EE,PEPP,256
2023-08-01,EE,PEPP,256
2023-09-01,EE,PEPP,256
2023-10-01,EE,PEPP,256
2023-11-01,EE,PEPP,256
2023-12-01,EE,PEPP,256
2024-01-01,EE,PEPP,256
2024-02-01,EE,PEPP,256
2024-03-01,EE,PEPP,256
2024-04-01,EE,PEPP,256
2024-05-01,EE,PEPP,256
2024-06-01,EE,PEPP,256
2024-07-01,EE,PEPP,256
2024-08-01,EE,PEPP,256
2024-09-01,EE,PEPP,256
2024-10-01,EE,PEPP,256
2024-11-01,EE,PEPP,256
2024-12-01,EE,PEPP,256
2025-01-01,EE,PEPP,256
2025-02-01,EE,PEPP,256
2025-03-01,EE,PEPP,256
2025-04-01,EE,PEPP,256
2025-05-01,EE,PEPP,256
2025-06-01,EE,PEPP,256
2025-07-01,EE,PEPP,256
2025-08-01,EE,PEPP,256
2025-09-01,EE,PEPP,256
2025-10-01,EE,PEPP,256
2025-11-01,EE,PEPP,256
2025-12-01,EE,PEPP,256
2026-01-01,EE,PEPP,256
2026-02-01,EE,PEPP,256
2026-03-01,EE,PEPP,256
2026-04-01,EE,PEPP,256
2026-05-01,EE,PEPP,256
2026-06-01,EE,PEPP,256
2026-07-01,EE,PEPP,256
2026-08-01,EE,PEPP,256
2020-03-01,ES,PEPP,1551
2020-04-01,ES,PEPP,9439
2020-05-01,ES,PEPP,22392
2020-06-01,ES,PEPP,35772
2020-07-01,ES,PEPP,46112
2020-08-01,ES,PEPP,52981
2020-09-01,ES,PEPP,61030
2020-10-01,ES,PEPP,69079
2020-11-01,ES,PEPP,77128
2020-12-01,ES,PEPP,83567
2021-01-01,ES,PEPP,89846
2021-02-01,ES,PEPP,96285
2021-03-01,ES,PEPP,104227
2021-04-01,ES,PEPP,113580
2021-05-01,ES,PEPP,122583
2021-06-01,ES,PEPP,131111
2021-07-01,ES,PEPP,140701
2021-08-01,ES,PEPP,147912
2021-09-01,ES,PEPP,155772
2021-10-01,ES,PEPP,163017
2021-11-01,ES,PEPP,170306
2021-12-01,ES,PEPP,175995
2022-01-01,ES,PEPP,181623
2022-02-01,ES,PEPP,186361
2022-03-01,ES,PEPP,189663
2022-04-01,ES,PEPP,190526
2022-05-01,ES,PEPP,190462
2022-06-01,ES,PEPP,190725
2022-07-01,ES,PEPP,196376
2022-08-01,ES,PEPP,196069
2022-09-01,ES,PEPP,196175
2022-10-01,ES,PEPP,195635
2022-11-01,ES,PEPP,194757
2022-12-01,ES,PEPP,194215
2023-01-01,ES,PEPP,193374
2023-02-01,ES,PEPP,194239
2023-03-01,ES,PEPP,195877
2023-04-01,ES,PEPP,196338
2023-05-01,ES,PEPP,194310
2023-06-01,ES,PEPP,194832
2023-07-01,ES,PEPP,191588
2023-08-01,ES,PEPP,192491
2023-09-01,ES,PEPP,193040
2023-10-01,ES,PEPP,192494
2023-11-01,ES,PEPP,192988
2023-12-01,ES,PEPP,193378
2024-01-01,ES,PEPP,192375
2024-02-01,ES,PEPP,194063
2024-03-01,ES,PEPP,195724
2024-04-01,ES,PEPP,193775
2024-05-01,ES,PEPP,192474
2024-06-01,ES,PEPP,193293
2024-07-01,ES,PEPP,191229
2024-08-01,ES,PEPP,191516
2024-09-01,ES,PEPP,191879
2024-10-01,ES,PEPP,188433
2024-11-01,ES,PEPP,188996
2024-12-01,ES,PEPP,189083
2025-01-01,ES,PEPP,185232
2025-02-01,ES,PEPP,185232
2025-03-01,ES,PEPP,185224
2025-04-01,ES,PEPP,181426
2025-05-01,ES,PEPP,181426
2025-06-01,ES,PEPP,178728
2025-07-01,ES,PEPP,174680
2025-08-01,ES,PEPP,174680
2025-09-01,ES,PEPP,174556
2025-10-01,ES,PEPP,170319
2025-11-01,ES,PEPP,170319
2025-12-01,ES,PEPP,170319
2026-01-01,ES,PEPP,170319
2026-02-01,ES,PEPP,166719
2026-03-01,ES,PEPP,166667
2026-04-01,ES,PEPP,162988
2026-05-01,ES,PEPP,162882
2026-06-01,ES,PEPP,161450
2026-07-01,ES,PEPP,157271
2026-08-01,ES,PEPP,157271
2020-03-01,FI,PEPP,198
2020-04-01,FI,PEPP,1375
2020-05-01,FI,PEPP,3232
2020-06-01,FI,PEPP,5052
2020-07-01,FI,PEPP,6457
2020-08-01,FI,PEPP,7449
2020-09-01,FI,PEPP,8689
2020-10-01,FI,PEPP,9929
2020-11-01,FI,PEPP,11169
2020-12-01,FI,PEPP,12162
2021-01-01,FI,PEPP,13104
2021-02-01,FI,PEPP,14122
2021-03-01,FI,PEPP,15349
2021-04-01,FI,PEPP,16750
2021-05-01,FI,PEPP,18175
2021-06-01,FI,PEPP,19488
2021-07-01,FI,PEPP,20955
2021-08-01,FI,PEPP,22082
2021-09-01,FI,PEPP,23292
2021-10-01,FI,PEPP,24408
2021-11-01,FI,PEPP,25499
2021-12-01,FI,PEPP,26362
2022-01-01,FI,PEPP,26807
2022-02-01,FI,PEPP,27298
2022-03-01,FI,PEPP,28182
2022-04-01,FI,PEPP,28040
2022-05-01,FI,PEPP,26918
2022-06-01,FI,PEPP,27454
2022-07-01,FI,PEPP,27454
2022-08-01,FI,PEPP,26601
2022-09-01,FI,PEPP,26380
2022-10-01,FI,PEPP,26855
2022-11-01,FI,PEPP,26207
2022-12-01,FI,PEPP,26513
2023-01-01,FI,PEPP,26952
2023-02-01,FI,PEPP,26234
2023-03-01,FI,PEPP,26888
2023-04-01,FI,PEPP,26385
2023-05-01,FI,PEPP,26193
2023-06-01,FI,PEPP,26381
2023-07-01,FI,PEPP,26757
2023-08-01,FI,PEPP,26652
2023-09-01,FI,PEPP,25951
2023-10-01,FI,PEPP,26498
2023-11-01,FI,PEPP,26208
2023-12-01,FI,PEPP,26383
2024-01-01,FI,PEPP,26855
2024-02-01,FI,PEPP,26298
2024-03-01,FI,PEPP,26243
2024-04-01,FI,PEPP,26024
2024-05-01,FI,PEPP,26176
2024-06-01,FI,PEPP,26541
2024-07-01,FI,PEPP,26900
2024-08-01,FI,PEPP,26344
2024-09-01,FI,PEPP,25854
2024-10-01,FI,PEPP,25852
2024-11-01,FI,PEPP,24837
2024-12-01,FI,PEPP,24912
2025-01-01,FI,PEPP,24912
2025-02-01,FI,PEPP,23329
2025-03-01,FI,PEPP,23329
2025-04-01,FI,PEPP,23093
2025-05-01,FI,PEPP,22482
2025-06-01,FI,PEPP,22482
2025-07-01,FI,PEPP,21430
2025-08-01,FI,PEPP,20879
2025-09-01,FI,PEPP,20051
2025-10-01,FI,PEPP,20051
2025-11-01,FI,PEPP,20051
2025-12-01,FI,PEPP,20051
2026-01-01,FI,PEPP,20051
2026-02-01,FI,PEPP,20051
2026-03-01,FI,PEPP,20051
2026-04-01,FI,PEPP,18760
2026-05-01,FI,PEPP,18760
2026-06-01,FI,PEPP,18760
2026-07-01,FI,PEPP,18760
2026-08-01,FI,PEPP,18760
2020-03-01,FR,PEPP,2448
2020-04-01,FR,PEPP,15954
2020-05-01,FR,PEPP,23575
2020-06-01,FR,PEPP,43796
2020-07-01,FR,PEPP,59420
2020-08-01,FR,PEPP,70449
2020-09-01,FR,PEPP,84237
2020-10-01,FR,PEPP,98023
2020-11-01,FR,PEPP,111810
2020-12-01,FR,PEPP,122840
2021-01-01,FR,PEPP,133594
2021-02-01,FR,PEPP,144624
2021-03-01,FR,PEPP,158231
2021-04-01,FR,PEPP,174252
2021-05-01,FR,PEPP,189671
2021-06-01,FR,PEPP,204279
2021-07-01,FR,PEPP,220704
2021-08-01,FR,PEPP,233050
2021-09-01,FR,PEPP,246513
2021-10-01,FR,PEPP,258925
2021-11-01,FR,PEPP,271409
2021-12-01,FR,PEPP,281153
2022-01-01,FR,PEPP,291112
2022-02-01,FR,PEPP,296490
2022-03-01,FR,PEPP,302286
2022-04-01,FR,PEPP,300976
2022-05-01,FR,PEPP,298979
2022-06-01,FR,PEPP,298865
2022-07-01,FR,PEPP,297766
2022-08-01,FR,PEPP,297863
2022-09-01,FR,PEPP,299736
2022-10-01,FR,PEPP,298898
2022-11-01,FR,PEPP,299750
2022-12-01,FR,PEPP,300576
2023-01-01,FR,PEPP,301843
2023-02-01,FR,PEPP,301029
2023-03-01,FR,PEPP,296889
2023-04-01,FR,PEPP,297511
2023-05-01,FR,PEPP,294955
2023-06-01,FR,PEPP,295779
2023-07-01,FR,PEPP,296672
2023-08-01,FR,PEPP,297733
2023-09-01,FR,PEPP,298320
2023-10-01,FR,PEPP,298024
2023-11-01,FR,PEPP,298622
2023-12-01,FR,PEPP,299140
2024-01-01,FR,PEPP,301854
2024-02-01,FR,PEPP,299401
2024-03-01,FR,PEPP,295017
2024-04-01,FR,PEPP,297545
2024-05-01,FR,PEPP,294437
2024-06-01,FR,PEPP,295814
2024-07-01,FR,PEPP,295842
2024-08-01,FR,PEPP,296278
2024-09-01,FR,PEPP,296979
2024-10-01,FR,PEPP,297662
2024-11-01,FR,PEPP,291854
2024-12-01,FR,PEPP,292169
2025-01-01,FR,PEPP,291954
2025-02-01,FR,PEPP,288894
2025-03-01,FR,PEPP,279248
2025-04-01,FR,PEPP,279178
2025-05-01,FR,PEPP,271540
2025-06-01,FR,PEPP,271500
2025-07-01,FR,PEPP,271433
2025-08-01,FR,PEPP,271433
2025-09-01,FR,PEPP,271351
2025-10-01,FR,PEPP,268466
2025-11-01,FR,PEPP,262281
2025-12-01,FR,PEPP,261974
2026-01-01,FR,PEPP,261974
2026-02-01,FR,PEPP,253807
2026-03-01,FR,PEPP,251793
2026-04-01,FR,PEPP,248210
2026-05-01,FR,PEPP,240001
2026-06-01,FR,PEPP,239863
2026-07-01,FR,PEPP,239525
2026-08-01,FR,PEPP,239525
2020-03-01,GR,PEPP,301
2020-04-01,GR,PEPP,2226
2020-05-01,GR,PEPP,4690
2020-06-01,GR,PEPP,7798
2020-07-01,GR,PEPP,9946
2020-08-01,GR,PEPP,11291
2020-09-01,GR,PEPP,12966
2020-10-01,GR,PEPP,14639
2020-11-01,GR,PEPP,16307
2020-12-01,GR,PEPP,17645
2021-01-01,GR,PEPP,18950
2021-02-01,GR,PEPP,20288
2021-03-01,GR,PEPP,21936
2021-04-01,GR,PEPP,23860
2021-05-01,GR,PEPP,25680
2021-06-01,GR,PEPP,27449
2021-07-01,GR,PEPP,29396
2021-08-01,GR,PEPP,30553
2021-09-01,GR,PEPP,32184
2021-10-01,GR,PEPP,33685
2021-11-01,GR,PEPP,34934
2021-12-01,GR,PEPP,35731
2022-01-01,GR,PEPP,36875
2022-02-01,GR,PEPP,37618
2022-03-01,GR,PEPP,38503
2022-04-01,GR,PEPP,38275
2022-05-01,GR,PEPP,38676
2022-06-01,GR,PEPP,38358
2022-07-01,GR,PEPP,39764
2022-08-01,GR,PEPP,38604
2022-09-01,GR,PEPP,38876
2022-10-01,GR,PEPP,39007
2022-11-01,GR,PEPP,39605
2022-12-01,GR,PEPP,39438
2023-01-01,GR,PEPP,37758
2023-02-01,GR,PEPP,37686
2023-03-01,GR,PEPP,37723
2023-04-01,GR,PEPP,37536
2023-05-01,GR,PEPP,38147
2023-06-01,GR,PEPP,37675
2023-07-01,GR,PEPP,37976
2023-08-01,GR,PEPP,38164
2023-09-01,GR,PEPP,38257
2023-10-01,GR,PEPP,38857
2023-11-01,GR,PEPP,39229
2023-12-01,GR,PEPP,39264
2024-01-01,GR,PEPP,39359
2024-02-01,GR,PEPP,39314
2024-03-01,GR,PEPP,39344
2024-04-01,GR,PEPP,38281
2024-05-01,GR,PEPP,38486
2024-06-01,GR,PEPP,38335
2024-07-01,GR,PEPP,38407
2024-08-01,GR,PEPP,38354
2024-09-01,GR,PEPP,38263
2024-10-01,GR,PEPP,38278
2024-11-01,GR,PEPP,38381
2024-12-01,GR,PEPP,38309
2025-01-01,GR,PEPP,38309
2025-02-01,GR,PEPP,36887
2025-03-01,GR,PEPP,36822
2025-04-01,GR,PEPP,36822
2025-05-01,GR,PEPP,36822
2025-06-01,GR,PEPP,36822
2025-07-01,GR,PEPP,36822
2025-08-01,GR,PEPP,36822
2025-09-01,GR,PEPP,36787
2025-10-01,GR,PEPP,36787
2025-11-01,GR,PEPP,36787
2025-12-01,GR,PEPP,36787
2026-01-01,GR,PEPP,36787
2026-02-01,GR,PEPP,34591
2026-03-01,GR,PEPP,34591
2026-04-01,GR,PEPP,34591
2026-05-01,GR,PEPP,34591
2026-06-01,GR,PEPP,34591
2026-07-01,GR,PEPP,33645
2026-08-01,GR,PEPP,33645
2020-03-01,IE,PEPP,205
2020-04-01,IE,PEPP,1324
2020-05-01,IE,PEPP,3000
2020-06-01,IE,PEPP,4676
2020-07-01,IE,PEPP,5971
2020-08-01,IE,PEPP,6885
2020-09-01,IE,PEPP,8028
2020-10-01,IE,PEPP,9172
2020-11-01,IE,PEPP,10316
2020-12-01,IE,PEPP,11230
2021-01-01,IE,PEPP,12122
2021-02-01,IE,PEPP,13034
2021-03-01,IE,PEPP,14162
2021-04-01,IE,PEPP,15490
2021-05-01,IE,PEPP,16769
2021-06-01,IE,PEPP,17982
2021-07-01,IE,PEPP,19345
2021-08-01,IE,PEPP,20369
2021-09-01,IE,PEPP,21485
2021-10-01,IE,PEPP,22513
2021-11-01,IE,PEPP,23548
2021-12-01,IE,PEPP,24356
2022-01-01,IE,PEPP,25331
2022-02-01,IE,PEPP,25957
2022-03-01,IE,PEPP,25531
2022-04-01,IE,PEPP,25630
2022-05-01,IE,PEPP,25831
2022-06-01,IE,PEPP,26003
2022-07-01,IE,PEPP,26003
2022-08-01,IE,PEPP,26085
2022-09-01,IE,PEPP,26327
2022-10-01,IE,PEPP,25607
2022-11-01,IE,PEPP,25824
2022-12-01,IE,PEPP,25864
2023-01-01,IE,PEPP,25997
2023-02-01,IE,PEPP,26114
2023-03-01,IE,PEPP,25104
2023-04-01,IE,PEPP,25178
2023-05-01,IE,PEPP,25279
2023-06-01,IE,PEPP,25341
2023-07-01,IE,PEPP,25412
2023-08-01,IE,PEPP,25494
2023-09-01,IE,PEPP,25540
2023-10-01,IE,PEPP,25648
2023-11-01,IE,PEPP,25707
2023-12-01,IE,PEPP,25746
2024-01-01,IE,PEPP,25885
2024-02-01,IE,PEPP,26006
2024-03-01,IE,PEPP,24774
2024-04-01,IE,PEPP,24896
2024-05-01,IE,PEPP,25046
2024-06-01,IE,PEPP,25103
2024-07-01,IE,PEPP,25174
2024-08-01,IE,PEPP,25196
2024-09-01,IE,PEPP,25234
2024-10-01,IE,PEPP,25283
2024-11-01,IE,PEPP,25326
2024-12-01,IE,PEPP,25341
2025-01-01,IE,PEPP,25341
2025-02-01,IE,PEPP,25341
2025-03-01,IE,PEPP,23411
2025-04-01,IE,PEPP,23411
2025-05-01,IE,PEPP,23411
2025-06-01,IE,PEPP,23411
2025-07-01,IE,PEPP,23411
2025-08-01,IE,PEPP,23411
2025-09-01,IE,PEPP,23411
2025-10-01,IE,PEPP,23411
2025-11-01,IE,PEPP,23411
2025-12-01,IE,PEPP,23411
2026-01-01,IE,PEPP,23411
2026-02-01,IE,PEPP,23411
2026-03-01,IE,PEPP,23411
2026-04-01,IE,PEPP,23411
2026-05-01,IE,PEPP,21446
2026-06-01,IE,PEPP,21446
2026-07-01,IE,PEPP,21446
2026-08-01,IE,PEPP,21446
2020-03-01,IT,PEPP,2118
2020-04-01,IT,PEPP,17053
2020-05-01,IT,PEPP,37365
2020-06-01,IT,PEPP,58806
2020-07-01,IT,PEPP,73432
2020-08-01,IT,PEPP,83780
2020-09-01,IT,PEPP,95243
2020-10-01,IT,PEPP,106680
2020-11-01,IT,PEPP,118169
2020-12-01,IT,PEPP,127387
2021-01-01,IT,PEPP,136310
2021-02-01,IT,PEPP,145506
2021-03-01,IT,PEPP,156819
2021-04-01,IT,PEPP,170095
2021-05-01,IT,PEPP,182947
2021-06-01,IT,PEPP,195104
2021-07-01,IT,PEPP,208774
2021-08-01,IT,PEPP,219028
2021-09-01,IT,PEPP,230234
2021-10-01,IT,PEPP,240541
2021-11-01,IT,PEPP,250888
2021-12-01,IT,PEPP,259042
2022-01-01,IT,PEPP,268405
2022-02-01,IT,PEPP,275653
2022-03-01,IT,PEPP,281026
2022-04-01,IT,PEPP,279555
2022-05-01,IT,PEPP,279302
2022-06-01,IT,PEPP,280661
2022-07-01,IT,PEPP,289064
2022-08-01,IT,PEPP,290400
2022-09-01,IT,PEPP,287821
2022-10-01,IT,PEPP,289771
2022-11-01,IT,PEPP,287027
2022-12-01,IT,PEPP,287680
2023-01-01,IT,PEPP,287658
2023-02-01,IT,PEPP,290107
2023-03-01,IT,PEPP,289727
2023-04-01,IT,PEPP,291689
2023-05-01,IT,PEPP,292896
2023-06-01,IT,PEPP,292132
2023-07-01,IT,PEPP,293834
2023-08-01,IT,PEPP,291071
2023-09-01,IT,PEPP,292199
2023-10-01,IT,PEPP,289371
2023-11-01,IT,PEPP,287549
2023-12-01,IT,PEPP,286467
2024-01-01,IT,PEPP,285377
2024-02-01,IT,PEPP,287777
2024-03-01,IT,PEPP,289212
2024-04-01,IT,PEPP,289350
2024-05-01,IT,PEPP,288800
2024-06-01,IT,PEPP,290570
2024-07-01,IT,PEPP,289135
2024-08-01,IT,PEPP,287127
2024-09-01,IT,PEPP,285150
2024-10-01,IT,PEPP,285862
2024-11-01,IT,PEPP,283935
2024-12-01,IT,PEPP,278224
2025-01-01,IT,PEPP,276664
2025-02-01,IT,PEPP,273022
2025-03-01,IT,PEPP,268791
2025-04-01,IT,PEPP,267365
2025-05-01,IT,PEPP,264650
2025-06-01,IT,PEPP,261060
2025-07-01,IT,PEPP,257886
2025-08-01,IT,PEPP,255316
2025-09-01,IT,PEPP,253347
2025-10-01,IT,PEPP,253347
2025-11-01,IT,PEPP,250277
2025-12-01,IT,PEPP,246833
2026-01-01,IT,PEPP,244059
2026-02-01,IT,PEPP,240642
2026-03-01,IT,PEPP,237672
2026-04-01,IT,PEPP,231059
2026-05-01,IT,PEPP,231010
2026-06-01,IT,PEPP,227195
2026-07-01,IT,PEPP,224260
2026-08-01,IT,PEPP,221010
2020-03-01,LT,PEPP,0
2020-04-01,LT,PEPP,563
2020-05-01,LT,PEPP,1050
2020-06-01,LT,PEPP,1425
2020-07-01,LT,PEPP,1593
2020-08-01,LT,PEPP,1896
2020-09-01,LT,PEPP,1988
2020-10-01,LT,PEPP,2032
2020-11-01,LT,PEPP,2080
2020-12-01,LT,PEPP,2126
2021-01-01,LT,PEPP,2184
2021-02-01,LT,PEPP,2280
2021-03-01,LT,PEPP,2365
2021-04-01,LT,PEPP,2400
2021-05-01,LT,PEPP,2505
2021-06-01,LT,PEPP,2527
2021-07-01,LT,PEPP,2597
2021-08-01,LT,PEPP,2663
2021-09-01,LT,PEPP,2766
2021-10-01,LT,PEPP,2826
2021-11-01,LT,PEPP,2938
2021-12-01,LT,PEPP,2983
2022-01-01,LT,PEPP,3129
2022-02-01,LT,PEPP,3183
2022-03-01,LT,PEPP,3215
2022-04-01,LT,PEPP,3216
2022-05-01,LT,PEPP,3216
2022-06-01,LT,PEPP,3224
2022-07-01,LT,PEPP,3235
2022-08-01,LT,PEPP,3242
2022-09-01,LT,PEPP,3208
2022-10-01,LT,PEPP,3215
2022-11-01,LT,PEPP,3222
2022-12-01,LT,PEPP,3227
2023-01-01,LT,PEPP,3256
2023-02-01,LT,PEPP,3267
2023-03-01,LT,PEPP,3304
2023-04-01,LT,PEPP,3215
2023-05-01,LT,PEPP,3237
2023-06-01,LT,PEPP,3221
2023-07-01,LT,PEPP,3235
2023-08-01,LT,PEPP,3136
2023-09-01,LT,PEPP,3146
2023-10-01,LT,PEPP,3169
2023-11-01,LT,PEPP,3182
2023-12-01,LT,PEPP,3191
2024-01-01,LT,PEPP,3134
2024-02-01,LT,PEPP,3175
2024-03-01,LT,PEPP,3216
2024-04-01,LT,PEPP,3186
2024-05-01,LT,PEPP,3236
2024-06-01,LT,PEPP,3092
2024-07-01,LT,PEPP,3116
2024-08-01,LT,PEPP,3067
2024-09-01,LT,PEPP,3079
2024-10-01,LT,PEPP,3095
2024-11-01,LT,PEPP,3064
2024-12-01,LT,PEPP,3069
2025-01-01,LT,PEPP,3069
2025-02-01,LT,PEPP,3069
2025-03-01,LT,PEPP,3068
2025-04-01,LT,PEPP,3068
2025-05-01,LT,PEPP,2927
2025-06-01,LT,PEPP,2927
2025-07-01,LT,PEPP,2927
2025-08-01,LT,PEPP,2876
2025-09-01,LT,PEPP,2873
2025-10-01,LT,PEPP,2746
2025-11-01,LT,PEPP,2690
2025-12-01,LT,PEPP,2690
2026-01-01,LT,PEPP,2629
2026-02-01,LT,PEPP,2629
2026-03-01,LT,PEPP,2629
2026-04-01,LT,PEPP,2629
2026-05-01,LT,PEPP,2629
2026-06-01,LT,PEPP,2559
2026-07-01,LT,PEPP,2559
2026-08-01,LT,PEPP,2511
2020-03-01,LU,PEPP,35
2020-04-01,LU,PEPP,136
2020-05-01,LU,PEPP,458
2020-06-01,LU,PEPP,705
2020-07-01,LU,PEPP,807
2020-08-01,LU,PEPP,918
2020-09-01,LU,PEPP,994
2020-10-01,LU,PEPP,1180
2020-11-01,LU,PEPP,1245
2020-12-01,LU,PEPP,1268
2021-01-01,LU,PEPP,1302
2021-02-01,LU,PEPP,1327
2021-03-01,LU,PEPP,1372
2021-04-01,LU,PEPP,1527
2021-05-01,LU,PEPP,1727
2021-06-01,LU,PEPP,1830
2021-07-01,LU,PEPP,1848
2021-08-01,LU,PEPP,1851
2021-09-01,LU,PEPP,1856
2021-10-01,LU,PEPP,1884
2021-11-01,LU,PEPP,1905
2021-12-01,LU,PEPP,1909
2022-01-01,LU,PEPP,1915
2022-02-01,LU,PEPP,1918
2022-03-01,LU,PEPP,1834
2022-04-01,LU,PEPP,1838
2022-05-01,LU,PEPP,1854
2022-06-01,LU,PEPP,1866
2022-07-01,LU,PEPP,1866
2022-08-01,LU,PEPP,1867
2022-09-01,LU,PEPP,1880
2022-10-01,LU,PEPP,1888
2022-11-01,LU,PEPP,1899
2022-12-01,LU,PEPP,1910
2023-01-01,LU,PEPP,1922
2023-02-01,LU,PEPP,1930
2023-03-01,LU,PEPP,1942
2023-04-01,LU,PEPP,1948
2023-05-01,LU,PEPP,1957
2023-06-01,LU,PEPP,1964
2023-07-01,LU,PEPP,1847
2023-08-01,LU,PEPP,1857
2023-09-01,LU,PEPP,1861
2023-10-01,LU,PEPP,1875
2023-11-01,LU,PEPP,1884
2023-12-01,LU,PEPP,1889
2024-01-01,LU,PEPP,1889
2024-02-01,LU,PEPP,1889
2024-03-01,LU,PEPP,1889
2024-04-01,LU,PEPP,1889
2024-05-01,LU,PEPP,1889
2024-06-01,LU,PEPP,1889
2024-07-01,LU,PEPP,1889
2024-08-01,LU,PEPP,1889
2024-09-01,LU,PEPP,1889
2024-10-01,LU,PEPP,1889
2024-11-01,LU,PEPP,1889
2024-12-01,LU,PEPP,1889
2025-01-01,LU,PEPP,1889
2025-02-01,LU,PEPP,1889
2025-03-01,LU,PEPP,1889
2025-04-01,LU,PEPP,1635
2025-05-01,LU,PEPP,1635
2025-06-01,LU,PEPP,1635
2025-07-01,LU,PEPP,1635
2025-08-01,LU,PEPP,1635
2025-09-01,LU,PEPP,1635
2025-10-01,LU,PEPP,1635
2025-11-01,LU,PEPP,1635
2025-12-01,LU,PEPP,1635
2026-01-01,LU,PEPP,1635
2026-02-01,LU,PEPP,1635
2026-03-01,LU,PEPP,1635
2026-04-01,LU,PEPP,1635
2026-05-01,LU,PEPP,1635
2026-06-01,LU,PEPP,1635
2026-07-01,LU,PEPP,1635
2026-08-01,LU,PEPP,1635
2020-03-01,LV,PEPP,28
2020-04-01,LV,PEPP,209
2020-05-01,LV,PEPP,396
2020-06-01,LV,PEPP,616
2020-07-01,LV,PEPP,787
2020-08-01,LV,PEPP,820
2020-09-01,LV,PEPP,837
2020-10-01,LV,PEPP,876
2020-11-01,LV,PEPP,908
2020-12-01,LV,PEPP,905
2021-01-01,LV,PEPP,888
2021-02-01,LV,PEPP,970
2021-03-01,LV,PEPP,1105
2021-04-01,LV,PEPP,1289
2021-05-01,LV,PEPP,1343
2021-06-01,LV,PEPP,1361
2021-07-01,LV,PEPP,1402
2021-08-01,LV,PEPP,1425
2021-09-01,LV,PEPP,1532
2021-10-01,LV,PEPP,1592
2021-11-01,LV,PEPP,1625
2021-12-01,LV,PEPP,1626
2022-01-01,LV,PEPP,1709
2022-02-01,LV,PEPP,1787
2022-03-01,LV,PEPP,1886
2022-04-01,LV,PEPP,1890
2022-05-01,LV,PEPP,1890
2022-06-01,LV,PEPP,1890
2022-07-01,LV,PEPP,1890
2022-08-01,LV,PEPP,1890
2022-09-01,LV,PEPP,1890
2022-10-01,LV,PEPP,1890
2022-11-01,LV,PEPP,1890
2022-12-01,LV,PEPP,1890
2023-01-01,LV,PEPP,1910
2023-02-01,LV,PEPP,1929
2023-03-01,LV,PEPP,1954
2023-04-01,LV,PEPP,1796
2023-05-01,LV,PEPP,1800
2023-06-01,LV,PEPP,1810
2023-07-01,LV,PEPP,1823
2023-08-01,LV,PEPP,1836
2023-09-01,LV,PEPP,1842
2023-10-01,LV,PEPP,1859
2023-11-01,LV,PEPP,1856
2023-12-01,LV,PEPP,1862
2024-01-01,LV,PEPP,1880
2024-02-01,LV,PEPP,1896
2024-03-01,LV,PEPP,1912
2024-04-01,LV,PEPP,1747
2024-05-01,LV,PEPP,1766
2024-06-01,LV,PEPP,1773
2024-07-01,LV,PEPP,1782
2024-08-01,LV,PEPP,1785
2024-09-01,LV,PEPP,1790
2024-10-01,LV,PEPP,1797
2024-11-01,LV,PEPP,1803
2024-12-01,LV,PEPP,1805
2025-01-01,LV,PEPP,1759
2025-02-01,LV,PEPP,1759
2025-03-01,LV,PEPP,1759
2025-04-01,LV,PEPP,1759
2025-05-01,LV,PEPP,1759
2025-06-01,LV,PEPP,1759
2025-07-01,LV,PEPP,1759
2025-08-01,LV,PEPP,1759
2025-09-01,LV,PEPP,1633
2025-10-01,LV,PEPP,1633
2025-11-01,LV,PEPP,1633
2025-12-01,LV,PEPP,1633
2026-01-01,LV,PEPP,1633
2026-02-01,LV,PEPP,1633
2026-03-01,LV,PEPP,1633
2026-04-01,LV,PEPP,1633
2026-05-01,LV,PEPP,1633
2026-06-01,LV,PEPP,1633
2026-07-01,LV,PEPP,1633
2026-08-01,LV,PEPP,1633
2020-03-01,MT,PEPP,14
2020-04-01,MT,PEPP,76
2020-05-01,MT,PEPP,123
2020-06-01,MT,PEPP,123
2020-07-01,MT,PEPP,123
2020-08-01,MT,PEPP,124
2020-09-01,MT,PEPP,237
2020-10-01,MT,PEPP,238
2020-11-01,MT,PEPP,260
2020-12-01,MT,PEPP,261
2021-01-01,MT,PEPP,265
2021-02-01,MT,PEPP,274
2021-03-01,MT,PEPP,289
2021-04-01,MT,PEPP,289
2021-05-01,MT,PEPP,304
2021-06-01,MT,PEPP,306
2021-07-01,MT,PEPP,321
2021-08-01,MT,PEPP,362
2021-09-01,MT,PEPP,382
2021-10-01,MT,PEPP,419
2021-11-01,MT,PEPP,478
2021-12-01,MT,PEPP,525
2022-01-01,MT,PEPP,543
2022-02-01,MT,PEPP,580
2022-03-01,MT,PEPP,609
2022-04-01,MT,PEPP,610
2022-05-01,MT,PEPP,608
2022-06-01,MT,PEPP,609
2022-07-01,MT,PEPP,602
2022-08-01,MT,PEPP,603
2022-09-01,MT,PEPP,604
2022-10-01,MT,PEPP,605
2022-11-01,MT,PEPP,606
2022-12-01,MT,PEPP,607
2023-01-01,MT,PEPP,607
2023-02-01,MT,PEPP,607
2023-03-01,MT,PEPP,607
2023-04-01,MT,PEPP,607
2023-05-01,MT,PEPP,607
2023-06-01,MT,PEPP,607
2023-07-01,MT,PEPP,603
2023-08-01,MT,PEPP,603
2023-09-01,MT,PEPP,603
2023-10-01,MT,PEPP,603
2023-11-01,MT,PEPP,603
2023-12-01,MT,PEPP,603
2024-01-01,MT,PEPP,604
2024-02-01,MT,PEPP,605
2024-03-01,MT,PEPP,607
2024-04-01,MT,PEPP,607
2024-05-01,MT,PEPP,608
2024-06-01,MT,PEPP,609
2024-07-01,MT,PEPP,611
2024-08-01,MT,PEPP,612
2024-09-01,MT,PEPP,613
2024-10-01,MT,PEPP,586
2024-11-01,MT,PEPP,586
2024-12-01,MT,PEPP,586
2025-01-01,MT,PEPP,586
2025-02-01,MT,PEPP,586
2025-03-01,MT,PEPP,586
2025-04-01,MT,PEPP,586
2025-05-01,MT,PEPP,586
2025-06-01,MT,PEPP,586
2025-07-01,MT,PEPP,563
2025-08-01,MT,PEPP,563
2025-09-01,MT,PEPP,563
2025-10-01,MT,PEPP,563
2025-11-01,MT,PEPP,553
2025-12-01,MT,PEPP,553
2026-01-01,MT,PEPP,553
2026-02-01,MT,PEPP,553
2026-03-01,MT,PEPP,553
2026-04-01,MT,PEPP,553
2026-05-01,MT,PEPP,553
2026-06-01,MT,PEPP,553
2026-07-01,MT,PEPP,539
2026-08-01,MT,PEPP,539
2020-03-01,NL,PEPP,712
2020-04-01,NL,PEPP,4588
2020-05-01,NL,PEPP,10389
2020-06-01,NL,PEPP,16192
2020-07-01,NL,PEPP,20675
2020-08-01,NL,PEPP,23839
2020-09-01,NL,PEPP,27795
2020-10-01,NL,PEPP,31750
2020-11-01,NL,PEPP,35705
2020-12-01,NL,PEPP,38870
2021-01-01,NL,PEPP,41956
2021-02-01,NL,PEPP,45121
2021-03-01,NL,PEPP,49023
2021-04-01,NL,PEPP,53619
2021-05-01,NL,PEPP,58044
2021-06-01,NL,PEPP,62234
2021-07-01,NL,PEPP,66946
2021-08-01,NL,PEPP,70490
2021-09-01,NL,PEPP,74353
2021-10-01,NL,PEPP,77913
2021-11-01,NL,PEPP,81495
2021-12-01,NL,PEPP,84292
2022-01-01,NL,PEPP,83894
2022-02-01,NL,PEPP,83921
2022-03-01,NL,PEPP,85173
2022-04-01,NL,PEPP,85485
2022-05-01,NL,PEPP,86126
2022-06-01,NL,PEPP,86593
2022-07-01,NL,PEPP,82743
2022-08-01,NL,PEPP,81436
2022-09-01,NL,PEPP,82871
2022-10-01,NL,PEPP,83379
2022-11-01,NL,PEPP,84560
2022-12-01,NL,PEPP,86291
2023-01-01,NL,PEPP,83389
2023-02-01,NL,PEPP,82214
2023-03-01,NL,PEPP,81618
2023-04-01,NL,PEPP,82035
2023-05-01,NL,PEPP,81958
2023-06-01,NL,PEPP,82674
2023-07-01,NL,PEPP,79689
2023-08-01,NL,PEPP,80827
2023-09-01,NL,PEPP,80600
2023-10-01,NL,PEPP,83910
2023-11-01,NL,PEPP,84489
2023-12-01,NL,PEPP,85879
2024-01-01,NL,PEPP,81700
2024-02-01,NL,PEPP,80948
2024-03-01,NL,PEPP,80740
2024-04-01,NL,PEPP,80974
2024-05-01,NL,PEPP,82588
2024-06-01,NL,PEPP,82655
2024-07-01,NL,PEPP,79801
2024-08-01,NL,PEPP,77963
2024-09-01,NL,PEPP,77591
2024-10-01,NL,PEPP,77157
2024-11-01,NL,PEPP,76857
2024-12-01,NL,PEPP,77328
2025-01-01,NL,PEPP,75561
2025-02-01,NL,PEPP,73996
2025-03-01,NL,PEPP,73243
2025-04-01,NL,PEPP,71974
2025-05-01,NL,PEPP,71221
2025-06-01,NL,PEPP,71221
2025-07-01,NL,PEPP,67854
2025-08-01,NL,PEPP,67854
2025-09-01,NL,PEPP,67759
2025-10-01,NL,PEPP,67759
2025-11-01,NL,PEPP,67693
2025-12-01,NL,PEPP,67693
2026-01-01,NL,PEPP,65047
2026-02-01,NL,PEPP,65047
2026-03-01,NL,PEPP,65047
2026-04-01,NL,PEPP,64436
2026-05-01,NL,PEPP,64436
2026-06-01,NL,PEPP,64436
2026-07-01,NL,PEPP,61231
2026-08-01,NL,PEPP,61231
2020-03-01,PT,PEPP,285
2020-04-01,PT,PEPP,1833
2020-05-01,PT,PEPP,4150
2020-06-01,PT,PEPP,6776
2020-07-01,PT,PEPP,8805
2020-08-01,PT,PEPP,10069
2020-09-01,PT,PEPP,11649
2020-10-01,PT,PEPP,13229
2020-11-01,PT,PEPP,14809
2020-12-01,PT,PEPP,16073
2021-01-01,PT,PEPP,17305
2021-02-01,PT,PEPP,18568
2021-03-01,PT,PEPP,20127
2021-04-01,PT,PEPP,21964
2021-05-01,PT,PEPP,23731
2021-06-01,PT,PEPP,25407
2021-07-01,PT,PEPP,27289
2021-08-01,PT,PEPP,28704
2021-09-01,PT,PEPP,30247
2021-10-01,PT,PEPP,31669
2021-11-01,PT,PEPP,33099
2021-12-01,PT,PEPP,33583
2022-01-01,PT,PEPP,33859
2022-02-01,PT,PEPP,34879
2022-03-01,PT,PEPP,34744
2022-04-01,PT,PEPP,35378
2022-05-01,PT,PEPP,34804
2022-06-01,PT,PEPP,35220
2022-07-01,PT,PEPP,35318
2022-08-01,PT,PEPP,35523
2022-09-01,PT,PEPP,35495
2022-10-01,PT,PEPP,34309
2022-11-01,PT,PEPP,34427
2022-12-01,PT,PEPP,34616
2023-01-01,PT,PEPP,33911
2023-02-01,PT,PEPP,34346
2023-03-01,PT,PEPP,33966
2023-04-01,PT,PEPP,34236
2023-05-01,PT,PEPP,33863
2023-06-01,PT,PEPP,34071
2023-07-01,PT,PEPP,33990
2023-08-01,PT,PEPP,34143
2023-09-01,PT,PEPP,33923
2023-10-01,PT,PEPP,32198
2023-11-01,PT,PEPP,32325
2023-12-01,PT,PEPP,32359
2024-01-01,PT,PEPP,32391
2024-02-01,PT,PEPP,30703
2024-03-01,PT,PEPP,30910
2024-04-01,PT,PEPP,31131
2024-05-01,PT,PEPP,31404
2024-06-01,PT,PEPP,31523
2024-07-01,PT,PEPP,31590
2024-08-01,PT,PEPP,31630
2024-09-01,PT,PEPP,31589
2024-10-01,PT,PEPP,31618
2024-11-01,PT,PEPP,31672
2024-12-01,PT,PEPP,31702
2025-01-01,PT,PEPP,31562
2025-02-01,PT,PEPP,31562
2025-03-01,PT,PEPP,31443
2025-04-01,PT,PEPP,31443
2025-05-01,PT,PEPP,31391
2025-06-01,PT,PEPP,31391
2025-07-01,PT,PEPP,31353
2025-08-01,PT,PEPP,31353
2025-09-01,PT,PEPP,31346
2025-10-01,PT,PEPP,28917
2025-11-01,PT,PEPP,28917
2025-12-01,PT,PEPP,28917
2026-01-01,PT,PEPP,28917
2026-02-01,PT,PEPP,28917
2026-03-01,PT,PEPP,28917
2026-04-01,PT,PEPP,28917
2026-05-01,PT,PEPP,28917
2026-06-01,PT,PEPP,28917
2026-07-01,PT,PEPP,26814
2026-08-01,PT,PEPP,26814
2020-03-01,SI,PEPP,59
2020-04-01,SI,PEPP,462
2020-05-01,SI,PEPP,939
2020-06-01,SI,PEPP,1479
2020-07-01,SI,PEPP,1896
2020-08-01,SI,PEPP,2156
2020-09-01,SI,PEPP,2481
2020-10-01,SI,PEPP,2806
2020-11-01,SI,PEPP,3131
2020-12-01,SI,PEPP,3391
2021-01-01,SI,PEPP,3644
2021-02-01,SI,PEPP,3903
2021-03-01,SI,PEPP,4224
2021-04-01,SI,PEPP,4530
2021-05-01,SI,PEPP,4838
2021-06-01,SI,PEPP,5168
2021-07-01,SI,PEPP,5555
2021-08-01,SI,PEPP,5829
2021-09-01,SI,PEPP,6003
2021-10-01,SI,PEPP,6032
2021-11-01,SI,PEPP,6142
2021-12-01,SI,PEPP,6084
2022-01-01,SI,PEPP,6311
2022-02-01,SI,PEPP,6491
2022-03-01,SI,PEPP,6499
2022-04-01,SI,PEPP,6517
2022-05-01,SI,PEPP,6531
2022-06-01,SI,PEPP,6542
2022-07-01,SI,PEPP,6541
2022-08-01,SI,PEPP,6550
2022-09-01,SI,PEPP,6566
2022-10-01,SI,PEPP,6575
2022-11-01,SI,PEPP,6586
2022-12-01,SI,PEPP,6593
2023-01-01,SI,PEPP,6627
2023-02-01,SI,PEPP,6664
2023-03-01,SI,PEPP,6344
2023-04-01,SI,PEPP,6370
2023-05-01,SI,PEPP,6407
2023-06-01,SI,PEPP,6430
2023-07-01,SI,PEPP,6451
2023-08-01,SI,PEPP,6481
2023-09-01,SI,PEPP,6493
2023-10-01,SI,PEPP,6528
2023-11-01,SI,PEPP,6546
2023-12-01,SI,PEPP,6559
2024-01-01,SI,PEPP,6589
2024-02-01,SI,PEPP,6616
2024-03-01,SI,PEPP,6640
2024-04-01,SI,PEPP,6667
2024-05-01,SI,PEPP,6694
2024-06-01,SI,PEPP,6705
2024-07-01,SI,PEPP,6721
2024-08-01,SI,PEPP,6728
2024-09-01,SI,PEPP,6420
2024-10-01,SI,PEPP,6429
2024-11-01,SI,PEPP,6442
2024-12-01,SI,PEPP,6447
2025-01-01,SI,PEPP,6447
2025-02-01,SI,PEPP,6447
2025-03-01,SI,PEPP,6447
2025-04-01,SI,PEPP,6445
2025-05-01,SI,PEPP,6445
2025-06-01,SI,PEPP,6445
2025-07-01,SI,PEPP,6048
2025-08-01,SI,PEPP,6048
2025-09-01,SI,PEPP,6047
2025-10-01,SI,PEPP,6047
2025-11-01,SI,PEPP,6047
2025-12-01,SI,PEPP,6047
2026-01-01,SI,PEPP,6047
2026-02-01,SI,PEPP,5836
2026-03-01,SI,PEPP,5463
2026-04-01,SI,PEPP,5461
2026-05-01,SI,PEPP,5461
2026-06-01,SI,PEPP,5441
2026-07-01,SI,PEPP,5441
2026-08-01,SI,PEPP,5441
2020-03-01,SK,PEPP,106
2020-04-01,SK,PEPP,1132
2020-05-01,SK,PEPP,2303
2020-06-01,SK,PEPP,3436
2020-07-01,SK,PEPP,3790
2020-08-01,SK,PEPP,4052
2020-09-01,SK,PEPP,4337
2020-10-01,SK,PEPP,4449
2020-11-01,SK,PEPP,4706
2020-12-01,SK,PEPP,5161
2021-01-01,SK,PEPP,5380
2021-02-01,SK,PEPP,5720
2021-03-01,SK,PEPP,5890
2021-04-01,SK,PEPP,6248
2021-05-01,SK,PEPP,6382
2021-06-01,SK,PEPP,6580
2021-07-01,SK,PEPP,6704
2021-08-01,SK,PEPP,6827
2021-09-01,SK,PEPP,6889
2021-10-01,SK,PEPP,7170
2021-11-01,SK,PEPP,7259
2021-12-01,SK,PEPP,7406
2022-01-01,SK,PEPP,7602
2022-02-01,SK,PEPP,7789
2022-03-01,SK,PEPP,7964
2022-04-01,SK,PEPP,7964
2022-05-01,SK,PEPP,7964
2022-06-01,SK,PEPP,7964
2022-07-01,SK,PEPP,7964
2022-08-01,SK,PEPP,7964
2022-09-01,SK,PEPP,7964
2022-10-01,SK,PEPP,7964
2022-11-01,SK,PEPP,7964
2022-12-01,SK,PEPP,7964
2023-01-01,SK,PEPP,8029
2023-02-01,SK,PEPP,7760
2023-03-01,SK,PEPP,7838
2023-04-01,SK,PEPP,7870
2023-05-01,SK,PEPP,7917
2023-06-01,SK,PEPP,7944
2023-07-01,SK,PEPP,7982
2023-08-01,SK,PEPP,8022
2023-09-01,SK,PEPP,8039
2023-10-01,SK,PEPP,8090
2023-11-01,SK,PEPP,7868
2023-12-01,SK,PEPP,7886
2024-01-01,SK,PEPP,7946
2024-02-01,SK,PEPP,7994
2024-03-01,SK,PEPP,8043
2024-04-01,SK,PEPP,8092
2024-05-01,SK,PEPP,8155
2024-06-01,SK,PEPP,7887
2024-07-01,SK,PEPP,7917
2024-08-01,SK,PEPP,7927
2024-09-01,SK,PEPP,7944
2024-10-01,SK,PEPP,7966
2024-11-01,SK,PEPP,7693
2024-12-01,SK,PEPP,7700
2025-01-01,SK,PEPP,7700
2025-02-01,SK,PEPP,7700
2025-03-01,SK,PEPP,7700
2025-04-01,SK,PEPP,7700
2025-05-01,SK,PEPP,7277
2025-06-01,SK,PEPP,7277
2025-07-01,SK,PEPP,7277
2025-08-01,SK,PEPP,7277
2025-09-01,SK,PEPP,7277
2025-10-01,SK,PEPP,7021
2025-11-01,SK,PEPP,7021
2025-12-01,SK,PEPP,7021
2026-01-01,SK,PEPP,7021
2026-02-01,SK,PEPP,6963
2026-03-01,SK,PEPP,6963
2026-04-01,SK,PEPP,6963
2026-05-01,SK,PEPP,6700
2026-06-01,SK,PEPP,6700
2026-07-01,SK,PEPP,6700
2026-08-01,SK,PEPP,6700
