month,ncb,programme,wam_years
2015-03-01,AT,PSPP,7.78
2015-03-01,BE,PSPP,8.78
2015-03-01,CY,PSPP,0.0
2015-03-01,DE,PSPP,8.11
2015-03-01,EE,PSPP,0.0
2015-03-01,ES,PSPP,11.65
2015-03-01,FI,PSPP,7.24
2015-03-01,FR,PSPP,8.2
2015-03-01,IE,PSPP,9.42
2015-03-01,IT,PSPP,9.06
2015-03-01,LT,PSPP,6.44
2015-03-01,LU,PSPP,6.62
2015-03-01,LV,PSPP,6.42
2015-03-01,MT,PSPP,10.37
2015-03-01,NL,PSPP,6.69
2015-03-01,PT,PSPP,10.95
2015-03-01,SI,PSPP,6.31
2015-03-01,SK,PSPP,9.48
2015-04-01,AT,PSPP,7.98
2015-04-01,BE,PSPP,9.09
2015-04-01,CY,PSPP,0.0
2015-04-01,DE,PSPP,7.9
2015-04-01,EE,PSPP,0.0
2015-04-01,ES,PSPP,9.72
2015-04-01,FI,PSPP,7.14
2015-04-01,FR,PSPP,7.83
2015-04-01,IE,PSPP,9.13
2015-04-01,IT,PSPP,8.4
2015-04-01,LT,PSPP,5.22
2015-04-01,LU,PSPP,6.87
2015-04-01,LV,PSPP,5.93
2015-04-01,MT,PSPP,8.47
2015-04-01,NL,PSPP,6.96
2015-04-01,PT,PSPP,10.76
2015-04-01,SI,PSPP,7.92
2015-04-01,SK,PSPP,9.26
2015-05-01,AT,PSPP,7.83
2015-05-01,BE,PSPP,9.12
2015-05-01,CY,PSPP,0.0
2015-05-01,DE,PSPP,7.1
2015-05-01,EE,PSPP,0.0
2015-05-01,ES,PSPP,9.7
2015-05-01,FI,PSPP,7.15
2015-05-01,FR,PSPP,7.81
2015-05-01,IE,PSPP,9.6
2015-05-01,IT,PSPP,8.67
2015-05-01,LT,PSPP,6.1
2015-05-01,LU,PSPP,6.7
2015-05-01,LV,PSPP,6.29
2015-05-01,MT,PSPP,11.05
2015-05-01,NL,PSPP,6.84
2015-05-01,PT,PSPP,10.83
2015-05-01,SI,PSPP,7.49
2015-05-01,SK,PSPP,9.28
2015-06-01,AT,PSPP,7.73
2015-06-01,BE,PSPP,9.08
2015-06-01,CY,PSPP,0.0
2015-06-01,DE,PSPP,6.86
2015-06-01,EE,PSPP,3.04
2015-06-01,ES,PSPP,9.81
2015-06-01,FI,PSPP,7.23
2015-06-01,FR,PSPP,7.82
2015-06-01,IE,PSPP,9.54
2015-06-01,IT,PSPP,8.82
2015-06-01,LT,PSPP,5.89
2015-06-01,LU,PSPP,6.4
2015-06-01,LV,PSPP,6.22
2015-06-01,MT,PSPP,12.0
2015-06-01,NL,PSPP,6.8
2015-06-01,PT,PSPP,10.6
2015-06-01,SI,PSPP,7.56
2015-06-01,SK,PSPP,9.2
2015-07-01,AT,PSPP,7.92
2015-07-01,BE,PSPP,8.83
2015-07-01,CY,PSPP,5.4
2015-07-01,DE,PSPP,6.91
2015-07-01,EE,PSPP,2.95
2015-07-01,ES,PSPP,9.66
2015-07-01,FI,PSPP,7.24
2015-07-01,FR,PSPP,7.92
2015-07-01,IE,PSPP,9.77
2015-07-01,IT,PSPP,9.03
2015-07-01,LT,PSPP,5.69
2015-07-01,LU,PSPP,6.29
2015-07-01,LV,PSPP,6.12
2015-07-01,MT,PSPP,11.04
2015-07-01,NL,PSPP,6.71
2015-07-01,PT,PSPP,10.58
2015-07-01,SI,PSPP,7.21
2015-07-01,SK,PSPP,8.84
2015-08-01,AT,PSPP,7.93
2015-08-01,BE,PSPP,8.79
2015-08-01,CY,PSPP,5.32
2015-08-01,DE,PSPP,7.09
2015-08-01,EE,PSPP,2.87
2015-08-01,ES,PSPP,9.68
2015-08-01,FI,PSPP,7.34
2015-08-01,FR,PSPP,7.86
2015-08-01,IE,PSPP,9.68
2015-08-01,IT,PSPP,9.09
2015-08-01,LT,PSPP,5.55
2015-08-01,LU,PSPP,6.25
2015-08-01,LV,PSPP,6.07
2015-08-01,MT,PSPP,10.5
2015-08-01,NL,PSPP,6.63
2015-08-01,PT,PSPP,10.79
2015-08-01,SI,PSPP,7.75
2015-08-01,SK,PSPP,8.66
2015-09-01,AT,PSPP,8.02
2015-09-01,BE,PSPP,8.95
2015-09-01,CY,PSPP,5.24
2015-09-01,DE,PSPP,6.97
2015-09-01,EE,PSPP,2.78
2015-09-01,ES,PSPP,9.67
2015-09-01,FI,PSPP,7.39
2015-09-01,FR,PSPP,7.84
2015-09-01,IE,PSPP,9.12
2015-09-01,IT,PSPP,9.25
2015-09-01,LT,PSPP,5.46
2015-09-01,LU,PSPP,6.29
2015-09-01,LV,PSPP,5.94
2015-09-01,MT,PSPP,10.0
2015-09-01,NL,PSPP,6.6
2015-09-01,PT,PSPP,10.87
2015-09-01,SI,PSPP,7.96
2015-09-01,SK,PSPP,8.67
2015-10-01,AT,PSPP,8.1
2015-10-01,BE,PSPP,9.2
2015-10-01,CY,PSPP,5.42
2015-10-01,DE,PSPP,6.97
2015-10-01,EE,PSPP,2.7
2015-10-01,ES,PSPP,9.65
2015-10-01,FI,PSPP,7.5
2015-10-01,FR,PSPP,7.82
2015-10-01,IE,PSPP,8.97
2015-10-01,IT,PSPP,9.28
2015-10-01,LT,PSPP,5.35
2015-10-01,LU,PSPP,6.21
2015-10-01,LV,PSPP,5.99
2015-10-01,MT,PSPP,9.7
2015-10-01,NL,PSPP,6.55
2015-10-01,PT,PSPP,10.63
2015-10-01,SI,PSPP,8.05
2015-10-01,SK,PSPP,8.46
2015-11-01,AT,PSPP,8.24
2015-11-01,BE,PSPP,9.61
2015-11-01,CY,PSPP,5.9
2015-11-01,DE,PSPP,7.0
2015-11-01,EE,PSPP,2.62
2015-11-01,ES,PSPP,9.73
2015-11-01,FI,PSPP,7.59
2015-11-01,FR,PSPP,7.8
2015-11-01,IE,PSPP,9.32
2015-11-01,IT,PSPP,9.27
2015-11-01,LT,PSPP,5.62
2015-11-01,LU,PSPP,6.12
2015-11-01,LV,PSPP,5.87
2015-11-01,MT,PSPP,9.6
2015-11-01,NL,PSPP,6.57
2015-11-01,PT,PSPP,10.56
2015-11-01,SI,PSPP,8.12
2015-11-01,SK,PSPP,8.52
2015-12-01,AT,PSPP,8.51
2015-12-01,BE,PSPP,9.51
2015-12-01,CY,PSPP,5.81
2015-12-01,DE,PSPP,6.99
2015-12-01,EE,PSPP,2.53
2015-12-01,ES,PSPP,9.69
2015-12-01,FI,PSPP,7.59
2015-12-01,FR,PSPP,7.73
2015-12-01,IE,PSPP,9.4
2015-12-01,IT,PSPP,9.27
2015-12-01,LT,PSPP,6.0
2015-12-01,LU,PSPP,6.06
2015-12-01,LV,PSPP,5.85
2015-12-01,MT,PSPP,9.62
2015-12-01,NL,PSPP,6.51
2015-12-01,PT,PSPP,10.35
2015-12-01,SI,PSPP,7.96
2015-12-01,SK,PSPP,8.58
2016-01-01,AT,PSPP,8.36
2016-01-01,BE,PSPP,9.52
2016-01-01,CY,PSPP,5.73
2016-01-01,DE,PSPP,6.99
2016-01-01,EE,PSPP,2.45
2016-01-01,ES,PSPP,9.76
2016-01-01,FI,PSPP,7.59
2016-01-01,FR,PSPP,7.68
2016-01-01,IE,PSPP,9.47
2016-01-01,IT,PSPP,9.31
2016-01-01,LT,PSPP,6.23
2016-01-01,LU,PSPP,6.07
2016-01-01,LV,PSPP,5.69
2016-01-01,MT,PSPP,9.58
2016-01-01,NL,PSPP,6.5
2016-01-01,PT,PSPP,10.21
2016-01-01,SI,PSPP,7.73
2016-01-01,SK,PSPP,8.4
2016-02-01,AT,PSPP,8.42
2016-02-01,BE,PSPP,9.58
2016-02-01,CY,PSPP,5.65
2016-02-01,DE,PSPP,6.95
2016-02-01,EE,PSPP,2.37
2016-02-01,ES,PSPP,9.74
2016-02-01,FI,PSPP,7.71
2016-02-01,FR,PSPP,7.68
2016-02-01,IE,PSPP,9.48
2016-02-01,IT,PSPP,9.33
2016-02-01,LT,PSPP,6.46
2016-02-01,LU,PSPP,6.09
2016-02-01,LV,PSPP,5.57
2016-02-01,MT,PSPP,9.53
2016-02-01,NL,PSPP,6.69
2016-02-01,PT,PSPP,10.11
2016-02-01,SI,PSPP,7.56
2016-02-01,SK,PSPP,8.32
2016-03-01,AT,PSPP,8.42
2016-03-01,BE,PSPP,9.71
2016-03-01,CY,PSPP,5.52
2016-03-01,DE,PSPP,7.02
2016-03-01,EE,PSPP,2.28
2016-03-01,ES,PSPP,9.69
2016-03-01,FI,PSPP,7.66
2016-03-01,FR,PSPP,7.65
2016-03-01,IE,PSPP,9.43
2016-03-01,IT,PSPP,9.33
2016-03-01,LT,PSPP,6.66
2016-03-01,LU,PSPP,6.16
2016-03-01,LV,PSPP,5.45
2016-03-01,MT,PSPP,10.34
2016-03-01,NL,PSPP,6.81
2016-03-01,PT,PSPP,10.17
2016-03-01,SI,PSPP,7.73
2016-03-01,SK,PSPP,8.25
2016-04-01,AT,PSPP,8.67
2016-04-01,BE,PSPP,9.8
2016-04-01,CY,PSPP,5.43
2016-04-01,DE,PSPP,7.15
2016-04-01,EE,PSPP,2.2
2016-04-01,ES,PSPP,9.58
2016-04-01,FI,PSPP,7.59
2016-04-01,FR,PSPP,7.66
2016-04-01,IE,PSPP,9.47
2016-04-01,IT,PSPP,9.36
2016-04-01,LT,PSPP,6.59
2016-04-01,LU,PSPP,6.08
2016-04-01,LV,PSPP,5.37
2016-04-01,MT,PSPP,10.14
2016-04-01,NL,PSPP,7.1
2016-04-01,PT,PSPP,10.15
2016-04-01,SI,PSPP,8.01
2016-04-01,SK,PSPP,8.23
2016-05-01,AT,PSPP,8.69
2016-05-01,BE,PSPP,9.77
2016-05-01,CY,PSPP,5.35
2016-05-01,DE,PSPP,7.3
2016-05-01,EE,PSPP,2.12
2016-05-01,ES,PSPP,9.65
2016-05-01,FI,PSPP,7.57
2016-05-01,FR,PSPP,7.67
2016-05-01,IE,PSPP,9.37
2016-05-01,IT,PSPP,9.3
2016-05-01,LT,PSPP,6.56
2016-05-01,LU,PSPP,6.0
2016-05-01,LV,PSPP,5.64
2016-05-01,MT,PSPP,10.56
2016-05-01,NL,PSPP,7.39
2016-05-01,PT,PSPP,10.2
2016-05-01,SI,PSPP,8.31
2016-05-01,SK,PSPP,8.1
2016-06-01,AT,PSPP,8.91
2016-06-01,BE,PSPP,9.64
2016-06-01,CY,PSPP,5.27
2016-06-01,DE,PSPP,7.43
2016-06-01,EE,PSPP,2.03
2016-06-01,ES,PSPP,9.73
2016-06-01,FI,PSPP,7.52
2016-06-01,FR,PSPP,7.65
2016-06-01,IE,PSPP,9.37
2016-06-01,IT,PSPP,9.28
2016-06-01,LT,PSPP,6.61
2016-06-01,LU,PSPP,5.96
2016-06-01,LV,PSPP,6.61
2016-06-01,MT,PSPP,10.86
2016-06-01,NL,PSPP,7.56
2016-06-01,PT,PSPP,10.13
2016-06-01,SI,PSPP,8.27
2016-06-01,SK,PSPP,8.02
2016-07-01,AT,PSPP,9.1
2016-07-01,BE,PSPP,9.77
2016-07-01,CY,PSPP,5.18
2016-07-01,DE,PSPP,7.58
2016-07-01,EE,PSPP,1.95
2016-07-01,ES,PSPP,9.7
2016-07-01,FI,PSPP,7.53
2016-07-01,FR,PSPP,7.7
2016-07-01,IE,PSPP,9.3
2016-07-01,IT,PSPP,9.23
2016-07-01,LT,PSPP,6.49
2016-07-01,LU,PSPP,5.89
2016-07-01,LV,PSPP,6.55
2016-07-01,MT,PSPP,10.88
2016-07-01,NL,PSPP,7.7
2016-07-01,PT,PSPP,10.06
2016-07-01,SI,PSPP,8.22
2016-07-01,SK,PSPP,7.91
2016-08-01,AT,PSPP,9.22
2016-08-01,BE,PSPP,9.92
2016-08-01,CY,PSPP,5.1
2016-08-01,DE,PSPP,7.69
2016-08-01,EE,PSPP,1.86
2016-08-01,ES,PSPP,9.63
2016-08-01,FI,PSPP,7.56
2016-08-01,FR,PSPP,7.69
2016-08-01,IE,PSPP,9.24
2016-08-01,IT,PSPP,9.2
2016-08-01,LT,PSPP,6.41
2016-08-01,LU,PSPP,5.81
2016-08-01,LV,PSPP,6.58
2016-08-01,MT,PSPP,10.75
2016-08-01,NL,PSPP,7.75
2016-08-01,PT,PSPP,9.91
2016-08-01,SI,PSPP,8.25
2016-08-01,SK,PSPP,7.84
2016-09-01,AT,PSPP,9.3
2016-09-01,BE,PSPP,9.99
2016-09-01,CY,PSPP,5.08
2016-09-01,DE,PSPP,7.86
2016-09-01,EE,PSPP,1.78
2016-09-01,ES,PSPP,9.57
2016-09-01,FI,PSPP,7.6
2016-09-01,FR,PSPP,7.74
2016-09-01,IE,PSPP,9.39
2016-09-01,IT,PSPP,9.15
2016-09-01,LT,PSPP,6.39
2016-09-01,LU,PSPP,5.73
2016-09-01,LV,PSPP,6.57
2016-09-01,MT,PSPP,10.81
2016-09-01,NL,PSPP,7.89
2016-09-01,PT,PSPP,9.83
2016-09-01,SI,PSPP,8.41
2016-09-01,SK,PSPP,7.85
2016-10-01,AT,PSPP,9.37
2016-10-01,BE,PSPP,10.06
2016-10-01,CY,PSPP,5.0
2016-10-01,DE,PSPP,7.99
2016-10-01,EE,PSPP,1.7
2016-10-01,ES,PSPP,9.46
2016-10-01,FI,PSPP,7.64
2016-10-01,FR,PSPP,7.79
2016-10-01,IE,PSPP,9.34
2016-10-01,IT,PSPP,9.06
2016-10-01,LT,PSPP,6.59
2016-10-01,LU,PSPP,5.65
2016-10-01,LV,PSPP,7.31
2016-10-01,MT,PSPP,11.11
2016-10-01,NL,PSPP,8.0
2016-10-01,PT,PSPP,9.79
2016-10-01,SI,PSPP,8.55
2016-10-01,SK,PSPP,7.82
2016-11-01,AT,PSPP,9.31
2016-11-01,BE,PSPP,9.97
2016-11-01,CY,PSPP,4.92
2016-11-01,DE,PSPP,8.05
2016-11-01,EE,PSPP,1.61
2016-11-01,ES,PSPP,9.36
2016-11-01,FI,PSPP,7.44
2016-11-01,FR,PSPP,7.73
2016-11-01,IE,PSPP,9.19
2016-11-01,IT,PSPP,8.95
2016-11-01,LT,PSPP,6.6
2016-11-01,LU,PSPP,5.52
2016-11-01,LV,PSPP,7.29
2016-11-01,MT,PSPP,11.54
2016-11-01,NL,PSPP,8.01
2016-11-01,PT,PSPP,9.68
2016-11-01,SI,PSPP,8.7
2016-11-01,SK,PSPP,7.78
2016-12-01,AT,PSPP,9.23
2016-12-01,BE,PSPP,10.02
2016-12-01,CY,PSPP,4.83
2016-12-01,DE,PSPP,8.13
2016-12-01,EE,PSPP,1.53
2016-12-01,ES,PSPP,9.24
2016-12-01,FI,PSPP,7.35
2016-12-01,FR,PSPP,7.68
2016-12-01,IE,PSPP,9.16
2016-12-01,IT,PSPP,8.89
2016-12-01,LT,PSPP,6.57
2016-12-01,LU,PSPP,5.44
2016-12-01,LV,PSPP,7.23
2016-12-01,MT,PSPP,11.54
2016-12-01,NL,PSPP,7.99
2016-12-01,PT,PSPP,9.5
2016-12-01,SI,PSPP,8.87
2016-12-01,SK,PSPP,7.88
2017-01-01,AT,PSPP,9.25
2017-01-01,BE,PSPP,10.1
2017-01-01,CY,PSPP,4.75
2017-01-01,DE,PSPP,8.14
2017-01-01,EE,PSPP,1.44
2017-01-01,ES,PSPP,9.12
2017-01-01,FI,PSPP,7.38
2017-01-01,FR,PSPP,7.66
2017-01-01,IE,PSPP,9.06
2017-01-01,IT,PSPP,8.84
2017-01-01,LT,PSPP,6.68
2017-01-01,LU,PSPP,5.38
2017-01-01,LV,PSPP,7.5
2017-01-01,MT,PSPP,11.51
2017-01-01,NL,PSPP,7.98
2017-01-01,PT,PSPP,9.36
2017-01-01,SI,PSPP,8.88
2017-01-01,SK,PSPP,7.92
2017-02-01,AT,PSPP,9.3
2017-02-01,BE,PSPP,10.04
2017-02-01,CY,PSPP,4.67
2017-02-01,DE,PSPP,7.89
2017-02-01,EE,PSPP,1.37
2017-02-01,ES,PSPP,8.95
2017-02-01,FI,PSPP,7.28
2017-02-01,FR,PSPP,7.65
2017-02-01,IE,PSPP,9.03
2017-02-01,IT,PSPP,8.79
2017-02-01,LT,PSPP,6.69
2017-02-01,LU,PSPP,5.46
2017-02-01,LV,PSPP,7.48
2017-02-01,MT,PSPP,11.37
2017-02-01,NL,PSPP,7.93
2017-02-01,PT,PSPP,9.28
2017-02-01,SI,PSPP,8.89
2017-02-01,SK,PSPP,7.95
2017-03-01,AT,PSPP,9.31
2017-03-01,BE,PSPP,10.13
2017-03-01,CY,PSPP,4.59
2017-03-01,DE,PSPP,7.65
2017-03-01,EE,PSPP,1.28
2017-03-01,ES,PSPP,8.81
2017-03-01,FI,PSPP,7.25
2017-03-01,FR,PSPP,7.63
2017-03-01,IE,PSPP,8.92
2017-03-01,IT,PSPP,8.72
2017-03-01,LT,PSPP,6.78
2017-03-01,LU,PSPP,5.54
2017-03-01,LV,PSPP,7.65
2017-03-01,MT,PSPP,11.28
2017-03-01,NL,PSPP,7.82
2017-03-01,PT,PSPP,9.18
2017-03-01,SI,PSPP,9.19
2017-03-01,SK,PSPP,8.08
2017-04-01,AT,PSPP,9.34
2017-04-01,BE,PSPP,10.23
2017-04-01,CY,PSPP,4.5
2017-04-01,DE,PSPP,7.47
2017-04-01,EE,PSPP,1.2
2017-04-01,ES,PSPP,8.67
2017-04-01,FI,PSPP,7.37
2017-04-01,FR,PSPP,7.65
2017-04-01,IE,PSPP,8.83
2017-04-01,IT,PSPP,8.65
2017-04-01,LT,PSPP,6.77
2017-04-01,LU,PSPP,5.56
2017-04-01,LV,PSPP,7.7
2017-04-01,MT,PSPP,11.21
2017-04-01,NL,PSPP,7.82
2017-04-01,PT,PSPP,9.05
2017-04-01,SI,PSPP,9.18
2017-04-01,SK,PSPP,8.1
2017-05-01,AT,PSPP,9.3
2017-05-01,BE,PSPP,10.22
2017-05-01,CY,PSPP,4.42
2017-05-01,DE,PSPP,7.28
2017-05-01,EE,PSPP,1.12
2017-05-01,ES,PSPP,8.59
2017-05-01,FI,PSPP,7.35
2017-05-01,FR,PSPP,7.65
2017-05-01,IE,PSPP,8.76
2017-05-01,IT,PSPP,8.58
2017-05-01,LT,PSPP,6.77
2017-05-01,LU,PSPP,5.61
2017-05-01,LV,PSPP,7.63
2017-05-01,MT,PSPP,11.17
2017-05-01,NL,PSPP,7.74
2017-05-01,PT,PSPP,8.95
2017-05-01,SI,PSPP,9.28
2017-05-01,SK,PSPP,8.14
2017-06-01,AT,PSPP,9.23
2017-06-01,BE,PSPP,10.4
2017-06-01,CY,PSPP,4.69
2017-06-01,DE,PSPP,7.15
2017-06-01,EE,PSPP,1.03
2017-06-01,ES,PSPP,8.52
2017-06-01,FI,PSPP,7.3
2017-06-01,FR,PSPP,7.64
2017-06-01,IE,PSPP,8.73
2017-06-01,IT,PSPP,8.58
2017-06-01,LT,PSPP,6.88
2017-06-01,LU,PSPP,5.65
2017-06-01,LV,PSPP,7.94
2017-06-01,MT,PSPP,11.03
2017-06-01,NL,PSPP,7.65
2017-06-01,PT,PSPP,8.85
2017-06-01,SI,PSPP,9.45
2017-06-01,SK,PSPP,8.22
2017-07-01,AT,PSPP,9.17
2017-07-01,BE,PSPP,10.32
2017-07-01,CY,PSPP,4.6
2017-07-01,DE,PSPP,7.0
2017-07-01,EE,PSPP,0.95
2017-07-01,ES,PSPP,8.5
2017-07-01,FI,PSPP,7.27
2017-07-01,FR,PSPP,7.75
2017-07-01,IE,PSPP,8.66
2017-07-01,IT,PSPP,8.55
2017-07-01,LT,PSPP,6.81
2017-07-01,LU,PSPP,5.69
2017-07-01,LV,PSPP,7.85
2017-07-01,MT,PSPP,10.97
2017-07-01,NL,PSPP,7.7
2017-07-01,PT,PSPP,8.73
2017-07-01,SI,PSPP,9.56
2017-07-01,SK,PSPP,8.22
2017-08-01,AT,PSPP,9.15
2017-08-01,BE,PSPP,10.22
2017-08-01,CY,PSPP,4.52
2017-08-01,DE,PSPP,6.89
2017-08-01,EE,PSPP,0.86
2017-08-01,ES,PSPP,8.46
2017-08-01,FI,PSPP,7.22
2017-08-01,FR,PSPP,7.73
2017-08-01,IE,PSPP,8.67
2017-08-01,IT,PSPP,8.47
2017-08-01,LT,PSPP,6.89
2017-08-01,LU,PSPP,5.7
2017-08-01,LV,PSPP,7.82
2017-08-01,MT,PSPP,10.94
2017-08-01,NL,PSPP,7.63
2017-08-01,PT,PSPP,8.64
2017-08-01,SI,PSPP,9.59
2017-08-01,SK,PSPP,8.2
2017-09-01,AT,PSPP,9.13
2017-09-01,BE,PSPP,10.26
2017-09-01,CY,PSPP,4.45
2017-09-01,DE,PSPP,6.8
2017-09-01,EE,PSPP,0.78
2017-09-01,ES,PSPP,8.4
2017-09-01,FI,PSPP,7.5
2017-09-01,FR,PSPP,7.73
2017-09-01,IE,PSPP,8.63
2017-09-01,IT,PSPP,8.38
2017-09-01,LT,PSPP,6.91
2017-09-01,LU,PSPP,5.69
2017-09-01,LV,PSPP,7.82
2017-09-01,MT,PSPP,10.81
2017-09-01,NL,PSPP,7.58
2017-09-01,PT,PSPP,8.55
2017-09-01,SI,PSPP,9.69
2017-09-01,SK,PSPP,8.17
2017-10-01,AT,PSPP,9.14
2017-10-01,BE,PSPP,10.16
2017-10-01,CY,PSPP,4.36
2017-10-01,DE,PSPP,6.74
2017-10-01,EE,PSPP,0.7
2017-10-01,ES,PSPP,8.42
2017-10-01,FI,PSPP,7.47
2017-10-01,FR,PSPP,7.79
2017-10-01,IE,PSPP,9.35
2017-10-01,IT,PSPP,8.24
2017-10-01,LT,PSPP,6.88
2017-10-01,LU,PSPP,5.66
2017-10-01,LV,PSPP,7.74
2017-10-01,MT,PSPP,10.76
2017-10-01,NL,PSPP,7.53
2017-10-01,PT,PSPP,8.48
2017-10-01,SI,PSPP,10.25
2017-10-01,SK,PSPP,8.37
2017-11-01,AT,PSPP,9.14
2017-11-01,BE,PSPP,10.04
2017-11-01,CY,PSPP,4.28
2017-11-01,DE,PSPP,6.66
2017-11-01,EE,PSPP,0.61
2017-11-01,ES,PSPP,8.34
2017-11-01,FI,PSPP,7.36
2017-11-01,FR,PSPP,7.79
2017-11-01,IE,PSPP,9.31
2017-11-01,IT,PSPP,8.16
2017-11-01,LT,PSPP,6.84
2017-11-01,LU,PSPP,5.63
2017-11-01,LV,PSPP,7.69
2017-11-01,MT,PSPP,11.5
2017-11-01,NL,PSPP,7.47
2017-11-01,PT,PSPP,8.4
2017-11-01,SI,PSPP,10.28
2017-11-01,SK,PSPP,8.4
2017-12-01,AT,PSPP,9.08
2017-12-01,BE,PSPP,9.98
2017-12-01,CY,PSPP,4.2
2017-12-01,DE,PSPP,6.56
2017-12-01,EE,PSPP,0.53
2017-12-01,ES,PSPP,8.27
2017-12-01,FI,PSPP,7.3
2017-12-01,FR,PSPP,7.76
2017-12-01,IE,PSPP,9.2
2017-12-01,IT,PSPP,8.11
2017-12-01,LT,PSPP,6.83
2017-12-01,LU,PSPP,5.66
2017-12-01,LV,PSPP,7.6
2017-12-01,MT,PSPP,11.52
2017-12-01,NL,PSPP,7.42
2017-12-01,PT,PSPP,8.31
2017-12-01,SI,PSPP,10.33
2017-12-01,SK,PSPP,8.41
2018-01-01,AT,PSPP,8.97
2018-01-01,BE,PSPP,9.87
2018-01-01,CY,PSPP,4.11
2018-01-01,DE,PSPP,6.48
2018-01-01,EE,PSPP,0.44
2018-01-01,ES,PSPP,8.25
2018-01-01,FI,PSPP,7.23
2018-01-01,FR,PSPP,7.7
2018-01-01,IE,PSPP,9.13
2018-01-01,IT,PSPP,8.09
2018-01-01,LT,PSPP,6.83
2018-01-01,LU,PSPP,5.62
2018-01-01,LV,PSPP,7.77
2018-01-01,MT,PSPP,11.45
2018-01-01,NL,PSPP,7.45
2018-01-01,PT,PSPP,8.23
2018-01-01,SI,PSPP,10.39
2018-01-01,SK,PSPP,8.45
2018-02-01,AT,PSPP,8.91
2018-02-01,BE,PSPP,9.75
2018-02-01,CY,PSPP,4.03
2018-02-01,DE,PSPP,6.46
2018-02-01,EE,PSPP,0.37
2018-02-01,ES,PSPP,8.21
2018-02-01,FI,PSPP,7.18
2018-02-01,FR,PSPP,7.67
2018-02-01,IE,PSPP,9.05
2018-02-01,IT,PSPP,8.04
2018-02-01,LT,PSPP,8.25
2018-02-01,LU,PSPP,5.57
2018-02-01,LV,PSPP,7.69
2018-02-01,MT,PSPP,11.38
2018-02-01,NL,PSPP,7.39
2018-02-01,PT,PSPP,8.19
2018-02-01,SI,PSPP,10.4
2018-02-01,SK,PSPP,8.46
2018-03-01,AT,PSPP,8.82
2018-03-01,BE,PSPP,9.75
2018-03-01,CY,PSPP,3.95
2018-03-01,DE,PSPP,6.41
2018-03-01,EE,PSPP,0.28
2018-03-01,ES,PSPP,8.18
2018-03-01,FI,PSPP,7.12
2018-03-01,FR,PSPP,7.61
2018-03-01,IE,PSPP,9.09
2018-03-01,IT,PSPP,7.97
2018-03-01,LT,PSPP,8.27
2018-03-01,LU,PSPP,5.5
2018-03-01,LV,PSPP,8.12
2018-03-01,MT,PSPP,11.21
2018-03-01,NL,PSPP,7.32
2018-03-01,PT,PSPP,8.14
2018-03-01,SI,PSPP,10.71
2018-03-01,SK,PSPP,8.46
2018-04-01,AT,PSPP,8.75
2018-04-01,BE,PSPP,9.66
2018-04-01,CY,PSPP,3.87
2018-04-01,DE,PSPP,6.45
2018-04-01,EE,PSPP,0.2
2018-04-01,ES,PSPP,8.41
2018-04-01,FI,PSPP,7.07
2018-04-01,FR,PSPP,7.6
2018-04-01,IE,PSPP,9.18
2018-04-01,IT,PSPP,7.94
2018-04-01,LT,PSPP,8.12
2018-04-01,LU,PSPP,5.47
2018-04-01,LV,PSPP,8.07
2018-04-01,MT,PSPP,11.13
2018-04-01,NL,PSPP,7.5
2018-04-01,PT,PSPP,8.16
2018-04-01,SI,PSPP,10.75
2018-04-01,SK,PSPP,8.6
2018-05-01,AT,PSPP,8.66
2018-05-01,BE,PSPP,9.65
2018-05-01,CY,PSPP,3.78
2018-05-01,DE,PSPP,6.37
2018-05-01,EE,PSPP,0.12
2018-05-01,ES,PSPP,8.38
2018-05-01,FI,PSPP,7.04
2018-05-01,FR,PSPP,7.62
2018-05-01,IE,PSPP,9.18
2018-05-01,IT,PSPP,7.93
2018-05-01,LT,PSPP,8.23
2018-05-01,LU,PSPP,5.39
2018-05-01,LV,PSPP,8.3
2018-05-01,MT,PSPP,10.95
2018-05-01,NL,PSPP,7.44
2018-05-01,PT,PSPP,8.16
2018-05-01,SI,PSPP,10.73
2018-05-01,SK,PSPP,8.62
2018-06-01,AT,PSPP,8.57
2018-06-01,BE,PSPP,9.72
2018-06-01,CY,PSPP,3.7
2018-06-01,DE,PSPP,6.41
2018-06-01,EE,PSPP,0.03
2018-06-01,ES,PSPP,8.35
2018-06-01,FI,PSPP,7.04
2018-06-01,FR,PSPP,7.58
2018-06-01,IE,PSPP,9.18
2018-06-01,IT,PSPP,7.93
2018-06-01,LT,PSPP,8.3
2018-06-01,LU,PSPP,5.31
2018-06-01,LV,PSPP,8.58
2018-06-01,MT,PSPP,10.78
2018-06-01,NL,PSPP,7.37
2018-06-01,PT,PSPP,8.13
2018-06-01,SI,PSPP,10.71
2018-06-01,SK,PSPP,8.6
2018-07-01,AT,PSPP,8.49
2018-07-01,BE,PSPP,9.63
2018-07-01,CY,PSPP,3.61
2018-07-01,DE,PSPP,6.44
2018-07-01,EE,PSPP,0.0
2018-07-01,ES,PSPP,8.39
2018-07-01,FI,PSPP,7.04
2018-07-01,FR,PSPP,7.54
2018-07-01,IE,PSPP,9.12
2018-07-01,IT,PSPP,7.84
2018-07-01,LT,PSPP,8.15
2018-07-01,LU,PSPP,5.23
2018-07-01,LV,PSPP,8.6
2018-07-01,MT,PSPP,10.93
2018-07-01,NL,PSPP,7.53
2018-07-01,PT,PSPP,8.08
2018-07-01,SI,PSPP,10.65
2018-07-01,SK,PSPP,8.57
2018-08-01,AT,PSPP,8.41
2018-08-01,BE,PSPP,9.55
2018-08-01,CY,PSPP,3.53
2018-08-01,DE,PSPP,6.36
2018-08-01,EE,PSPP,0.0
2018-08-01,ES,PSPP,8.34
2018-08-01,FI,PSPP,7.03
2018-08-01,FR,PSPP,7.47
2018-08-01,IE,PSPP,9.06
2018-08-01,IT,PSPP,7.77
2018-08-01,LT,PSPP,8.03
2018-08-01,LU,PSPP,5.21
2018-08-01,LV,PSPP,8.59
2018-08-01,MT,PSPP,10.83
2018-08-01,NL,PSPP,7.47
2018-08-01,PT,PSPP,8.03
2018-08-01,SI,PSPP,10.8
2018-08-01,SK,PSPP,8.54
2018-09-01,AT,PSPP,8.32
2018-09-01,BE,PSPP,9.49
2018-09-01,CY,PSPP,3.45
2018-09-01,DE,PSPP,6.35
2018-09-01,EE,PSPP,0.0
2018-09-01,ES,PSPP,8.3
2018-09-01,FI,PSPP,7.32
2018-09-01,FR,PSPP,7.41
2018-09-01,IE,PSPP,9.03
2018-09-01,IT,PSPP,7.69
2018-09-01,LT,PSPP,8.58
2018-09-01,LU,PSPP,5.14
2018-09-01,LV,PSPP,8.64
2018-09-01,MT,PSPP,10.77
2018-09-01,NL,PSPP,7.41
2018-09-01,PT,PSPP,7.99
2018-09-01,SI,PSPP,10.75
2018-09-01,SK,PSPP,8.59
2018-10-01,AT,PSPP,8.22
2018-10-01,BE,PSPP,9.4
2018-10-01,CY,PSPP,4.95
2018-10-01,DE,PSPP,6.38
2018-10-01,EE,PSPP,0.0
2018-10-01,ES,PSPP,8.23
2018-10-01,FI,PSPP,7.27
2018-10-01,FR,PSPP,7.4
2018-10-01,IE,PSPP,8.96
2018-10-01,IT,PSPP,7.62
2018-10-01,LT,PSPP,8.53
2018-10-01,LU,PSPP,5.05
2018-10-01,LV,PSPP,8.72
2018-10-01,MT,PSPP,10.86
2018-10-01,NL,PSPP,7.36
2018-10-01,PT,PSPP,7.94
2018-10-01,SI,PSPP,10.68
2018-10-01,SK,PSPP,8.49
2018-11-01,AT,PSPP,8.13
2018-11-01,BE,PSPP,9.32
2018-11-01,CY,PSPP,5.43
2018-11-01,DE,PSPP,6.31
2018-11-01,EE,PSPP,0.0
2018-11-01,ES,PSPP,8.38
2018-11-01,FI,PSPP,7.2
2018-11-01,FR,PSPP,7.38
2018-11-01,IE,PSPP,8.9
2018-11-01,IT,PSPP,7.54
2018-11-01,LT,PSPP,8.55
2018-11-01,LU,PSPP,4.98
2018-11-01,LV,PSPP,8.71
2018-11-01,MT,PSPP,10.62
2018-11-01,NL,PSPP,7.29
2018-11-01,PT,PSPP,7.88
2018-11-01,SI,PSPP,10.62
2018-11-01,SK,PSPP,9.15
2018-12-01,AT,PSPP,8.07
2018-12-01,BE,PSPP,9.24
2018-12-01,CY,PSPP,5.81
2018-12-01,DE,PSPP,6.31
2018-12-01,EE,PSPP,0.0
2018-12-01,ES,PSPP,8.32
2018-12-01,FI,PSPP,7.13
2018-12-01,FR,PSPP,7.31
2018-12-01,IE,PSPP,8.84
2018-12-01,IT,PSPP,7.51
2018-12-01,LT,PSPP,8.46
2018-12-01,LU,PSPP,4.91
2018-12-01,LV,PSPP,8.74
2018-12-01,MT,PSPP,10.56
2018-12-01,NL,PSPP,7.22
2018-12-01,PT,PSPP,7.8
2018-12-01,SI,PSPP,10.55
2018-12-01,SK,PSPP,9.07
2019-01-01,AT,PSPP,8.0
2019-01-01,BE,PSPP,9.15
2019-01-01,CY,PSPP,5.75
2019-01-01,DE,PSPP,6.34
2019-01-01,EE,PSPP,0.0
2019-01-01,ES,PSPP,8.22
2019-01-01,FI,PSPP,7.05
2019-01-01,FR,PSPP,7.23
2019-01-01,IE,PSPP,8.78
2019-01-01,IT,PSPP,7.42
2019-01-01,LT,PSPP,8.46
2019-01-01,LU,PSPP,4.83
2019-01-01,LV,PSPP,8.71
2019-01-01,MT,PSPP,10.48
2019-01-01,NL,PSPP,7.45
2019-01-01,PT,PSPP,7.8
2019-01-01,SI,PSPP,10.47
2019-01-01,SK,PSPP,8.97
2019-02-01,AT,PSPP,7.93
2019-02-01,BE,PSPP,9.08
2019-02-01,CY,PSPP,5.69
2019-02-01,DE,PSPP,6.35
2019-02-01,EE,PSPP,0.0
2019-02-01,ES,PSPP,8.35
2019-02-01,FI,PSPP,7.0
2019-02-01,FR,PSPP,7.2
2019-02-01,IE,PSPP,8.71
2019-02-01,IT,PSPP,7.36
2019-02-01,LT,PSPP,8.38
2019-02-01,LU,PSPP,4.75
2019-02-01,LV,PSPP,8.72
2019-02-01,MT,PSPP,10.39
2019-02-01,NL,PSPP,7.37
2019-02-01,PT,PSPP,7.73
2019-02-01,SI,PSPP,10.8
2019-02-01,SK,PSPP,8.87
2019-03-01,AT,PSPP,7.92
2019-03-01,BE,PSPP,9.11
2019-03-01,CY,PSPP,5.69
2019-03-01,DE,PSPP,6.39
2019-03-01,EE,PSPP,0.0
2019-03-01,ES,PSPP,8.28
2019-03-01,FI,PSPP,6.92
2019-03-01,FR,PSPP,7.12
2019-03-01,IE,PSPP,8.65
2019-03-01,IT,PSPP,7.27
2019-03-01,LT,PSPP,8.52
2019-03-01,LU,PSPP,4.67
2019-03-01,LV,PSPP,8.68
2019-03-01,MT,PSPP,10.32
2019-03-01,NL,PSPP,7.32
2019-03-01,PT,PSPP,7.66
2019-03-01,SI,PSPP,10.71
2019-03-01,SK,PSPP,8.84
2019-04-01,AT,PSPP,7.85
2019-04-01,BE,PSPP,9.04
2019-04-01,CY,PSPP,6.0
2019-04-01,DE,PSPP,6.41
2019-04-01,EE,PSPP,0.0
2019-04-01,ES,PSPP,8.21
2019-04-01,FI,PSPP,6.88
2019-04-01,FR,PSPP,7.11
2019-04-01,IE,PSPP,8.57
2019-04-01,IT,PSPP,7.26
2019-04-01,LT,PSPP,8.37
2019-04-01,LU,PSPP,4.59
2019-04-01,LV,PSPP,8.96
2019-04-01,MT,PSPP,10.23
2019-04-01,NL,PSPP,7.27
2019-04-01,PT,PSPP,7.61
2019-04-01,SI,PSPP,10.63
2019-04-01,SK,PSPP,8.82
2019-05-01,AT,PSPP,7.76
2019-05-01,BE,PSPP,8.96
2019-05-01,CY,PSPP,6.34
2019-05-01,DE,PSPP,6.35
2019-05-01,EE,PSPP,0.0
2019-05-01,ES,PSPP,8.37
2019-05-01,FI,PSPP,6.8
2019-05-01,FR,PSPP,7.16
2019-05-01,IE,PSPP,8.53
2019-05-01,IT,PSPP,7.31
2019-05-01,LT,PSPP,8.25
2019-05-01,LU,PSPP,4.51
2019-05-01,LV,PSPP,9.16
2019-05-01,MT,PSPP,10.15
2019-05-01,NL,PSPP,7.2
2019-05-01,PT,PSPP,7.58
2019-05-01,SI,PSPP,10.54
2019-05-01,SK,PSPP,8.9
2019-06-01,AT,PSPP,7.79
2019-06-01,BE,PSPP,8.87
2019-06-01,CY,PSPP,6.96
2019-06-01,DE,PSPP,6.35
2019-06-01,EE,PSPP,0.0
2019-06-01,ES,PSPP,8.29
2019-06-01,FI,PSPP,6.74
2019-06-01,FR,PSPP,7.08
2019-06-01,IE,PSPP,8.5
2019-06-01,IT,PSPP,7.22
2019-06-01,LT,PSPP,8.54
2019-06-01,LU,PSPP,4.43
2019-06-01,LV,PSPP,9.31
2019-06-01,MT,PSPP,9.94
2019-06-01,NL,PSPP,7.16
2019-06-01,PT,PSPP,7.8
2019-06-01,SI,PSPP,10.45
2019-06-01,SK,PSPP,8.84
2019-07-01,AT,PSPP,7.74
2019-07-01,BE,PSPP,8.79
2019-07-01,CY,PSPP,7.45
2019-07-01,DE,PSPP,6.38
2019-07-01,EE,PSPP,0.0
2019-07-01,ES,PSPP,8.35
2019-07-01,FI,PSPP,7.03
2019-07-01,FR,PSPP,7.05
2019-07-01,IE,PSPP,8.46
2019-07-01,IT,PSPP,7.14
2019-07-01,LT,PSPP,8.91
2019-07-01,LU,PSPP,4.34
2019-07-01,LV,PSPP,9.53
2019-07-01,MT,PSPP,9.96
2019-07-01,NL,PSPP,7.44
2019-07-01,PT,PSPP,7.78
2019-07-01,SI,PSPP,10.35
2019-07-01,SK,PSPP,8.79
2019-08-01,AT,PSPP,7.66
2019-08-01,BE,PSPP,8.7
2019-08-01,CY,PSPP,7.39
2019-08-01,DE,PSPP,6.31
2019-08-01,EE,PSPP,0.0
2019-08-01,ES,PSPP,8.27
2019-08-01,FI,PSPP,6.95
2019-08-01,FR,PSPP,6.98
2019-08-01,IE,PSPP,8.41
2019-08-01,IT,PSPP,7.13
2019-08-01,LT,PSPP,8.92
2019-08-01,LU,PSPP,4.25
2019-08-01,LV,PSPP,9.65
2019-08-01,MT,PSPP,10.1
2019-08-01,NL,PSPP,7.38
2019-08-01,PT,PSPP,7.71
2019-08-01,SI,PSPP,10.26
2019-08-01,SK,PSPP,8.72
2019-09-01,AT,PSPP,7.6
2019-09-01,BE,PSPP,8.82
2019-09-01,CY,PSPP,7.88
2019-09-01,DE,PSPP,6.31
2019-09-01,EE,PSPP,0.0
2019-09-01,ES,PSPP,8.2
2019-09-01,FI,PSPP,6.9
2019-09-01,FR,PSPP,6.92
2019-09-01,IE,PSPP,8.36
2019-09-01,IT,PSPP,7.08
2019-09-01,LT,PSPP,9.18
2019-09-01,LU,PSPP,4.17
2019-09-01,LV,PSPP,9.8
2019-09-01,MT,PSPP,10.56
2019-09-01,NL,PSPP,7.31
2019-09-01,PT,PSPP,7.69
2019-09-01,SI,PSPP,10.17
2019-09-01,SK,PSPP,8.67
2019-10-01,AT,PSPP,7.67
2019-10-01,BE,PSPP,8.75
2019-10-01,CY,PSPP,7.99
2019-10-01,DE,PSPP,6.36
2019-10-01,EE,PSPP,0.0
2019-10-01,ES,PSPP,8.13
2019-10-01,FI,PSPP,6.82
2019-10-01,FR,PSPP,6.98
2019-10-01,IE,PSPP,8.37
2019-10-01,IT,PSPP,7.16
2019-10-01,LT,PSPP,9.53
2019-10-01,LU,PSPP,4.09
2019-10-01,LV,PSPP,10.06
2019-10-01,MT,PSPP,10.53
2019-10-01,NL,PSPP,7.31
2019-10-01,PT,PSPP,7.66
2019-10-01,SI,PSPP,10.08
2019-10-01,SK,PSPP,8.6
2019-11-01,AT,PSPP,7.66
2019-11-01,BE,PSPP,8.66
2019-11-01,CY,PSPP,8.46
2019-11-01,DE,PSPP,6.31
2019-11-01,EE,PSPP,0.0
2019-11-01,ES,PSPP,8.2
2019-11-01,FI,PSPP,6.73
2019-11-01,FR,PSPP,7.01
2019-11-01,IE,PSPP,8.3
2019-11-01,IT,PSPP,7.15
2019-11-01,LT,PSPP,9.42
2019-11-01,LU,PSPP,4.04
2019-11-01,LV,PSPP,10.41
2019-11-01,MT,PSPP,10.43
2019-11-01,NL,PSPP,7.25
2019-11-01,PT,PSPP,7.65
2019-11-01,SI,PSPP,9.99
2019-11-01,SK,PSPP,8.54
2019-12-01,AT,PSPP,7.63
2019-12-01,BE,PSPP,8.59
2019-12-01,CY,PSPP,8.65
2019-12-01,DE,PSPP,6.3
2019-12-01,EE,PSPP,0.0
2019-12-01,ES,PSPP,8.21
2019-12-01,FI,PSPP,6.64
2019-12-01,FR,PSPP,6.95
2019-12-01,IE,PSPP,8.24
2019-12-01,IT,PSPP,7.17
2019-12-01,LT,PSPP,9.37
2019-12-01,LU,PSPP,3.97
2019-12-01,LV,PSPP,10.61
2019-12-01,MT,PSPP,10.34
2019-12-01,NL,PSPP,7.19
2019-12-01,PT,PSPP,7.62
2019-12-01,SI,PSPP,9.91
2019-12-01,SK,PSPP,8.49
2020-01-01,AT,PSPP,7.6
2020-01-01,BE,PSPP,8.53
2020-01-01,CY,PSPP,8.74
2020-01-01,DE,PSPP,6.38
2020-01-01,EE,PSPP,0.0
2020-01-01,ES,PSPP,8.14
2020-01-01,FI,PSPP,6.57
2020-01-01,FR,PSPP,6.9
2020-01-01,IE,PSPP,8.36
2020-01-01,IT,PSPP,7.09
2020-01-01,LT,PSPP,9.24
2020-01-01,LU,PSPP,3.98
2020-01-01,LV,PSPP,10.71
2020-01-01,MT,PSPP,10.25
2020-01-01,NL,PSPP,7.56
2020-01-01,PT,PSPP,7.59
2020-01-01,SI,PSPP,10.3
2020-01-01,SK,PSPP,8.43
2020-02-01,AT,PSPP,7.6
2020-02-01,BE,PSPP,8.45
2020-02-01,CY,PSPP,8.86
2020-02-01,DE,PSPP,6.33
2020-02-01,EE,PSPP,0.0
2020-02-01,ES,PSPP,8.29
2020-02-01,FI,PSPP,6.51
2020-02-01,FR,PSPP,6.89
2020-02-01,IE,PSPP,8.34
2020-02-01,IT,PSPP,7.05
2020-02-01,LT,PSPP,9.13
2020-02-01,LU,PSPP,3.91
2020-02-01,LV,PSPP,10.76
2020-02-01,MT,PSPP,10.1
2020-02-01,NL,PSPP,7.5
2020-02-01,PT,PSPP,7.55
2020-02-01,SI,PSPP,10.22
2020-02-01,SK,PSPP,8.36
2020-03-01,AT,PSPP,7.59
2020-03-01,BE,PSPP,8.4
2020-03-01,CY,PSPP,8.86
2020-03-01,DE,PSPP,6.32
2020-03-01,EE,PSPP,0.0
2020-03-01,ES,PSPP,8.25
2020-03-01,FI,PSPP,6.46
2020-03-01,FR,PSPP,6.89
2020-03-01,IE,PSPP,8.36
2020-03-01,IT,PSPP,7.15
2020-03-01,LT,PSPP,9.25
2020-03-01,LU,PSPP,3.87
2020-03-01,LV,PSPP,10.68
2020-03-01,MT,PSPP,10.16
2020-03-01,NL,PSPP,7.43
2020-03-01,PT,PSPP,7.5
2020-03-01,SI,PSPP,10.13
2020-03-01,SK,PSPP,8.3
2020-04-01,AT,PSPP,7.61
2020-04-01,BE,PSPP,8.38
2020-04-01,CY,PSPP,9.15
2020-04-01,DE,PSPP,6.46
2020-04-01,EE,PSPP,0.0
2020-04-01,ES,PSPP,8.16
2020-04-01,FI,PSPP,6.97
2020-04-01,FR,PSPP,6.99
2020-04-01,IE,PSPP,8.91
2020-04-01,IT,PSPP,7.12
2020-04-01,LT,PSPP,9.14
2020-04-01,LU,PSPP,3.88
2020-04-01,LV,PSPP,10.62
2020-04-01,MT,PSPP,10.27
2020-04-01,NL,PSPP,7.44
2020-04-01,PT,PSPP,7.45
2020-04-01,SI,PSPP,10.04
2020-04-01,SK,PSPP,8.87
2020-05-01,AT,PSPP,7.65
2020-05-01,BE,PSPP,8.35
2020-05-01,CY,PSPP,9.25
2020-05-01,DE,PSPP,6.4
2020-05-01,EE,PSPP,0.0
2020-05-01,ES,PSPP,8.19
2020-05-01,FI,PSPP,6.91
2020-05-01,FR,PSPP,7.08
2020-05-01,IE,PSPP,8.83
2020-05-01,IT,PSPP,7.16
2020-05-01,LT,PSPP,9.26
2020-05-01,LU,PSPP,5.03
2020-05-01,LV,PSPP,10.55
2020-05-01,MT,PSPP,10.15
2020-05-01,NL,PSPP,7.36
2020-05-01,PT,PSPP,7.38
2020-05-01,SI,PSPP,9.92
2020-05-01,SK,PSPP,8.79
2020-06-01,AT,PSPP,7.7
2020-06-01,BE,PSPP,8.33
2020-06-01,CY,PSPP,9.41
2020-06-01,DE,PSPP,6.42
2020-06-01,EE,PSPP,9.94
2020-06-01,ES,PSPP,8.14
2020-06-01,FI,PSPP,6.83
2020-06-01,FR,PSPP,7.1
2020-06-01,IE,PSPP,8.78
2020-06-01,IT,PSPP,7.22
2020-06-01,LT,PSPP,9.15
2020-06-01,LU,PSPP,5.01
2020-06-01,LV,PSPP,10.59
2020-06-01,MT,PSPP,10.16
2020-06-01,NL,PSPP,7.28
2020-06-01,PT,PSPP,7.31
2020-06-01,SI,PSPP,9.81
2020-06-01,SK,PSPP,8.66
2020-07-01,AT,PSPP,7.89
2020-07-01,BE,PSPP,8.28
2020-07-01,CY,PSPP,9.72
2020-07-01,DE,PSPP,6.47
2020-07-01,EE,PSPP,9.86
2020-07-01,ES,PSPP,8.28
2020-07-01,FI,PSPP,6.87
2020-07-01,FR,PSPP,7.11
2020-07-01,IE,PSPP,8.75
2020-07-01,IT,PSPP,7.16
2020-07-01,LT,PSPP,8.99
2020-07-01,LU,PSPP,4.96
2020-07-01,LV,PSPP,10.31
2020-07-01,MT,PSPP,10.07
2020-07-01,NL,PSPP,7.6
2020-07-01,PT,PSPP,7.26
2020-07-01,SI,PSPP,9.64
2020-07-01,SK,PSPP,8.56
2020-08-01,AT,PSPP,7.87
2020-08-01,BE,PSPP,8.2
2020-08-01,CY,PSPP,9.96
2020-08-01,DE,PSPP,6.41
2020-08-01,EE,PSPP,9.77
2020-08-01,ES,PSPP,8.2
2020-08-01,FI,PSPP,6.8
2020-08-01,FR,PSPP,7.06
2020-08-01,IE,PSPP,8.67
2020-08-01,IT,PSPP,7.07
2020-08-01,LT,PSPP,9.1
2020-08-01,LU,PSPP,4.91
2020-08-01,LV,PSPP,10.17
2020-08-01,MT,PSPP,9.97
2020-08-01,NL,PSPP,7.54
2020-08-01,PT,PSPP,7.23
2020-08-01,SI,PSPP,9.55
2020-08-01,SK,PSPP,8.47
2020-09-01,AT,PSPP,7.84
2020-09-01,BE,PSPP,8.41
2020-09-01,CY,PSPP,10.04
2020-09-01,DE,PSPP,6.51
2020-09-01,EE,PSPP,9.69
2020-09-01,ES,PSPP,8.15
2020-09-01,FI,PSPP,7.17
2020-09-01,FR,PSPP,7.04
2020-09-01,IE,PSPP,8.63
2020-09-01,IT,PSPP,7.08
2020-09-01,LT,PSPP,9.45
2020-09-01,LU,PSPP,4.96
2020-09-01,LV,PSPP,10.06
2020-09-01,MT,PSPP,10.05
2020-09-01,NL,PSPP,7.51
2020-09-01,PT,PSPP,7.19
2020-09-01,SI,PSPP,9.4
2020-09-01,SK,PSPP,8.36
2020-10-01,AT,PSPP,7.8
2020-10-01,BE,PSPP,8.35
2020-10-01,CY,PSPP,10.0
2020-10-01,DE,PSPP,6.55
2020-10-01,EE,PSPP,9.61
2020-10-01,ES,PSPP,8.1
2020-10-01,FI,PSPP,7.15
2020-10-01,FR,PSPP,7.15
2020-10-01,IE,PSPP,8.77
2020-10-01,IT,PSPP,7.11
2020-10-01,LT,PSPP,9.61
2020-10-01,LU,PSPP,5.21
2020-10-01,LV,PSPP,9.89
2020-10-01,MT,PSPP,9.96
2020-10-01,NL,PSPP,7.57
2020-10-01,PT,PSPP,7.2
2020-10-01,SI,PSPP,9.29
2020-10-01,SK,PSPP,8.29
2020-11-01,AT,PSPP,7.78
2020-11-01,BE,PSPP,8.29
2020-11-01,CY,PSPP,9.98
2020-11-01,DE,PSPP,6.52
2020-11-01,EE,PSPP,9.52
2020-11-01,ES,PSPP,8.12
2020-11-01,FI,PSPP,7.1
2020-11-01,FR,PSPP,7.25
2020-11-01,IE,PSPP,8.75
2020-11-01,IT,PSPP,7.28
2020-11-01,LT,PSPP,9.84
2020-11-01,LU,PSPP,5.31
2020-11-01,LV,PSPP,9.71
2020-11-01,MT,PSPP,9.82
2020-11-01,NL,PSPP,7.61
2020-11-01,PT,PSPP,7.12
2020-11-01,SI,PSPP,9.33
2020-11-01,SK,PSPP,8.24
2020-12-01,AT,PSPP,7.7
2020-12-01,BE,PSPP,8.22
2020-12-01,CY,PSPP,9.95
2020-12-01,DE,PSPP,6.52
2020-12-01,EE,PSPP,9.44
2020-12-01,ES,PSPP,8.05
2020-12-01,FI,PSPP,7.04
2020-12-01,FR,PSPP,7.22
2020-12-01,IE,PSPP,8.72
2020-12-01,IT,PSPP,7.28
2020-12-01,LT,PSPP,9.97
2020-12-01,LU,PSPP,5.41
2020-12-01,LV,PSPP,10.04
2020-12-01,MT,PSPP,9.74
2020-12-01,NL,PSPP,7.57
2020-12-01,PT,PSPP,7.05
2020-12-01,SI,PSPP,9.35
2020-12-01,SK,PSPP,8.18
2021-01-01,AT,PSPP,7.66
2021-01-01,BE,PSPP,8.14
2021-01-01,CY,PSPP,9.91
2021-01-01,DE,PSPP,6.6
2021-01-01,EE,PSPP,9.36
2021-01-01,ES,PSPP,8.14
2021-01-01,FI,PSPP,7.0
2021-01-01,FR,PSPP,7.19
2021-01-01,IE,PSPP,8.66
2021-01-01,IT,PSPP,7.21
2021-01-01,LT,PSPP,10.31
2021-01-01,LU,PSPP,5.53
2021-01-01,LV,PSPP,11.22
2021-01-01,MT,PSPP,9.65
2021-01-01,NL,PSPP,7.57
2021-01-01,PT,PSPP,7.05
2021-01-01,SI,PSPP,9.79
2021-01-01,SK,PSPP,8.13
2021-02-01,AT,PSPP,7.57
2021-02-01,BE,PSPP,8.06
2021-02-01,CY,PSPP,9.86
2021-02-01,DE,PSPP,6.56
2021-02-01,EE,PSPP,9.28
2021-02-01,ES,PSPP,8.06
2021-02-01,FI,PSPP,6.95
2021-02-01,FR,PSPP,7.2
2021-02-01,IE,PSPP,8.59
2021-02-01,IT,PSPP,7.14
2021-02-01,LT,PSPP,10.19
2021-02-01,LU,PSPP,5.58
2021-02-01,LV,PSPP,11.42
2021-02-01,MT,PSPP,9.55
2021-02-01,NL,PSPP,7.62
2021-02-01,PT,PSPP,7.05
2021-02-01,SI,PSPP,9.85
2021-02-01,SK,PSPP,8.07
2021-03-01,AT,PSPP,7.5
2021-03-01,BE,PSPP,7.98
2021-03-01,CY,PSPP,9.87
2021-03-01,DE,PSPP,6.57
2021-03-01,EE,PSPP,9.19
2021-03-01,ES,PSPP,8.01
2021-03-01,FI,PSPP,6.91
2021-03-01,FR,PSPP,7.16
2021-03-01,IE,PSPP,8.51
2021-03-01,IT,PSPP,7.08
2021-03-01,LT,PSPP,10.18
2021-03-01,LU,PSPP,5.55
2021-03-01,LV,PSPP,11.31
2021-03-01,MT,PSPP,9.46
2021-03-01,NL,PSPP,7.65
2021-03-01,PT,PSPP,7.01
2021-03-01,SI,PSPP,9.88
2021-03-01,SK,PSPP,8.21
2021-04-01,AT,PSPP,7.47
2021-04-01,BE,PSPP,7.9
2021-04-01,CY,PSPP,9.72
2021-04-01,DE,PSPP,6.62
2021-04-01,EE,PSPP,9.11
2021-04-01,ES,PSPP,7.93
2021-04-01,FI,PSPP,7.31
2021-04-01,FR,PSPP,7.22
2021-04-01,IE,PSPP,8.42
2021-04-01,IT,PSPP,7.09
2021-04-01,LT,PSPP,10.32
2021-04-01,LU,PSPP,5.56
2021-04-01,LV,PSPP,11.16
2021-04-01,MT,PSPP,9.36
2021-04-01,NL,PSPP,7.66
2021-04-01,PT,PSPP,7.41
2021-04-01,SI,PSPP,10.17
2021-04-01,SK,PSPP,8.14
2021-05-01,AT,PSPP,7.37
2021-05-01,BE,PSPP,7.83
2021-05-01,CY,PSPP,9.65
2021-05-01,DE,PSPP,6.62
2021-05-01,EE,PSPP,9.04
2021-05-01,ES,PSPP,7.87
2021-05-01,FI,PSPP,7.3
2021-05-01,FR,PSPP,7.28
2021-05-01,IE,PSPP,8.36
2021-05-01,IT,PSPP,7.11
2021-05-01,LT,PSPP,10.58
2021-05-01,LU,PSPP,5.59
2021-05-01,LV,PSPP,11.05
2021-05-01,MT,PSPP,9.55
2021-05-01,NL,PSPP,7.63
2021-05-01,PT,PSPP,7.5
2021-05-01,SI,PSPP,10.21
2021-05-01,SK,PSPP,8.16
2021-06-01,AT,PSPP,7.33
2021-06-01,BE,PSPP,7.75
2021-06-01,CY,PSPP,9.52
2021-06-01,DE,PSPP,6.66
2021-06-01,EE,PSPP,8.94
2021-06-01,ES,PSPP,7.8
2021-06-01,FI,PSPP,7.34
2021-06-01,FR,PSPP,7.2
2021-06-01,IE,PSPP,8.31
2021-06-01,IT,PSPP,7.21
2021-06-01,LT,PSPP,10.65
2021-06-01,LU,PSPP,5.59
2021-06-01,LV,PSPP,10.87
2021-06-01,MT,PSPP,9.46
2021-06-01,NL,PSPP,7.61
2021-06-01,PT,PSPP,7.51
2021-06-01,SI,PSPP,10.1
2021-06-01,SK,PSPP,8.13
2021-07-01,AT,PSPP,7.33
2021-07-01,BE,PSPP,7.66
2021-07-01,CY,PSPP,9.37
2021-07-01,DE,PSPP,6.71
2021-07-01,EE,PSPP,8.86
2021-07-01,ES,PSPP,7.93
2021-07-01,FI,PSPP,7.38
2021-07-01,FR,PSPP,7.17
2021-07-01,IE,PSPP,8.28
2021-07-01,IT,PSPP,7.15
2021-07-01,LT,PSPP,10.63
2021-07-01,LU,PSPP,5.61
2021-07-01,LV,PSPP,10.73
2021-07-01,MT,PSPP,9.6
2021-07-01,NL,PSPP,7.91
2021-07-01,PT,PSPP,7.51
2021-07-01,SI,PSPP,10.06
2021-07-01,SK,PSPP,8.18
2021-08-01,AT,PSPP,7.28
2021-08-01,BE,PSPP,7.58
2021-08-01,CY,PSPP,9.24
2021-08-01,DE,PSPP,6.65
2021-08-01,EE,PSPP,8.77
2021-08-01,ES,PSPP,7.87
2021-08-01,FI,PSPP,7.35
2021-08-01,FR,PSPP,7.1
2021-08-01,IE,PSPP,8.23
2021-08-01,IT,PSPP,7.14
2021-08-01,LT,PSPP,10.72
2021-08-01,LU,PSPP,5.62
2021-08-01,LV,PSPP,10.63
2021-08-01,MT,PSPP,10.4
2021-08-01,NL,PSPP,7.83
2021-08-01,PT,PSPP,7.47
2021-08-01,SI,PSPP,10.03
2021-08-01,SK,PSPP,8.12
2021-09-01,AT,PSPP,7.49
2021-09-01,BE,PSPP,7.81
2021-09-01,CY,PSPP,9.08
2021-09-01,DE,PSPP,6.72
2021-09-01,EE,PSPP,8.69
2021-09-01,ES,PSPP,7.84
2021-09-01,FI,PSPP,7.3
2021-09-01,FR,PSPP,7.04
2021-09-01,IE,PSPP,8.21
2021-09-01,IT,PSPP,7.11
2021-09-01,LT,PSPP,10.88
2021-09-01,LU,PSPP,5.68
2021-09-01,LV,PSPP,10.46
2021-09-01,MT,PSPP,10.27
2021-09-01,NL,PSPP,7.74
2021-09-01,PT,PSPP,7.5
2021-09-01,SI,PSPP,9.99
2021-09-01,SK,PSPP,8.14
2021-10-01,AT,PSPP,7.4
2021-10-01,BE,PSPP,7.73
2021-10-01,CY,PSPP,8.97
2021-10-01,DE,PSPP,6.76
2021-10-01,EE,PSPP,8.61
2021-10-01,ES,PSPP,7.88
2021-10-01,FI,PSPP,7.36
2021-10-01,FR,PSPP,7.12
2021-10-01,IE,PSPP,8.17
2021-10-01,IT,PSPP,7.09
2021-10-01,LT,PSPP,10.91
2021-10-01,LU,PSPP,5.63
2021-10-01,LV,PSPP,10.31
2021-10-01,MT,PSPP,10.66
2021-10-01,NL,PSPP,7.67
2021-10-01,PT,PSPP,7.48
2021-10-01,SI,PSPP,9.9
2021-10-01,SK,PSPP,8.18
2021-11-01,AT,PSPP,7.33
2021-11-01,BE,PSPP,7.65
2021-11-01,CY,PSPP,8.87
2021-11-01,DE,PSPP,6.7
2021-11-01,EE,PSPP,8.53
2021-11-01,ES,PSPP,7.87
2021-11-01,FI,PSPP,7.38
2021-11-01,FR,PSPP,7.05
2021-11-01,IE,PSPP,8.15
2021-11-01,IT,PSPP,7.2
2021-11-01,LT,PSPP,10.81
2021-11-01,LU,PSPP,5.59
2021-11-01,LV,PSPP,10.19
2021-11-01,MT,PSPP,10.65
2021-11-01,NL,PSPP,7.6
2021-11-01,PT,PSPP,7.5
2021-11-01,SI,PSPP,9.82
2021-11-01,SK,PSPP,8.25
2021-12-01,AT,PSPP,7.28
2021-12-01,BE,PSPP,7.56
2021-12-01,CY,PSPP,8.77
2021-12-01,DE,PSPP,6.68
2021-12-01,EE,PSPP,8.44
2021-12-01,ES,PSPP,7.83
2021-12-01,FI,PSPP,7.35
2021-12-01,FR,PSPP,6.99
2021-12-01,IE,PSPP,8.12
2021-12-01,IT,PSPP,7.19
2021-12-01,LT,PSPP,10.72
2021-12-01,LU,PSPP,5.47
2021-12-01,LV,PSPP,10.11
2021-12-01,MT,PSPP,11.19
2021-12-01,NL,PSPP,7.52
2021-12-01,PT,PSPP,7.49
2021-12-01,SI,PSPP,9.71
2021-12-01,SK,PSPP,8.28
2022-01-01,AT,PSPP,7.2
2022-01-01,BE,PSPP,7.46
2022-01-01,CY,PSPP,8.7
2022-01-01,DE,PSPP,6.73
2022-01-01,EE,PSPP,8.36
2022-01-01,ES,PSPP,7.9
2022-01-01,FI,PSPP,7.42
2022-01-01,FR,PSPP,6.9
2022-01-01,IE,PSPP,8.09
2022-01-01,IT,PSPP,7.14
2022-01-01,LT,PSPP,10.82
2022-01-01,LU,PSPP,5.39
2022-01-01,LV,PSPP,10.13
2022-01-01,MT,PSPP,11.11
2022-01-01,NL,PSPP,7.84
2022-01-01,PT,PSPP,7.47
2022-01-01,SI,PSPP,9.62
2022-01-01,SK,PSPP,8.23
2022-02-01,AT,PSPP,7.14
2022-02-01,BE,PSPP,7.38
2022-02-01,CY,PSPP,8.6
2022-02-01,DE,PSPP,6.67
2022-02-01,EE,PSPP,8.28
2022-02-01,ES,PSPP,7.84
2022-02-01,FI,PSPP,7.4
2022-02-01,FR,PSPP,6.86
2022-02-01,IE,PSPP,8.04
2022-02-01,IT,PSPP,7.08
2022-02-01,LT,PSPP,10.7
2022-02-01,LU,PSPP,5.36
2022-02-01,LV,PSPP,9.99
2022-02-01,MT,PSPP,10.96
2022-02-01,NL,PSPP,7.79
2022-02-01,PT,PSPP,7.43
2022-02-01,SI,PSPP,9.52
2022-02-01,SK,PSPP,8.19
2022-03-01,AT,PSPP,7.11
2022-03-01,BE,PSPP,7.56
2022-03-01,CY,PSPP,8.52
2022-03-01,DE,PSPP,6.63
2022-03-01,EE,PSPP,8.19
2022-03-01,ES,PSPP,7.82
2022-03-01,FI,PSPP,7.47
2022-03-01,FR,PSPP,6.79
2022-03-01,IE,PSPP,8.48
2022-03-01,IT,PSPP,7.03
2022-03-01,LT,PSPP,10.72
2022-03-01,LU,PSPP,5.81
2022-03-01,LV,PSPP,9.74
2022-03-01,MT,PSPP,11.22
2022-03-01,NL,PSPP,7.74
2022-03-01,PT,PSPP,7.44
2022-03-01,SI,PSPP,9.69
2022-03-01,SK,PSPP,8.13
2022-04-01,AT,PSPP,7.3
2022-04-01,BE,PSPP,7.52
2022-04-01,CY,PSPP,8.45
2022-04-01,DE,PSPP,6.65
2022-04-01,EE,PSPP,8.11
2022-04-01,ES,PSPP,8.0
2022-04-01,FI,PSPP,7.92
2022-04-01,FR,PSPP,6.9
2022-04-01,IE,PSPP,8.43
2022-04-01,IT,PSPP,7.18
2022-04-01,LT,PSPP,10.57
2022-04-01,LU,PSPP,5.75
2022-04-01,LV,PSPP,9.47
2022-04-01,MT,PSPP,11.13
2022-04-01,NL,PSPP,7.71
2022-04-01,PT,PSPP,7.47
2022-04-01,SI,PSPP,9.71
2022-04-01,SK,PSPP,8.08
2022-05-01,AT,PSPP,7.31
2022-05-01,BE,PSPP,7.47
2022-05-01,CY,PSPP,9.04
2022-05-01,DE,PSPP,6.61
2022-05-01,EE,PSPP,8.03
2022-05-01,ES,PSPP,7.99
2022-05-01,FI,PSPP,7.97
2022-05-01,FR,PSPP,6.95
2022-05-01,IE,PSPP,8.4
2022-05-01,IT,PSPP,7.13
2022-05-01,LT,PSPP,10.6
2022-05-01,LU,PSPP,5.71
2022-05-01,LV,PSPP,9.42
2022-05-01,MT,PSPP,11.39
2022-05-01,NL,PSPP,7.67
2022-05-01,PT,PSPP,7.44
2022-05-01,SI,PSPP,9.7
2022-05-01,SK,PSPP,8.08
2022-06-01,AT,PSPP,7.33
2022-06-01,BE,PSPP,7.39
2022-06-01,CY,PSPP,8.94
2022-06-01,DE,PSPP,6.64
2022-06-01,EE,PSPP,7.95
2022-06-01,ES,PSPP,7.92
2022-06-01,FI,PSPP,7.98
2022-06-01,FR,PSPP,6.87
2022-06-01,IE,PSPP,8.32
2022-06-01,IT,PSPP,7.15
2022-06-01,LT,PSPP,10.49
2022-06-01,LU,PSPP,5.69
2022-06-01,LV,PSPP,9.31
2022-06-01,MT,PSPP,11.31
2022-06-01,NL,PSPP,7.59
2022-06-01,PT,PSPP,7.37
2022-06-01,SI,PSPP,9.65
2022-06-01,SK,PSPP,8.06
2022-07-01,AT,PSPP,7.24
2022-07-01,BE,PSPP,7.29
2022-07-01,CY,PSPP,8.87
2022-07-01,DE,PSPP,6.7
2022-07-01,EE,PSPP,7.86
2022-07-01,ES,PSPP,7.84
2022-07-01,FI,PSPP,8.02
2022-07-01,FR,PSPP,6.84
2022-07-01,IE,PSPP,8.26
2022-07-01,IT,PSPP,7.1
2022-07-01,LT,PSPP,10.37
2022-07-01,LU,PSPP,5.7
2022-07-01,LV,PSPP,9.22
2022-07-01,MT,PSPP,11.29
2022-07-01,NL,PSPP,7.84
2022-07-01,PT,PSPP,7.32
2022-07-01,SI,PSPP,9.54
2022-07-01,SK,PSPP,7.99
2022-08-01,AT,PSPP,7.15
2022-08-01,BE,PSPP,7.21
2022-08-01,CY,PSPP,8.76
2022-08-01,DE,PSPP,6.64
2022-08-01,EE,PSPP,7.78
2022-08-01,ES,PSPP,7.76
2022-08-01,FI,PSPP,7.95
2022-08-01,FR,PSPP,6.77
2022-08-01,IE,PSPP,8.17
2022-08-01,IT,PSPP,7.07
2022-08-01,LT,PSPP,10.26
2022-08-01,LU,PSPP,5.7
2022-08-01,LV,PSPP,9.07
2022-08-01,MT,PSPP,11.3
2022-08-01,NL,PSPP,7.82
2022-08-01,PT,PSPP,7.27
2022-08-01,SI,PSPP,9.49
2022-08-01,SK,PSPP,7.94
2022-09-01,AT,PSPP,7.3
2022-09-01,BE,PSPP,7.46
2022-09-01,CY,PSPP,8.62
2022-09-01,DE,PSPP,6.72
2022-09-01,EE,PSPP,7.69
2022-09-01,ES,PSPP,7.7
2022-09-01,FI,PSPP,8.21
2022-09-01,FR,PSPP,6.71
2022-09-01,IE,PSPP,8.15
2022-09-01,IT,PSPP,7.19
2022-09-01,LT,PSPP,10.35
2022-09-01,LU,PSPP,5.78
2022-09-01,LV,PSPP,8.92
2022-09-01,MT,PSPP,11.21
2022-09-01,NL,PSPP,7.78
2022-09-01,PT,PSPP,7.2
2022-09-01,SI,PSPP,9.4
2022-09-01,SK,PSPP,7.92
2022-10-01,AT,PSPP,7.25
2022-10-01,BE,PSPP,7.38
2022-10-01,CY,PSPP,8.47
2022-10-01,DE,PSPP,6.74
2022-10-01,EE,PSPP,7.82
2022-10-01,ES,PSPP,7.79
2022-10-01,FI,PSPP,8.15
2022-10-01,FR,PSPP,6.8
2022-10-01,IE,PSPP,8.43
2022-10-01,IT,PSPP,7.14
2022-10-01,LT,PSPP,10.22
2022-10-01,LU,PSPP,5.73
2022-10-01,LV,PSPP,8.81
2022-10-01,MT,PSPP,11.13
2022-10-01,NL,PSPP,7.75
2022-10-01,PT,PSPP,7.53
2022-10-01,SI,PSPP,9.37
2022-10-01,SK,PSPP,7.87
2022-11-01,AT,PSPP,7.56
2022-11-01,BE,PSPP,7.3
2022-11-01,CY,PSPP,8.35
2022-11-01,DE,PSPP,6.69
2022-11-01,EE,PSPP,7.91
2022-11-01,ES,PSPP,7.72
2022-11-01,FI,PSPP,8.09
2022-11-01,FR,PSPP,6.76
2022-11-01,IE,PSPP,8.36
2022-11-01,IT,PSPP,7.16
2022-11-01,LT,PSPP,10.11
2022-11-01,LU,PSPP,5.66
2022-11-01,LV,PSPP,8.7
2022-11-01,MT,PSPP,11.07
2022-11-01,NL,PSPP,7.67
2022-11-01,PT,PSPP,7.46
2022-11-01,SI,PSPP,9.31
2022-11-01,SK,PSPP,7.78
2022-12-01,AT,PSPP,7.47
2022-12-01,BE,PSPP,7.22
2022-12-01,CY,PSPP,8.25
2022-12-01,DE,PSPP,6.68
2022-12-01,EE,PSPP,7.93
2022-12-01,ES,PSPP,7.65
2022-12-01,FI,PSPP,8.02
2022-12-01,FR,PSPP,6.68
2022-12-01,IE,PSPP,8.28
2022-12-01,IT,PSPP,7.16
2022-12-01,LT,PSPP,9.99
2022-12-01,LU,PSPP,5.58
2022-12-01,LV,PSPP,8.58
2022-12-01,MT,PSPP,10.96
2022-12-01,NL,PSPP,7.59
2022-12-01,PT,PSPP,7.49
2022-12-01,SI,PSPP,9.25
2022-12-01,SK,PSPP,7.72
2023-01-01,AT,PSPP,7.38
2023-01-01,BE,PSPP,7.13
2023-01-01,CY,PSPP,8.23
2023-01-01,DE,PSPP,6.64
2023-01-01,EE,PSPP,7.89
2023-01-01,ES,PSPP,7.73
2023-01-01,FI,PSPP,7.97
2023-01-01,FR,PSPP,6.61
2023-01-01,IE,PSPP,8.24
2023-01-01,IT,PSPP,7.17
2023-01-01,LT,PSPP,9.79
2023-01-01,LU,PSPP,5.6
2023-01-01,LV,PSPP,8.44
2023-01-01,MT,PSPP,10.89
2023-01-01,NL,PSPP,7.79
2023-01-01,PT,PSPP,7.52
2023-01-01,SI,PSPP,9.2
2023-01-01,SK,PSPP,7.69
2023-02-01,AT,PSPP,7.3
2023-02-01,BE,PSPP,7.06
2023-02-01,CY,PSPP,8.2
2023-02-01,DE,PSPP,6.67
2023-02-01,EE,PSPP,7.79
2023-02-01,ES,PSPP,7.66
2023-02-01,FI,PSPP,7.91
2023-02-01,FR,PSPP,6.59
2023-02-01,IE,PSPP,8.2
2023-02-01,IT,PSPP,7.11
2023-02-01,LT,PSPP,9.69
2023-02-01,LU,PSPP,5.59
2023-02-01,LV,PSPP,8.33
2023-02-01,MT,PSPP,10.81
2023-02-01,NL,PSPP,7.75
2023-02-01,PT,PSPP,7.51
2023-02-01,SI,PSPP,9.18
2023-02-01,SK,PSPP,8.13
2023-03-01,AT,PSPP,7.21
2023-03-01,BE,PSPP,6.98
2023-03-01,CY,PSPP,8.13
2023-03-01,DE,PSPP,6.7
2023-03-01,EE,PSPP,7.7
2023-03-01,ES,PSPP,7.59
2023-03-01,FI,PSPP,7.82
2023-03-01,FR,PSPP,6.63
2023-03-01,IE,PSPP,8.66
2023-03-01,IT,PSPP,7.15
2023-03-01,LT,PSPP,9.59
2023-03-01,LU,PSPP,5.61
2023-03-01,LV,PSPP,8.22
2023-03-01,MT,PSPP,10.73
2023-03-01,NL,PSPP,7.63
2023-03-01,PT,PSPP,7.5
2023-03-01,SI,PSPP,9.41
2023-03-01,SK,PSPP,8.06
2023-04-01,AT,PSPP,7.23
2023-04-01,BE,PSPP,6.9
2023-04-01,CY,PSPP,8.05
2023-04-01,DE,PSPP,6.76
2023-04-01,EE,PSPP,7.62
2023-04-01,ES,PSPP,7.59
2023-04-01,FI,PSPP,8.02
2023-04-01,FR,PSPP,6.57
2023-04-01,IE,PSPP,8.59
2023-04-01,IT,PSPP,7.09
2023-04-01,LT,PSPP,9.54
2023-04-01,LU,PSPP,5.6
2023-04-01,LV,PSPP,8.53
2023-04-01,MT,PSPP,10.66
2023-04-01,NL,PSPP,7.57
2023-04-01,PT,PSPP,7.45
2023-04-01,SI,PSPP,9.33
2023-04-01,SK,PSPP,7.99
2023-05-01,AT,PSPP,7.14
2023-05-01,BE,PSPP,6.82
2023-05-01,CY,PSPP,7.98
2023-05-01,DE,PSPP,6.76
2023-05-01,EE,PSPP,7.54
2023-05-01,ES,PSPP,7.52
2023-05-01,FI,PSPP,7.94
2023-05-01,FR,PSPP,6.68
2023-05-01,IE,PSPP,8.5
2023-05-01,IT,PSPP,7.06
2023-05-01,LT,PSPP,9.44
2023-05-01,LU,PSPP,5.62
2023-05-01,LV,PSPP,8.59
2023-05-01,MT,PSPP,10.59
2023-05-01,NL,PSPP,7.46
2023-05-01,PT,PSPP,7.45
2023-05-01,SI,PSPP,9.24
2023-05-01,SK,PSPP,7.92
2023-06-01,AT,PSPP,7.06
2023-06-01,BE,PSPP,7.0
2023-06-01,CY,PSPP,7.9
2023-06-01,DE,PSPP,6.79
2023-06-01,EE,PSPP,7.46
2023-06-01,ES,PSPP,7.45
2023-06-01,FI,PSPP,7.89
2023-06-01,FR,PSPP,6.59
2023-06-01,IE,PSPP,8.42
2023-06-01,IT,PSPP,7.04
2023-06-01,LT,PSPP,9.44
2023-06-01,LU,PSPP,5.56
2023-06-01,LV,PSPP,8.5
2023-06-01,MT,PSPP,10.51
2023-06-01,NL,PSPP,7.38
2023-06-01,PT,PSPP,7.46
2023-06-01,SI,PSPP,9.16
2023-06-01,SK,PSPP,7.85
2023-07-01,AT,PSPP,7.29
2023-07-01,BE,PSPP,6.91
2023-07-01,CY,PSPP,8.37
2023-07-01,DE,PSPP,6.71
2023-07-01,EE,PSPP,7.37
2023-07-01,ES,PSPP,7.5
2023-07-01,FI,PSPP,7.8
2023-07-01,FR,PSPP,6.56
2023-07-01,IE,PSPP,8.33
2023-07-01,IT,PSPP,7.03
2023-07-01,LT,PSPP,9.36
2023-07-01,LU,PSPP,6.42
2023-07-01,LV,PSPP,8.42
2023-07-01,MT,PSPP,10.51
2023-07-01,NL,PSPP,7.71
2023-07-01,PT,PSPP,7.38
2023-07-01,SI,PSPP,9.08
2023-07-01,SK,PSPP,7.77
2023-08-01,AT,PSPP,7.21
2023-08-01,BE,PSPP,6.83
2023-08-01,CY,PSPP,8.28
2023-08-01,DE,PSPP,6.72
2023-08-01,EE,PSPP,7.29
2023-08-01,ES,PSPP,7.42
2023-08-01,FI,PSPP,7.72
2023-08-01,FR,PSPP,6.47
2023-08-01,IE,PSPP,8.25
2023-08-01,IT,PSPP,7.09
2023-08-01,LT,PSPP,9.43
2023-08-01,LU,PSPP,6.34
2023-08-01,LV,PSPP,8.33
2023-08-01,MT,PSPP,10.42
2023-08-01,NL,PSPP,7.63
2023-08-01,PT,PSPP,7.3
2023-08-01,SI,PSPP,8.99
2023-08-01,SK,PSPP,7.68
2023-09-01,AT,PSPP,7.13
2023-09-01,BE,PSPP,6.74
2023-09-01,CY,PSPP,8.2
2023-09-01,DE,PSPP,6.73
2023-09-01,EE,PSPP,7.2
2023-09-01,ES,PSPP,7.34
2023-09-01,FI,PSPP,8.0
2023-09-01,FR,PSPP,6.39
2023-09-01,IE,PSPP,8.16
2023-09-01,IT,PSPP,7.06
2023-09-01,LT,PSPP,9.35
2023-09-01,LU,PSPP,6.26
2023-09-01,LV,PSPP,8.25
2023-09-01,MT,PSPP,10.34
2023-09-01,NL,PSPP,7.56
2023-09-01,PT,PSPP,7.22
2023-09-01,SI,PSPP,8.91
2023-09-01,SK,PSPP,7.6
2023-10-01,AT,PSPP,7.47
2023-10-01,BE,PSPP,6.87
2023-10-01,CY,PSPP,8.12
2023-10-01,DE,PSPP,6.71
2023-10-01,EE,PSPP,7.12
2023-10-01,ES,PSPP,7.43
2023-10-01,FI,PSPP,7.91
2023-10-01,FR,PSPP,6.47
2023-10-01,IE,PSPP,8.08
2023-10-01,IT,PSPP,7.11
2023-10-01,LT,PSPP,9.27
2023-10-01,LU,PSPP,6.17
2023-10-01,LV,PSPP,8.17
2023-10-01,MT,PSPP,10.25
2023-10-01,NL,PSPP,7.48
2023-10-01,PT,PSPP,7.52
2023-10-01,SI,PSPP,8.83
2023-10-01,SK,PSPP,7.51
2023-11-01,AT,PSPP,7.39
2023-11-01,BE,PSPP,6.78
2023-11-01,CY,PSPP,8.04
2023-11-01,DE,PSPP,6.67
2023-11-01,EE,PSPP,7.04
2023-11-01,ES,PSPP,7.38
2023-11-01,FI,PSPP,7.83
2023-11-01,FR,PSPP,6.41
2023-11-01,IE,PSPP,8.0
2023-11-01,IT,PSPP,7.08
2023-11-01,LT,PSPP,9.19
2023-11-01,LU,PSPP,6.09
2023-11-01,LV,PSPP,8.15
2023-11-01,MT,PSPP,10.25
2023-11-01,NL,PSPP,7.4
2023-11-01,PT,PSPP,7.45
2023-11-01,SI,PSPP,8.75
2023-11-01,SK,PSPP,7.66
2023-12-01,AT,PSPP,7.3
2023-12-01,BE,PSPP,6.7
2023-12-01,CY,PSPP,7.95
2023-12-01,DE,PSPP,6.62
2023-12-01,EE,PSPP,6.95
2023-12-01,ES,PSPP,7.3
2023-12-01,FI,PSPP,7.75
2023-12-01,FR,PSPP,6.33
2023-12-01,IE,PSPP,7.91
2023-12-01,IT,PSPP,7.0
2023-12-01,LT,PSPP,9.1
2023-12-01,LU,PSPP,6.01
2023-12-01,LV,PSPP,8.06
2023-12-01,MT,PSPP,10.17
2023-12-01,NL,PSPP,7.32
2023-12-01,PT,PSPP,7.38
2023-12-01,SI,PSPP,8.68
2023-12-01,SK,PSPP,7.58
2024-01-01,AT,PSPP,7.24
2024-01-01,BE,PSPP,6.61
2024-01-01,CY,PSPP,7.87
2024-01-01,DE,PSPP,6.61
2024-01-01,EE,PSPP,6.87
2024-01-01,ES,PSPP,7.34
2024-01-01,FI,PSPP,7.66
2024-01-01,FR,PSPP,6.26
2024-01-01,IE,PSPP,7.83
2024-01-01,IT,PSPP,6.99
2024-01-01,LT,PSPP,9.39
2024-01-01,LU,PSPP,5.92
2024-01-01,LV,PSPP,7.98
2024-01-01,MT,PSPP,10.08
2024-01-01,NL,PSPP,7.63
2024-01-01,PT,PSPP,7.3
2024-01-01,SI,PSPP,8.59
2024-01-01,SK,PSPP,7.49
2024-02-01,AT,PSPP,7.16
2024-02-01,BE,PSPP,6.53
2024-02-01,CY,PSPP,7.79
2024-02-01,DE,PSPP,6.63
2024-02-01,EE,PSPP,6.79
2024-02-01,ES,PSPP,7.26
2024-02-01,FI,PSPP,7.58
2024-02-01,FR,PSPP,6.24
2024-02-01,IE,PSPP,7.75
2024-02-01,IT,PSPP,6.99
2024-02-01,LT,PSPP,9.31
2024-02-01,LU,PSPP,5.84
2024-02-01,LV,PSPP,7.9
2024-02-01,MT,PSPP,10.0
2024-02-01,NL,PSPP,7.55
2024-02-01,PT,PSPP,7.55
2024-02-01,SI,PSPP,8.51
2024-02-01,SK,PSPP,7.41
2024-03-01,AT,PSPP,7.08
2024-03-01,BE,PSPP,6.45
2024-03-01,CY,PSPP,7.7
2024-03-01,DE,PSPP,6.6
2024-03-01,EE,PSPP,6.7
2024-03-01,ES,PSPP,7.18
2024-03-01,FI,PSPP,7.54
2024-03-01,FR,PSPP,6.27
2024-03-01,IE,PSPP,8.21
2024-03-01,IT,PSPP,7.02
2024-03-01,LT,PSPP,9.23
2024-03-01,LU,PSPP,5.76
2024-03-01,LV,PSPP,7.81
2024-03-01,MT,PSPP,9.92
2024-03-01,NL,PSPP,7.47
2024-03-01,PT,PSPP,7.47
2024-03-01,SI,PSPP,8.43
2024-03-01,SK,PSPP,7.33
2024-04-01,AT,PSPP,6.99
2024-04-01,BE,PSPP,6.37
2024-04-01,CY,PSPP,7.62
2024-04-01,DE,PSPP,6.65
2024-04-01,EE,PSPP,6.62
2024-04-01,ES,PSPP,7.25
2024-04-01,FI,PSPP,7.75
2024-04-01,FR,PSPP,6.2
2024-04-01,IE,PSPP,8.12
2024-04-01,IT,PSPP,7.0
2024-04-01,LT,PSPP,9.42
2024-04-01,LU,PSPP,5.67
2024-04-01,LV,PSPP,8.6
2024-04-01,MT,PSPP,9.84
2024-04-01,NL,PSPP,7.39
2024-04-01,PT,PSPP,7.39
2024-04-01,SI,PSPP,8.35
2024-04-01,SK,PSPP,7.25
2024-05-01,AT,PSPP,6.91
2024-05-01,BE,PSPP,6.28
2024-05-01,CY,PSPP,7.53
2024-05-01,DE,PSPP,6.69
2024-05-01,EE,PSPP,6.54
2024-05-01,ES,PSPP,7.25
2024-05-01,FI,PSPP,7.66
2024-05-01,FR,PSPP,6.28
2024-05-01,IE,PSPP,8.04
2024-05-01,IT,PSPP,7.03
2024-05-01,LT,PSPP,9.33
2024-05-01,LU,PSPP,5.59
2024-05-01,LV,PSPP,8.51
2024-05-01,MT,PSPP,9.75
2024-05-01,NL,PSPP,7.3
2024-05-01,PT,PSPP,7.31
2024-05-01,SI,PSPP,8.26
2024-05-01,SK,PSPP,7.16
2024-06-01,AT,PSPP,6.83
2024-06-01,BE,PSPP,6.57
2024-06-01,CY,PSPP,8.02
2024-06-01,DE,PSPP,6.69
2024-06-01,EE,PSPP,6.45
2024-06-01,ES,PSPP,7.17
2024-06-01,FI,PSPP,7.58
2024-06-01,FR,PSPP,6.21
2024-06-01,IE,PSPP,7.96
2024-06-01,IT,PSPP,6.96
2024-06-01,LT,PSPP,9.66
2024-06-01,LU,PSPP,5.51
2024-06-01,LV,PSPP,8.43
2024-06-01,MT,PSPP,9.67
2024-06-01,NL,PSPP,7.26
2024-06-01,PT,PSPP,7.22
2024-06-01,SI,PSPP,8.19
2024-06-01,SK,PSPP,7.37
2024-07-01,AT,PSPP,6.99
2024-07-01,BE,PSPP,6.48
2024-07-01,CY,PSPP,7.94
2024-07-01,DE,PSPP,6.64
2024-07-01,EE,PSPP,6.37
2024-07-01,ES,PSPP,7.22
2024-07-01,FI,PSPP,7.49
2024-07-01,FR,PSPP,6.2
2024-07-01,IE,PSPP,7.87
2024-07-01,IT,PSPP,6.95
2024-07-01,LT,PSPP,9.57
2024-07-01,LU,PSPP,5.42
2024-07-01,LV,PSPP,8.35
2024-07-01,MT,PSPP,9.71
2024-07-01,NL,PSPP,7.59
2024-07-01,PT,PSPP,7.14
2024-07-01,SI,PSPP,8.1
2024-07-01,SK,PSPP,7.28
2024-08-01,AT,PSPP,6.91
2024-08-01,BE,PSPP,6.4
2024-08-01,CY,PSPP,7.85
2024-08-01,DE,PSPP,6.67
2024-08-01,EE,PSPP,6.29
2024-08-01,ES,PSPP,7.14
2024-08-01,FI,PSPP,7.41
2024-08-01,FR,PSPP,6.11
2024-08-01,IE,PSPP,7.79
2024-08-01,IT,PSPP,6.92
2024-08-01,LT,PSPP,9.7
2024-08-01,LU,PSPP,5.34
2024-08-01,LV,PSPP,8.26
2024-08-01,MT,PSPP,9.63
2024-08-01,NL,PSPP,7.5
2024-08-01,PT,PSPP,7.06
2024-08-01,SI,PSPP,8.02
2024-08-01,SK,PSPP,7.2
2024-09-01,AT,PSPP,6.83
2024-09-01,BE,PSPP,6.32
2024-09-01,CY,PSPP,7.77
2024-09-01,DE,PSPP,6.62
2024-09-01,EE,PSPP,6.2
2024-09-01,ES,PSPP,7.06
2024-09-01,FI,PSPP,7.59
2024-09-01,FR,PSPP,6.03
2024-09-01,IE,PSPP,7.7
2024-09-01,IT,PSPP,7.01
2024-09-01,LT,PSPP,9.61
2024-09-01,LU,PSPP,5.26
2024-09-01,LV,PSPP,8.18
2024-09-01,MT,PSPP,9.54
2024-09-01,NL,PSPP,7.44
2024-09-01,PT,PSPP,6.97
2024-09-01,SI,PSPP,8.21
2024-09-01,SK,PSPP,7.12
2024-10-01,AT,PSPP,7.17
2024-10-01,BE,PSPP,6.49
2024-10-01,CY,PSPP,7.68
2024-10-01,DE,PSPP,6.68
2024-10-01,EE,PSPP,6.12
2024-10-01,ES,PSPP,7.13
2024-10-01,FI,PSPP,7.5
2024-10-01,FR,PSPP,5.95
2024-10-01,IE,PSPP,7.62
2024-10-01,IT,PSPP,7.01
2024-10-01,LT,PSPP,9.53
2024-10-01,LU,PSPP,5.17
2024-10-01,LV,PSPP,8.09
2024-10-01,MT,PSPP,9.62
2024-10-01,NL,PSPP,7.36
2024-10-01,PT,PSPP,6.94
2024-10-01,SI,PSPP,8.13
2024-10-01,SK,PSPP,7.03
2024-11-01,AT,PSPP,7.12
2024-11-01,BE,PSPP,6.41
2024-11-01,CY,PSPP,7.6
2024-11-01,DE,PSPP,6.62
2024-11-01,EE,PSPP,6.03
2024-11-01,ES,PSPP,7.15
2024-11-01,FI,PSPP,7.47
2024-11-01,FR,PSPP,6.08
2024-11-01,IE,PSPP,7.54
2024-11-01,IT,PSPP,7.03
2024-11-01,LT,PSPP,9.61
2024-11-01,LU,PSPP,5.09
2024-11-01,LV,PSPP,8.01
2024-11-01,MT,PSPP,9.59
2024-11-01,NL,PSPP,7.3
2024-11-01,PT,PSPP,6.86
2024-11-01,SI,PSPP,8.05
2024-11-01,SK,PSPP,7.43
2024-12-01,AT,PSPP,7.03
2024-12-01,BE,PSPP,6.33
2024-12-01,CY,PSPP,8.25
2024-12-01,DE,PSPP,6.57
2024-12-01,EE,PSPP,5.95
2024-12-01,ES,PSPP,7.07
2024-12-01,FI,PSPP,7.39
2024-12-01,FR,PSPP,5.99
2024-12-01,IE,PSPP,7.45
2024-12-01,IT,PSPP,7.11
2024-12-01,LT,PSPP,9.53
2024-12-01,LU,PSPP,5.0
2024-12-01,LV,PSPP,7.93
2024-12-01,MT,PSPP,9.5
2024-12-01,NL,PSPP,7.21
2024-12-01,PT,PSPP,6.78
2024-12-01,SI,PSPP,7.96
2024-12-01,SK,PSPP,7.34
2025-01-01,AT,PSPP,6.95
2025-01-01,BE,PSPP,6.24
2025-01-01,CY,PSPP,8.17
2025-01-01,DE,PSPP,6.54
2025-01-01,EE,PSPP,5.86
2025-01-01,ES,PSPP,7.18
2025-01-01,FI,PSPP,7.3
2025-01-01,FR,PSPP,5.91
2025-01-01,IE,PSPP,7.37
2025-01-01,IT,PSPP,7.07
2025-01-01,LT,PSPP,9.44
2025-01-01,LU,PSPP,4.92
2025-01-01,LV,PSPP,7.9
2025-01-01,MT,PSPP,9.42
2025-01-01,NL,PSPP,7.13
2025-01-01,PT,PSPP,6.69
2025-01-01,SI,PSPP,7.88
2025-01-01,SK,PSPP,7.26
2025-02-01,AT,PSPP,6.87
2025-02-01,BE,PSPP,6.17
2025-02-01,CY,PSPP,8.09
2025-02-01,DE,PSPP,6.64
2025-02-01,EE,PSPP,5.79
2025-02-01,ES,PSPP,7.11
2025-02-01,FI,PSPP,7.23
2025-02-01,FR,PSPP,5.9
2025-02-01,IE,PSPP,7.29
2025-02-01,IT,PSPP,7.11
2025-02-01,LT,PSPP,9.36
2025-02-01,LU,PSPP,4.84
2025-02-01,LV,PSPP,7.83
2025-02-01,MT,PSPP,9.34
2025-02-01,NL,PSPP,7.05
2025-02-01,PT,PSPP,6.61
2025-02-01,SI,PSPP,7.8
2025-02-01,SK,PSPP,7.18
2025-03-01,AT,PSPP,6.79
2025-03-01,BE,PSPP,6.08
2025-03-01,CY,PSPP,8.0
2025-03-01,DE,PSPP,6.63
2025-03-01,EE,PSPP,5.7
2025-03-01,ES,PSPP,7.02
2025-03-01,FI,PSPP,7.14
2025-03-01,FR,PSPP,6.07
2025-03-01,IE,PSPP,7.83
2025-03-01,IT,PSPP,7.18
2025-03-01,LT,PSPP,9.28
2025-03-01,LU,PSPP,4.76
2025-03-01,LV,PSPP,7.74
2025-03-01,MT,PSPP,9.26
2025-03-01,NL,PSPP,6.97
2025-03-01,PT,PSPP,6.53
2025-03-01,SI,PSPP,7.71
2025-03-01,SK,PSPP,7.1
2025-04-01,AT,PSPP,6.95
2025-04-01,BE,PSPP,6.0
2025-04-01,CY,PSPP,7.92
2025-04-01,DE,PSPP,6.69
2025-04-01,EE,PSPP,5.62
2025-04-01,ES,PSPP,7.18
2025-04-01,FI,PSPP,7.08
2025-04-01,FR,PSPP,5.99
2025-04-01,IE,PSPP,7.75
2025-04-01,IT,PSPP,7.15
2025-04-01,LT,PSPP,9.2
2025-04-01,LU,PSPP,4.92
2025-04-01,LV,PSPP,7.66
2025-04-01,MT,PSPP,9.17
2025-04-01,NL,PSPP,6.94
2025-04-01,PT,PSPP,6.45
2025-04-01,SI,PSPP,7.64
2025-04-01,SK,PSPP,7.01
2025-05-01,AT,PSPP,6.86
2025-05-01,BE,PSPP,5.92
2025-05-01,CY,PSPP,7.84
2025-05-01,DE,PSPP,6.63
2025-05-01,EE,PSPP,5.54
2025-05-01,ES,PSPP,7.13
2025-05-01,FI,PSPP,6.99
2025-05-01,FR,PSPP,6.13
2025-05-01,IE,PSPP,7.66
2025-05-01,IT,PSPP,7.13
2025-05-01,LT,PSPP,9.68
2025-05-01,LU,PSPP,4.83
2025-05-01,LV,PSPP,7.58
2025-05-01,MT,PSPP,9.09
2025-05-01,NL,PSPP,6.88
2025-05-01,PT,PSPP,6.36
2025-05-01,SI,PSPP,7.55
2025-05-01,SK,PSPP,7.43
2025-06-01,AT,PSPP,6.79
2025-06-01,BE,PSPP,6.38
2025-06-01,CY,PSPP,7.76
2025-06-01,DE,PSPP,6.61
2025-06-01,EE,PSPP,5.45
2025-06-01,ES,PSPP,7.04
2025-06-01,FI,PSPP,6.91
2025-06-01,FR,PSPP,6.05
2025-06-01,IE,PSPP,7.58
2025-06-01,IT,PSPP,7.21
2025-06-01,LT,PSPP,9.6
2025-06-01,LU,PSPP,4.75
2025-06-01,LV,PSPP,7.49
2025-06-01,MT,PSPP,9.01
2025-06-01,NL,PSPP,6.8
2025-06-01,PT,PSPP,6.28
2025-06-01,SI,PSPP,7.47
2025-06-01,SK,PSPP,7.35
2025-07-01,AT,PSPP,6.71
2025-07-01,BE,PSPP,6.3
2025-07-01,CY,PSPP,7.67
2025-07-01,DE,PSPP,6.53
2025-07-01,EE,PSPP,5.37
2025-07-01,ES,PSPP,7.18
2025-07-01,FI,PSPP,7.2
2025-07-01,FR,PSPP,5.97
2025-07-01,IE,PSPP,7.5
2025-07-01,IT,PSPP,7.23
2025-07-01,LT,PSPP,9.52
2025-07-01,LU,PSPP,4.67
2025-07-01,LV,PSPP,7.41
2025-07-01,MT,PSPP,9.02
2025-07-01,NL,PSPP,7.19
2025-07-01,PT,PSPP,6.2
2025-07-01,SI,PSPP,7.96
2025-07-01,SK,PSPP,7.26
2025-08-01,AT,PSPP,6.62
2025-08-01,BE,PSPP,6.21
2025-08-01,CY,PSPP,7.59
2025-08-01,DE,PSPP,6.6
2025-08-01,EE,PSPP,5.28
2025-08-01,ES,PSPP,7.09
2025-08-01,FI,PSPP,7.11
2025-08-01,FR,PSPP,5.89
2025-08-01,IE,PSPP,7.41
2025-08-01,IT,PSPP,7.23
2025-08-01,LT,PSPP,9.52
2025-08-01,LU,PSPP,4.58
2025-08-01,LV,PSPP,7.32
2025-08-01,MT,PSPP,8.94
2025-08-01,NL,PSPP,7.1
2025-08-01,PT,PSPP,6.11
2025-08-01,SI,PSPP,7.88
2025-08-01,SK,PSPP,7.18
2025-09-01,AT,PSPP,6.56
2025-09-01,BE,PSPP,6.13
2025-09-01,CY,PSPP,7.5
2025-09-01,DE,PSPP,6.55
2025-09-01,EE,PSPP,5.2
2025-09-01,ES,PSPP,7.02
2025-09-01,FI,PSPP,7.36
2025-09-01,FR,PSPP,5.8
2025-09-01,IE,PSPP,7.33
2025-09-01,IT,PSPP,7.2
2025-09-01,LT,PSPP,9.45
2025-09-01,LU,PSPP,4.5
2025-09-01,LV,PSPP,8.17
2025-09-01,MT,PSPP,8.85
2025-09-01,NL,PSPP,7.04
2025-09-01,PT,PSPP,6.03
2025-09-01,SI,PSPP,7.8
2025-09-01,SK,PSPP,7.09
2025-10-01,AT,PSPP,6.93
2025-10-01,BE,PSPP,6.05
2025-10-01,CY,PSPP,7.42
2025-10-01,DE,PSPP,6.6
2025-10-01,EE,PSPP,5.12
2025-10-01,ES,PSPP,7.17
2025-10-01,FI,PSPP,7.27
2025-10-01,FR,PSPP,5.86
2025-10-01,IE,PSPP,7.24
2025-10-01,IT,PSPP,7.12
2025-10-01,LT,PSPP,9.89
2025-10-01,LU,PSPP,4.41
2025-10-01,LV,PSPP,8.08
2025-10-01,MT,PSPP,8.77
2025-10-01,NL,PSPP,6.95
2025-10-01,PT,PSPP,6.53
2025-10-01,SI,PSPP,7.71
2025-10-01,SK,PSPP,7.57
2025-11-01,AT,PSPP,6.84
2025-11-01,BE,PSPP,5.96
2025-11-01,CY,PSPP,8.07
2025-11-01,DE,PSPP,6.54
2025-11-01,EE,PSPP,5.04
2025-11-01,ES,PSPP,7.09
2025-11-01,FI,PSPP,7.19
2025-11-01,FR,PSPP,5.98
2025-11-01,IE,PSPP,7.16
2025-11-01,IT,PSPP,7.14
2025-11-01,LT,PSPP,10.06
2025-11-01,LU,PSPP,4.33
2025-11-01,LV,PSPP,8.0
2025-11-01,MT,PSPP,8.99
2025-11-01,NL,PSPP,6.89
2025-11-01,PT,PSPP,6.45
2025-11-01,SI,PSPP,7.63
2025-11-01,SK,PSPP,7.49
2025-12-01,AT,PSPP,6.76
2025-12-01,BE,PSPP,5.88
2025-12-01,CY,PSPP,7.99
2025-12-01,DE,PSPP,6.46
2025-12-01,EE,PSPP,4.95
2025-12-01,ES,PSPP,7.01
2025-12-01,FI,PSPP,7.11
2025-12-01,FR,PSPP,5.91
2025-12-01,IE,PSPP,7.08
2025-12-01,IT,PSPP,7.22
2025-12-01,LT,PSPP,9.98
2025-12-01,LU,PSPP,4.25
2025-12-01,LV,PSPP,7.91
2025-12-01,MT,PSPP,8.91
2025-12-01,NL,PSPP,6.8
2025-12-01,PT,PSPP,6.36
2025-12-01,SI,PSPP,7.54
2025-12-01,SK,PSPP,7.4
2026-01-01,AT,PSPP,6.68
2026-01-01,BE,PSPP,5.79
2026-01-01,CY,PSPP,7.9
2026-01-01,DE,PSPP,6.4
2026-01-01,EE,PSPP,4.87
2026-01-01,ES,PSPP,7.1
2026-01-01,FI,PSPP,7.02
2026-01-01,FR,PSPP,5.83
2026-01-01,IE,PSPP,6.99
2026-01-01,IT,PSPP,7.16
2026-01-01,LT,PSPP,10.17
2026-01-01,LU,PSPP,4.16
2026-01-01,LV,PSPP,7.83
2026-01-01,MT,PSPP,8.82
2026-01-01,NL,PSPP,7.01
2026-01-01,PT,PSPP,6.28
2026-01-01,SI,PSPP,7.46
2026-01-01,SK,PSPP,7.32
2026-02-01,AT,PSPP,6.6
2026-02-01,BE,PSPP,5.72
2026-02-01,CY,PSPP,8.76
2026-02-01,DE,PSPP,6.48
2026-02-01,EE,PSPP,4.79
2026-02-01,ES,PSPP,7.02
2026-02-01,FI,PSPP,6.94
2026-02-01,FR,PSPP,6.01
2026-02-01,IE,PSPP,6.92
2026-02-01,IT,PSPP,7.21
2026-02-01,LT,PSPP,10.1
2026-02-01,LU,PSPP,4.09
2026-02-01,LV,PSPP,7.75
2026-02-01,MT,PSPP,8.75
2026-02-01,NL,PSPP,6.94
2026-02-01,PT,PSPP,6.22
2026-02-01,SI,PSPP,7.64
2026-02-01,SK,PSPP,7.24
2026-03-01,AT,PSPP,6.95
2026-03-01,BE,PSPP,5.91
2026-03-01,CY,PSPP,8.67
2026-03-01,DE,PSPP,6.47
2026-03-01,EE,PSPP,4.7
2026-03-01,ES,PSPP,6.94
2026-03-01,FI,PSPP,6.86
2026-03-01,FR,PSPP,5.97
2026-03-01,IE,PSPP,6.83
2026-03-01,IT,PSPP,7.28
2026-03-01,LT,PSPP,10.01
2026-03-01,LU,PSPP,4.0
2026-03-01,LV,PSPP,7.67
2026-03-01,MT,PSPP,8.66
2026-03-01,NL,PSPP,6.85
2026-03-01,PT,PSPP,6.14
2026-03-01,SI,PSPP,7.87
2026-03-01,SK,PSPP,7.15
2026-04-01,AT,PSPP,6.87
2026-04-01,BE,PSPP,5.83
2026-04-01,CY,PSPP,8.59
2026-04-01,DE,PSPP,6.63
2026-04-01,EE,PSPP,4.62
2026-04-01,ES,PSPP,7.1
2026-04-01,FI,PSPP,7.34
2026-04-01,FR,PSPP,6.05
2026-04-01,IE,PSPP,6.75
2026-04-01,IT,PSPP,7.33
2026-04-01,LT,PSPP,9.93
2026-04-01,LU,PSPP,3.92
2026-04-01,LV,PSPP,7.58
2026-04-01,MT,PSPP,8.58
2026-04-01,NL,PSPP,6.83
2026-04-01,PT,PSPP,6.06
2026-04-01,SI,PSPP,7.79
2026-04-01,SK,PSPP,7.07
2026-05-01,AT,PSPP,6.79
2026-05-01,BE,PSPP,5.75
2026-05-01,CY,PSPP,8.51
2026-05-01,DE,PSPP,6.57
2026-05-01,EE,PSPP,4.54
2026-05-01,ES,PSPP,7.03
2026-05-01,FI,PSPP,7.25
2026-05-01,FR,PSPP,6.27
2026-05-01,IE,PSPP,7.54
2026-05-01,IT,PSPP,7.25
2026-05-01,LT,PSPP,9.84
2026-05-01,LU,PSPP,3.83
2026-05-01,LV,PSPP,7.5
2026-05-01,MT,PSPP,8.49
2026-05-01,NL,PSPP,6.74
2026-05-01,PT,PSPP,5.97
2026-05-01,SI,PSPP,7.71
2026-05-01,SK,PSPP,7.43
2026-06-01,AT,PSPP,6.7
2026-06-01,BE,PSPP,6.19
2026-06-01,CY,PSPP,8.42
2026-06-01,DE,PSPP,6.53
2026-06-01,EE,PSPP,4.45
2026-06-01,ES,PSPP,6.95
2026-06-01,FI,PSPP,7.17
2026-06-01,FR,PSPP,6.19
2026-06-01,IE,PSPP,7.45
2026-06-01,IT,PSPP,7.35
2026-06-01,LT,PSPP,10.12
2026-06-01,LU,PSPP,3.75
2026-06-01,LV,PSPP,7.42
2026-06-01,MT,PSPP,8.41
2026-06-01,NL,PSPP,6.66
2026-06-01,PT,PSPP,5.89
2026-06-01,SI,PSPP,7.66
2026-06-01,SK,PSPP,7.35
2026-07-01,AT,PSPP,6.74
2026-07-01,BE,PSPP,6.11
2026-07-01,CY,PSPP,8.34
2026-07-01,DE,PSPP,6.47
2026-07-01,EE,PSPP,4.37
2026-07-01,ES,PSPP,7.09
2026-07-01,FI,PSPP,7.08
2026-07-01,FR,PSPP,6.11
2026-07-01,IE,PSPP,7.37
2026-07-01,IT,PSPP,7.38
2026-07-01,LT,PSPP,10.04
2026-07-01,LU,PSPP,3.67
2026-07-01,LV,PSPP,7.33
2026-07-01,MT,PSPP,8.43
2026-07-01,NL,PSPP,7.05
2026-07-01,PT,PSPP,6.34
2026-07-01,SI,PSPP,7.57
2026-07-01,SK,PSPP,7.26
2026-08-01,AT,PSPP,6.66
2026-08-01,BE,PSPP,6.02
2026-08-01,CY,PSPP,8.26
2026-08-01,DE,PSPP,6.55
2026-08-01,EE,PSPP,4.28
2026-08-01,ES,PSPP,7.01
2026-08-01,FI,PSPP,7.0
2026-08-01,FR,PSPP,6.03
2026-08-01,IE,PSPP,7.28
2026-08-01,IT,PSPP,7.38
2026-08-01,LT,PSPP,9.95
2026-08-01,LU,PSPP,3.58
2026-08-01,LV,PSPP,7.25
2026-08-01,MT,PSPP,8.34
2026-08-01,NL,PSPP,6.97
2026-08-01,PT,PSPP,6.26
2026-08-01,SI,PSPP,7.49
2026-08-01,SK,PSPP,7.18
2020-03-01,AT,PEPP,8.71
2020-03-01,BE,PEPP,6.97
2020-03-01,CY,PEPP,9.16
2020-03-01,DE,PEPP,8.42
2020-03-01,EE,PEPP,0.0
2020-03-01,ES,PEPP,12.98
2020-03-01,FI,PEPP,15.52
2020-03-01,FR,PEPP,10.43
2020-03-01,GR,PEPP,6.55
2020-03-01,IE,PEPP,13.07
2020-03-01,IT,PEPP,8.1
2020-03-01,LT,PEPP,
2020-03-01,LU,PEPP,6.62
2020-03-01,LV,PEPP,8.36
2020-03-01,MT,PEPP,4.89
2020-03-01,NL,PEPP,9.69
2020-03-01,PT,PEPP,7.18
2020-03-01,SI,PEPP,10.44
2020-03-01,SK,PEPP,1.02
2020-04-01,AT,PEPP,7.4
2020-04-01,BE,PEPP,5.14
2020-04-01,CY,PEPP,12.95
2020-04-01,DE,PEPP,2.93
2020-04-01,EE,PEPP,0.0
2020-04-01,ES,PEPP,8.24
2020-04-01,FI,PEPP,9.56
2020-04-01,FR,PEPP,8.39
2020-04-01,GR,PEPP,7.0
2020-04-01,IE,PEPP,9.2
2020-04-01,IT,PEPP,6.96
2020-04-01,LT,PEPP,9.4
2020-04-01,LU,PEPP,6.17
2020-04-01,LV,PEPP,5.92
2020-04-01,MT,PEPP,6.95
2020-04-01,NL,PEPP,4.35
2020-04-01,PT,PEPP,7.76
2020-04-01,SI,PEPP,7.49
2020-04-01,SK,PEPP,7.64
2020-05-01,AT,PEPP,8.93
2020-05-01,BE,PEPP,5.41
2020-05-01,CY,PEPP,12.36
2020-05-01,DE,PEPP,3.15
2020-05-01,EE,PEPP,0.0
2020-05-01,ES,PEPP,8.28
2020-05-01,FI,PEPP,8.68
2020-05-01,FR,PEPP,8.19
2020-05-01,GR,PEPP,7.97
2020-05-01,IE,PEPP,7.95
2020-05-01,IT,PEPP,7.07
2020-05-01,LT,PEPP,8.94
2020-05-01,LU,PEPP,5.92
2020-05-01,LV,PEPP,10.88
2020-05-01,MT,PEPP,6.5
2020-05-01,NL,PEPP,3.89
2020-05-01,PT,PEPP,7.22
2020-05-01,SI,PEPP,7.32
2020-05-01,SK,PEPP,7.45
2020-06-01,AT,PEPP,8.83
2020-06-01,BE,PEPP,5.61
2020-06-01,CY,PEPP,12.47
2020-06-01,DE,PEPP,3.71
2020-06-01,EE,PEPP,8.7
2020-06-01,ES,PEPP,8.11
2020-06-01,FI,PEPP,8.2
2020-06-01,FR,PEPP,8.79
2020-06-01,GR,PEPP,8.76
2020-06-01,IE,PEPP,8.09
2020-06-01,IT,PEPP,7.17
2020-06-01,LT,PEPP,8.46
2020-06-01,LU,PEPP,6.55
2020-06-01,LV,PEPP,10.31
2020-06-01,MT,PEPP,6.42
2020-06-01,NL,PEPP,3.46
2020-06-01,PT,PEPP,7.03
2020-06-01,SI,PEPP,6.79
2020-06-01,SK,PEPP,6.93
2020-07-01,AT,PEPP,10.01
2020-07-01,BE,PEPP,5.83
2020-07-01,CY,PEPP,11.79
2020-07-01,DE,PEPP,3.97
2020-07-01,EE,PEPP,9.3
2020-07-01,ES,PEPP,8.18
2020-07-01,FI,PEPP,7.56
2020-07-01,FR,PEPP,9.05
2020-07-01,GR,PEPP,8.62
2020-07-01,IE,PEPP,8.3
2020-07-01,IT,PEPP,7.0
2020-07-01,LT,PEPP,9.21
2020-07-01,LU,PEPP,6.56
2020-07-01,LV,PEPP,9.88
2020-07-01,MT,PEPP,6.33
2020-07-01,NL,PEPP,3.6
2020-07-01,PT,PEPP,7.14
2020-07-01,SI,PEPP,6.84
2020-07-01,SK,PEPP,7.17
2020-08-01,AT,PEPP,10.91
2020-08-01,BE,PEPP,5.86
2020-08-01,CY,PEPP,11.52
2020-08-01,DE,PEPP,4.29
2020-08-01,EE,PEPP,9.28
2020-08-01,ES,PEPP,8.32
2020-08-01,FI,PEPP,7.44
2020-08-01,FR,PEPP,9.15
2020-08-01,GR,PEPP,8.45
2020-08-01,IE,PEPP,8.29
2020-08-01,IT,PEPP,7.0
2020-08-01,LT,PEPP,11.99
2020-08-01,LU,PEPP,6.21
2020-08-01,LV,PEPP,9.88
2020-08-01,MT,PEPP,6.27
2020-08-01,NL,PEPP,3.67
2020-08-01,PT,PEPP,6.96
2020-08-01,SI,PEPP,6.99
2020-08-01,SK,PEPP,6.97
2020-09-01,AT,PEPP,10.93
2020-09-01,BE,PEPP,5.93
2020-09-01,CY,PEPP,11.66
2020-09-01,DE,PEPP,4.51
2020-09-01,EE,PEPP,9.22
2020-09-01,ES,PEPP,8.37
2020-09-01,FI,PEPP,7.34
2020-09-01,FR,PEPP,9.04
2020-09-01,GR,PEPP,8.32
2020-09-01,IE,PEPP,8.34
2020-09-01,IT,PEPP,6.96
2020-09-01,LT,PEPP,12.01
2020-09-01,LU,PEPP,6.37
2020-09-01,LV,PEPP,9.72
2020-09-01,MT,PEPP,7.56
2020-09-01,NL,PEPP,3.92
2020-09-01,PT,PEPP,7.04
2020-09-01,SI,PEPP,7.03
2020-09-01,SK,PEPP,6.8
2020-10-01,AT,PEPP,10.86
2020-10-01,BE,PEPP,6.2
2020-10-01,CY,PEPP,11.29
2020-10-01,DE,PEPP,4.76
2020-10-01,EE,PEPP,9.13
2020-10-01,ES,PEPP,8.39
2020-10-01,FI,PEPP,7.37
2020-10-01,FR,PEPP,8.71
2020-10-01,GR,PEPP,8.21
2020-10-01,IE,PEPP,8.65
2020-10-01,IT,PEPP,6.93
2020-10-01,LT,PEPP,12.01
2020-10-01,LU,PEPP,7.11
2020-10-01,LV,PEPP,9.37
2020-10-01,MT,PEPP,7.45
2020-10-01,NL,PEPP,3.96
2020-10-01,PT,PEPP,6.74
2020-10-01,SI,PEPP,7.56
2020-10-01,SK,PEPP,7.69
2020-11-01,AT,PEPP,10.93
2020-11-01,BE,PEPP,6.29
2020-11-01,CY,PEPP,10.86
2020-11-01,DE,PEPP,4.83
2020-11-01,EE,PEPP,9.08
2020-11-01,ES,PEPP,8.47
2020-11-01,FI,PEPP,7.24
2020-11-01,FR,PEPP,8.61
2020-11-01,GR,PEPP,8.38
2020-11-01,IE,PEPP,8.85
2020-11-01,IT,PEPP,6.82
2020-11-01,LT,PEPP,11.78
2020-11-01,LU,PEPP,7.13
2020-11-01,LV,PEPP,9.07
2020-11-01,MT,PEPP,7.46
2020-11-01,NL,PEPP,4.08
2020-11-01,PT,PEPP,6.78
2020-11-01,SI,PEPP,8.31
2020-11-01,SK,PEPP,7.78
2020-12-01,AT,PEPP,10.41
2020-12-01,BE,PEPP,6.35
2020-12-01,CY,PEPP,10.65
2020-12-01,DE,PEPP,4.92
2020-12-01,EE,PEPP,9.0
2020-12-01,ES,PEPP,8.52
2020-12-01,FI,PEPP,7.16
2020-12-01,FR,PEPP,8.45
2020-12-01,GR,PEPP,8.51
2020-12-01,IE,PEPP,8.91
2020-12-01,IT,PEPP,6.82
2020-12-01,LT,PEPP,11.52
2020-12-01,LU,PEPP,6.98
2020-12-01,LV,PEPP,9.06
2020-12-01,MT,PEPP,7.35
2020-12-01,NL,PEPP,4.22
2020-12-01,PT,PEPP,6.69
2020-12-01,SI,PEPP,8.79
2020-12-01,SK,PEPP,7.85
2021-01-01,AT,PEPP,10.03
2021-01-01,BE,PEPP,6.47
2021-01-01,CY,PEPP,10.42
2021-01-01,DE,PEPP,5.09
2021-01-01,EE,PEPP,8.92
2021-01-01,ES,PEPP,8.46
2021-01-01,FI,PEPP,7.1
2021-01-01,FR,PEPP,8.4
2021-01-01,GR,PEPP,8.61
2021-01-01,IE,PEPP,8.98
2021-01-01,IT,PEPP,6.79
2021-01-01,LT,PEPP,11.49
2021-01-01,LU,PEPP,6.85
2021-01-01,LV,PEPP,9.69
2021-01-01,MT,PEPP,7.18
2021-01-01,NL,PEPP,4.44
2021-01-01,PT,PEPP,6.62
2021-01-01,SI,PEPP,9.28
2021-01-01,SK,PEPP,8.6
2021-02-01,AT,PEPP,9.92
2021-02-01,BE,PEPP,6.42
2021-02-01,CY,PEPP,10.32
2021-02-01,DE,PEPP,5.33
2021-02-01,EE,PEPP,8.91
2021-02-01,ES,PEPP,8.44
2021-02-01,FI,PEPP,7.22
2021-02-01,FR,PEPP,8.44
2021-02-01,GR,PEPP,8.74
2021-02-01,IE,PEPP,9.09
2021-02-01,IT,PEPP,6.8
2021-02-01,LT,PEPP,11.81
2021-02-01,LU,PEPP,6.69
2021-02-01,LV,PEPP,9.65
2021-02-01,MT,PEPP,7.0
2021-02-01,NL,PEPP,4.8
2021-02-01,PT,PEPP,6.59
2021-02-01,SI,PEPP,9.5
2021-02-01,SK,PEPP,8.68
2021-03-01,AT,PEPP,9.72
2021-03-01,BE,PEPP,6.7
2021-03-01,CY,PEPP,10.1
2021-03-01,DE,PEPP,5.56
2021-03-01,EE,PEPP,8.83
2021-03-01,ES,PEPP,8.4
2021-03-01,FI,PEPP,7.16
2021-03-01,FR,PEPP,8.39
2021-03-01,GR,PEPP,8.77
2021-03-01,IE,PEPP,8.98
2021-03-01,IT,PEPP,6.83
2021-03-01,LT,PEPP,11.51
2021-03-01,LU,PEPP,6.58
2021-03-01,LV,PEPP,9.65
2021-03-01,MT,PEPP,7.68
2021-03-01,NL,PEPP,5.09
2021-03-01,PT,PEPP,6.69
2021-03-01,SI,PEPP,9.59
2021-03-01,SK,PEPP,8.84
2021-04-01,AT,PEPP,9.62
2021-04-01,BE,PEPP,6.62
2021-04-01,CY,PEPP,9.96
2021-04-01,DE,PEPP,5.93
2021-04-01,EE,PEPP,8.75
2021-04-01,ES,PEPP,8.34
2021-04-01,FI,PEPP,6.98
2021-04-01,FR,PEPP,8.5
2021-04-01,GR,PEPP,9.15
2021-04-01,IE,PEPP,9.04
2021-04-01,IT,PEPP,6.86
2021-04-01,LT,PEPP,11.36
2021-04-01,LU,PEPP,6.83
2021-04-01,LV,PEPP,9.57
2021-04-01,MT,PEPP,7.6
2021-04-01,NL,PEPP,5.56
2021-04-01,PT,PEPP,7.18
2021-04-01,SI,PEPP,9.38
2021-04-01,SK,PEPP,9.1
2021-05-01,AT,PEPP,9.44
2021-05-01,BE,PEPP,6.66
2021-05-01,CY,PEPP,9.73
2021-05-01,DE,PEPP,6.1
2021-05-01,EE,PEPP,9.03
2021-05-01,ES,PEPP,8.29
2021-05-01,FI,PEPP,7.34
2021-05-01,FR,PEPP,8.51
2021-05-01,GR,PEPP,9.47
2021-05-01,IE,PEPP,9.19
2021-05-01,IT,PEPP,6.87
2021-05-01,LT,PEPP,11.11
2021-05-01,LU,PEPP,7.04
2021-05-01,LV,PEPP,9.83
2021-05-01,MT,PEPP,7.88
2021-05-01,NL,PEPP,6.04
2021-05-01,PT,PEPP,7.4
2021-05-01,SI,PEPP,9.16
2021-05-01,SK,PEPP,9.54
2021-06-01,AT,PEPP,9.29
2021-06-01,BE,PEPP,6.64
2021-06-01,CY,PEPP,9.55
2021-06-01,DE,PEPP,6.25
2021-06-01,EE,PEPP,8.94
2021-06-01,ES,PEPP,8.28
2021-06-01,FI,PEPP,7.37
2021-06-01,FR,PEPP,8.45
2021-06-01,GR,PEPP,9.51
2021-06-01,IE,PEPP,9.3
2021-06-01,IT,PEPP,6.92
2021-06-01,LT,PEPP,10.97
2021-06-01,LU,PEPP,7.02
2021-06-01,LV,PEPP,9.7
2021-06-01,MT,PEPP,7.81
2021-06-01,NL,PEPP,6.46
2021-06-01,PT,PEPP,7.34
2021-06-01,SI,PEPP,9.38
2021-06-01,SK,PEPP,9.46
2021-07-01,AT,PEPP,9.04
2021-07-01,BE,PEPP,6.77
2021-07-01,CY,PEPP,9.29
2021-07-01,DE,PEPP,6.19
2021-07-01,EE,PEPP,8.86
2021-07-01,ES,PEPP,8.25
2021-07-01,FI,PEPP,7.42
2021-07-01,FR,PEPP,8.39
2021-07-01,GR,PEPP,9.43
2021-07-01,IE,PEPP,9.11
2021-07-01,IT,PEPP,6.89
2021-07-01,LT,PEPP,11.05
2021-07-01,LU,PEPP,6.95
2021-07-01,LV,PEPP,9.51
2021-07-01,MT,PEPP,8.45
2021-07-01,NL,PEPP,7.02
2021-07-01,PT,PEPP,7.29
2021-07-01,SI,PEPP,9.48
2021-07-01,SK,PEPP,9.3
2021-08-01,AT,PEPP,8.86
2021-08-01,BE,PEPP,6.77
2021-08-01,CY,PEPP,9.09
2021-08-01,DE,PEPP,6.2
2021-08-01,EE,PEPP,8.77
2021-08-01,ES,PEPP,8.21
2021-08-01,FI,PEPP,7.69
2021-08-01,FR,PEPP,8.37
2021-08-01,GR,PEPP,9.15
2021-08-01,IE,PEPP,8.99
2021-08-01,IT,PEPP,6.99
2021-08-01,LT,PEPP,11.53
2021-08-01,LU,PEPP,6.86
2021-08-01,LV,PEPP,9.39
2021-08-01,MT,PEPP,9.87
2021-08-01,NL,PEPP,6.92
2021-08-01,PT,PEPP,7.08
2021-08-01,SI,PEPP,9.56
2021-08-01,SK,PEPP,9.14
2021-09-01,AT,PEPP,8.5
2021-09-01,BE,PEPP,6.69
2021-09-01,CY,PEPP,8.97
2021-09-01,DE,PEPP,6.18
2021-09-01,EE,PEPP,8.69
2021-09-01,ES,PEPP,8.11
2021-09-01,FI,PEPP,7.39
2021-09-01,FR,PEPP,8.38
2021-09-01,GR,PEPP,9.17
2021-09-01,IE,PEPP,8.84
2021-09-01,IT,PEPP,6.96
2021-09-01,LT,PEPP,11.46
2021-09-01,LU,PEPP,6.77
2021-09-01,LV,PEPP,9.25
2021-09-01,MT,PEPP,9.69
2021-09-01,NL,PEPP,7.18
2021-09-01,PT,PEPP,6.96
2021-09-01,SI,PEPP,9.46
2021-09-01,SK,PEPP,9.11
2021-10-01,AT,PEPP,8.38
2021-10-01,BE,PEPP,6.65
2021-10-01,CY,PEPP,8.81
2021-10-01,DE,PEPP,6.2
2021-10-01,EE,PEPP,8.61
2021-10-01,ES,PEPP,8.04
2021-10-01,FI,PEPP,7.19
2021-10-01,FR,PEPP,8.31
2021-10-01,GR,PEPP,8.99
2021-10-01,IE,PEPP,8.84
2021-10-01,IT,PEPP,6.95
2021-10-01,LT,PEPP,11.23
2021-10-01,LU,PEPP,6.62
2021-10-01,LV,PEPP,9.55
2021-10-01,MT,PEPP,10.73
2021-10-01,NL,PEPP,7.38
2021-10-01,PT,PEPP,6.78
2021-10-01,SI,PEPP,9.42
2021-10-01,SK,PEPP,9.56
2021-11-01,AT,PEPP,8.35
2021-11-01,BE,PEPP,6.71
2021-11-01,CY,PEPP,8.68
2021-11-01,DE,PEPP,6.17
2021-11-01,EE,PEPP,8.53
2021-11-01,ES,PEPP,7.96
2021-11-01,FI,PEPP,7.12
2021-11-01,FR,PEPP,8.19
2021-11-01,GR,PEPP,8.92
2021-11-01,IE,PEPP,8.84
2021-11-01,IT,PEPP,7.11
2021-11-01,LT,PEPP,11.04
2021-11-01,LU,PEPP,6.51
2021-11-01,LV,PEPP,9.52
2021-11-01,MT,PEPP,10.81
2021-11-01,NL,PEPP,7.43
2021-11-01,PT,PEPP,6.79
2021-11-01,SI,PEPP,9.36
2021-11-01,SK,PEPP,9.46
2021-12-01,AT,PEPP,8.21
2021-12-01,BE,PEPP,6.66
2021-12-01,CY,PEPP,8.65
2021-12-01,DE,PEPP,6.2
2021-12-01,EE,PEPP,8.44
2021-12-01,ES,PEPP,7.81
2021-12-01,FI,PEPP,6.98
2021-12-01,FR,PEPP,8.17
2021-12-01,GR,PEPP,8.73
2021-12-01,IE,PEPP,8.96
2021-12-01,IT,PEPP,7.14
2021-12-01,LT,PEPP,10.97
2021-12-01,LU,PEPP,6.41
2021-12-01,LV,PEPP,9.44
2021-12-01,MT,PEPP,10.99
2021-12-01,NL,PEPP,7.38
2021-12-01,PT,PEPP,6.74
2021-12-01,SI,PEPP,9.46
2021-12-01,SK,PEPP,9.3
2022-01-01,AT,PEPP,8.21
2022-01-01,BE,PEPP,6.62
2022-01-01,CY,PEPP,8.61
2022-01-01,DE,PEPP,6.23
2022-01-01,EE,PEPP,8.36
2022-01-01,ES,PEPP,7.72
2022-01-01,FI,PEPP,6.88
2022-01-01,FR,PEPP,8.07
2022-01-01,GR,PEPP,8.87
2022-01-01,IE,PEPP,8.9
2022-01-01,IT,PEPP,7.13
2022-01-01,LT,PEPP,10.46
2022-01-01,LU,PEPP,6.32
2022-01-01,LV,PEPP,9.27
2022-01-01,MT,PEPP,10.84
2022-01-01,NL,PEPP,7.6
2022-01-01,PT,PEPP,6.91
2022-01-01,SI,PEPP,9.21
2022-01-01,SK,PEPP,9.18
2022-02-01,AT,PEPP,8.06
2022-02-01,BE,PEPP,6.57
2022-02-01,CY,PEPP,8.61
2022-02-01,DE,PEPP,6.26
2022-02-01,EE,PEPP,8.28
2022-02-01,ES,PEPP,7.67
2022-02-01,FI,PEPP,7.1
2022-02-01,FR,PEPP,8.07
2022-02-01,GR,PEPP,8.91
2022-02-01,IE,PEPP,8.9
2022-02-01,IT,PEPP,7.12
2022-02-01,LT,PEPP,10.34
2022-02-01,LU,PEPP,6.24
2022-02-01,LV,PEPP,9.04
2022-02-01,MT,PEPP,10.73
2022-02-01,NL,PEPP,7.9
2022-02-01,PT,PEPP,6.82
2022-02-01,SI,PEPP,8.98
2022-02-01,SK,PEPP,9.06
2022-03-01,AT,PEPP,7.89
2022-03-01,BE,PEPP,6.55
2022-03-01,CY,PEPP,8.55
2022-03-01,DE,PEPP,6.33
2022-03-01,EE,PEPP,8.19
2022-03-01,ES,PEPP,7.69
2022-03-01,FI,PEPP,6.83
2022-03-01,FR,PEPP,8.0
2022-03-01,GR,PEPP,8.73
2022-03-01,IE,PEPP,9.19
2022-03-01,IT,PEPP,7.08
2022-03-01,LT,PEPP,10.27
2022-03-01,LU,PEPP,6.47
2022-03-01,LV,PEPP,8.74
2022-03-01,MT,PEPP,11.05
2022-03-01,NL,PEPP,7.83
2022-03-01,PT,PEPP,6.84
2022-03-01,SI,PEPP,9.28
2022-03-01,SK,PEPP,8.91
2022-04-01,AT,PEPP,7.85
2022-04-01,BE,PEPP,6.49
2022-04-01,CY,PEPP,8.47
2022-04-01,DE,PEPP,6.41
2022-04-01,EE,PEPP,8.11
2022-04-01,ES,PEPP,7.64
2022-04-01,FI,PEPP,6.85
2022-04-01,FR,PEPP,8.01
2022-04-01,GR,PEPP,8.77
2022-04-01,IE,PEPP,9.11
2022-04-01,IT,PEPP,7.15
2022-04-01,LT,PEPP,10.19
2022-04-01,LU,PEPP,6.38
2022-04-01,LV,PEPP,8.66
2022-04-01,MT,PEPP,10.96
2022-04-01,NL,PEPP,7.8
2022-04-01,PT,PEPP,6.7
2022-04-01,SI,PEPP,9.25
2022-04-01,SK,PEPP,8.83
2022-05-01,AT,PEPP,7.79
2022-05-01,BE,PEPP,6.5
2022-05-01,CY,PEPP,9.01
2022-05-01,DE,PEPP,6.4
2022-05-01,EE,PEPP,8.03
2022-05-01,ES,PEPP,7.6
2022-05-01,FI,PEPP,7.22
2022-05-01,FR,PEPP,8.06
2022-05-01,GR,PEPP,8.62
2022-05-01,IE,PEPP,8.99
2022-05-01,IT,PEPP,7.15
2022-05-01,LT,PEPP,10.12
2022-05-01,LU,PEPP,6.34
2022-05-01,LV,PEPP,8.58
2022-05-01,MT,PEPP,10.93
2022-05-01,NL,PEPP,7.7
2022-05-01,PT,PEPP,6.83
2022-05-01,SI,PEPP,9.19
2022-05-01,SK,PEPP,8.75
2022-06-01,AT,PEPP,7.7
2022-06-01,BE,PEPP,6.42
2022-06-01,CY,PEPP,8.93
2022-06-01,DE,PEPP,6.52
2022-06-01,EE,PEPP,7.95
2022-06-01,ES,PEPP,7.54
2022-06-01,FI,PEPP,7.17
2022-06-01,FR,PEPP,8.03
2022-06-01,GR,PEPP,8.68
2022-06-01,IE,PEPP,8.91
2022-06-01,IT,PEPP,7.1
2022-06-01,LT,PEPP,10.03
2022-06-01,LU,PEPP,6.27
2022-06-01,LV,PEPP,8.49
2022-06-01,MT,PEPP,10.85
2022-06-01,NL,PEPP,7.61
2022-06-01,PT,PEPP,6.7
2022-06-01,SI,PEPP,9.11
2022-06-01,SK,PEPP,8.67
2022-07-01,AT,PEPP,7.65
2022-07-01,BE,PEPP,6.41
2022-07-01,CY,PEPP,8.85
2022-07-01,DE,PEPP,6.64
2022-07-01,EE,PEPP,7.86
2022-07-01,ES,PEPP,7.51
2022-07-01,FI,PEPP,7.08
2022-07-01,FR,PEPP,7.97
2022-07-01,GR,PEPP,8.4
2022-07-01,IE,PEPP,8.82
2022-07-01,IT,PEPP,7.13
2022-07-01,LT,PEPP,9.94
2022-07-01,LU,PEPP,6.19
2022-07-01,LV,PEPP,8.41
2022-07-01,MT,PEPP,10.93
2022-07-01,NL,PEPP,7.93
2022-07-01,PT,PEPP,6.62
2022-07-01,SI,PEPP,9.03
2022-07-01,SK,PEPP,8.58
2022-08-01,AT,PEPP,7.57
2022-08-01,BE,PEPP,6.33
2022-08-01,CY,PEPP,8.73
2022-08-01,DE,PEPP,6.65
2022-08-01,EE,PEPP,7.78
2022-08-01,ES,PEPP,7.47
2022-08-01,FI,PEPP,7.33
2022-08-01,FR,PEPP,7.91
2022-08-01,GR,PEPP,8.64
2022-08-01,IE,PEPP,8.74
2022-08-01,IT,PEPP,7.14
2022-08-01,LT,PEPP,9.85
2022-08-01,LU,PEPP,6.11
2022-08-01,LV,PEPP,8.32
2022-08-01,MT,PEPP,10.85
2022-08-01,NL,PEPP,8.05
2022-08-01,PT,PEPP,6.52
2022-08-01,SI,PEPP,8.94
2022-08-01,SK,PEPP,8.5
2022-09-01,AT,PEPP,7.64
2022-09-01,BE,PEPP,6.35
2022-09-01,CY,PEPP,8.62
2022-09-01,DE,PEPP,6.79
2022-09-01,EE,PEPP,7.69
2022-09-01,ES,PEPP,7.42
2022-09-01,FI,PEPP,7.48
2022-09-01,FR,PEPP,7.83
2022-09-01,GR,PEPP,8.5
2022-09-01,IE,PEPP,8.64
2022-09-01,IT,PEPP,7.23
2022-09-01,LT,PEPP,9.9
2022-09-01,LU,PEPP,6.14
2022-09-01,LV,PEPP,8.24
2022-09-01,MT,PEPP,10.76
2022-09-01,NL,PEPP,7.92
2022-09-01,PT,PEPP,6.51
2022-09-01,SI,PEPP,8.84
2022-09-01,SK,PEPP,8.41
2022-10-01,AT,PEPP,7.6
2022-10-01,BE,PEPP,6.27
2022-10-01,CY,PEPP,8.52
2022-10-01,DE,PEPP,6.8
2022-10-01,EE,PEPP,7.61
2022-10-01,ES,PEPP,7.4
2022-10-01,FI,PEPP,7.35
2022-10-01,FR,PEPP,7.81
2022-10-01,GR,PEPP,8.39
2022-10-01,IE,PEPP,8.88
2022-10-01,IT,PEPP,7.16
2022-10-01,LT,PEPP,9.8
2022-10-01,LU,PEPP,6.13
2022-10-01,LV,PEPP,8.16
2022-10-01,MT,PEPP,10.68
2022-10-01,NL,PEPP,7.84
2022-10-01,PT,PEPP,6.73
2022-10-01,SI,PEPP,8.75
2022-10-01,SK,PEPP,8.33
2022-11-01,AT,PEPP,7.65
2022-11-01,BE,PEPP,6.35
2022-11-01,CY,PEPP,8.44
2022-11-01,DE,PEPP,6.79
2022-11-01,EE,PEPP,7.53
2022-11-01,ES,PEPP,7.41
2022-11-01,FI,PEPP,7.58
2022-11-01,FR,PEPP,7.76
2022-11-01,GR,PEPP,8.19
2022-11-01,IE,PEPP,8.84
2022-11-01,IT,PEPP,7.24
2022-11-01,LT,PEPP,9.7
2022-11-01,LU,PEPP,6.03
2022-11-01,LV,PEPP,8.08
2022-11-01,MT,PEPP,10.6
2022-11-01,NL,PEPP,7.7
2022-11-01,PT,PEPP,6.75
2022-11-01,SI,PEPP,8.66
2022-11-01,SK,PEPP,8.25
2022-12-01,AT,PEPP,7.56
2022-12-01,BE,PEPP,6.28
2022-12-01,CY,PEPP,8.33
2022-12-01,DE,PEPP,6.81
2022-12-01,EE,PEPP,7.44
2022-12-01,ES,PEPP,7.38
2022-12-01,FI,PEPP,7.44
2022-12-01,FR,PEPP,7.67
2022-12-01,GR,PEPP,8.17
2022-12-01,IE,PEPP,8.86
2022-12-01,IT,PEPP,7.18
2022-12-01,LT,PEPP,9.6
2022-12-01,LU,PEPP,5.93
2022-12-01,LV,PEPP,7.99
2022-12-01,MT,PEPP,10.51
2022-12-01,NL,PEPP,7.45
2022-12-01,PT,PEPP,6.65
2022-12-01,SI,PEPP,8.57
2022-12-01,SK,PEPP,8.16
2023-01-01,AT,PEPP,7.45
2023-01-01,BE,PEPP,6.31
2023-01-01,CY,PEPP,8.25
2023-01-01,DE,PEPP,6.74
2023-01-01,EE,PEPP,7.36
2023-01-01,ES,PEPP,7.43
2023-01-01,FI,PEPP,7.35
2023-01-01,FR,PEPP,7.6
2023-01-01,GR,PEPP,8.52
2023-01-01,IE,PEPP,8.82
2023-01-01,IT,PEPP,7.2
2023-01-01,LT,PEPP,9.46
2023-01-01,LU,PEPP,5.85
2023-01-01,LV,PEPP,7.87
2023-01-01,MT,PEPP,10.42
2023-01-01,NL,PEPP,7.69
2023-01-01,PT,PEPP,6.83
2023-01-01,SI,PEPP,8.48
2023-01-01,SK,PEPP,8.06
2023-02-01,AT,PEPP,7.36
2023-02-01,BE,PEPP,6.28
2023-02-01,CY,PEPP,8.17
2023-02-01,DE,PEPP,6.8
2023-02-01,EE,PEPP,7.28
2023-02-01,ES,PEPP,7.39
2023-02-01,FI,PEPP,7.63
2023-02-01,FR,PEPP,7.6
2023-02-01,GR,PEPP,8.59
2023-02-01,IE,PEPP,8.8
2023-02-01,IT,PEPP,7.14
2023-02-01,LT,PEPP,9.36
2023-02-01,LU,PEPP,5.84
2023-02-01,LV,PEPP,7.77
2023-02-01,MT,PEPP,10.34
2023-02-01,NL,PEPP,7.76
2023-02-01,PT,PEPP,6.76
2023-02-01,SI,PEPP,8.42
2023-02-01,SK,PEPP,8.37
2023-03-01,AT,PEPP,7.25
2023-03-01,BE,PEPP,6.25
2023-03-01,CY,PEPP,8.09
2023-03-01,DE,PEPP,6.78
2023-03-01,EE,PEPP,7.2
2023-03-01,ES,PEPP,7.34
2023-03-01,FI,PEPP,7.46
2023-03-01,FR,PEPP,7.69
2023-03-01,GR,PEPP,8.6
2023-03-01,IE,PEPP,9.24
2023-03-01,IT,PEPP,7.18
2023-03-01,LT,PEPP,9.21
2023-03-01,LU,PEPP,5.8
2023-03-01,LV,PEPP,7.65
2023-03-01,MT,PEPP,10.26
2023-03-01,NL,PEPP,7.82
2023-03-01,PT,PEPP,6.96
2023-03-01,SI,PEPP,8.92
2023-03-01,SK,PEPP,8.29
2023-04-01,AT,PEPP,7.37
2023-04-01,BE,PEPP,6.18
2023-04-01,CY,PEPP,8.02
2023-04-01,DE,PEPP,6.81
2023-04-01,EE,PEPP,7.11
2023-04-01,ES,PEPP,7.39
2023-04-01,FI,PEPP,7.58
2023-04-01,FR,PEPP,7.61
2023-04-01,GR,PEPP,8.63
2023-04-01,IE,PEPP,9.17
2023-04-01,IT,PEPP,7.1
2023-04-01,LT,PEPP,9.42
2023-04-01,LU,PEPP,5.76
2023-04-01,LV,PEPP,8.33
2023-04-01,MT,PEPP,10.18
2023-04-01,NL,PEPP,7.74
2023-04-01,PT,PEPP,6.9
2023-04-01,SI,PEPP,8.83
2023-04-01,SK,PEPP,8.23
2023-05-01,AT,PEPP,7.28
2023-05-01,BE,PEPP,6.11
2023-05-01,CY,PEPP,7.96
2023-05-01,DE,PEPP,6.78
2023-05-01,EE,PEPP,7.03
2023-05-01,ES,PEPP,7.31
2023-05-01,FI,PEPP,7.59
2023-05-01,FR,PEPP,7.63
2023-05-01,GR,PEPP,8.44
2023-05-01,IE,PEPP,9.1
2023-05-01,IT,PEPP,7.06
2023-05-01,LT,PEPP,9.3
2023-05-01,LU,PEPP,5.74
2023-05-01,LV,PEPP,8.26
2023-05-01,MT,PEPP,10.09
2023-05-01,NL,PEPP,7.68
2023-05-01,PT,PEPP,6.95
2023-05-01,SI,PEPP,8.72
2023-05-01,SK,PEPP,8.16
2023-06-01,AT,PEPP,7.18
2023-06-01,BE,PEPP,6.17
2023-06-01,CY,PEPP,7.89
2023-06-01,DE,PEPP,6.77
2023-06-01,EE,PEPP,6.95
2023-06-01,ES,PEPP,7.24
2023-06-01,FI,PEPP,7.48
2023-06-01,FR,PEPP,7.55
2023-06-01,GR,PEPP,8.51
2023-06-01,IE,PEPP,9.01
2023-06-01,IT,PEPP,7.05
2023-06-01,LT,PEPP,9.28
2023-06-01,LU,PEPP,5.69
2023-06-01,LV,PEPP,8.15
2023-06-01,MT,PEPP,10.01
2023-06-01,NL,PEPP,7.55
2023-06-01,PT,PEPP,6.93
2023-06-01,SI,PEPP,8.63
2023-06-01,SK,PEPP,8.11
2023-07-01,AT,PEPP,7.37
2023-07-01,BE,PEPP,6.1
2023-07-01,CY,PEPP,8.53
2023-07-01,DE,PEPP,6.67
2023-07-01,EE,PEPP,6.86
2023-07-01,ES,PEPP,7.34
2023-07-01,FI,PEPP,7.33
2023-07-01,FR,PEPP,7.46
2023-07-01,GR,PEPP,8.46
2023-07-01,IE,PEPP,8.93
2023-07-01,IT,PEPP,6.97
2023-07-01,LT,PEPP,9.17
2023-07-01,LU,PEPP,6.08
2023-07-01,LV,PEPP,8.04
2023-07-01,MT,PEPP,10.0
2023-07-01,NL,PEPP,7.84
2023-07-01,PT,PEPP,6.97
2023-07-01,SI,PEPP,8.56
2023-07-01,SK,PEPP,8.04
2023-08-01,AT,PEPP,7.27
2023-08-01,BE,PEPP,6.03
2023-08-01,CY,PEPP,8.46
2023-08-01,DE,PEPP,6.66
2023-08-01,EE,PEPP,6.78
2023-08-01,ES,PEPP,7.27
2023-08-01,FI,PEPP,7.31
2023-08-01,FR,PEPP,7.38
2023-08-01,GR,PEPP,8.46
2023-08-01,IE,PEPP,8.89
2023-08-01,IT,PEPP,7.04
2023-08-01,LT,PEPP,9.44
2023-08-01,LU,PEPP,6.07
2023-08-01,LV,PEPP,7.92
2023-08-01,MT,PEPP,9.91
2023-08-01,NL,PEPP,7.66
2023-08-01,PT,PEPP,6.92
2023-08-01,SI,PEPP,8.47
2023-08-01,SK,PEPP,7.96
2023-09-01,AT,PEPP,7.18
2023-09-01,BE,PEPP,5.96
2023-09-01,CY,PEPP,8.38
2023-09-01,DE,PEPP,6.66
2023-09-01,EE,PEPP,6.69
2023-09-01,ES,PEPP,7.21
2023-09-01,FI,PEPP,7.46
2023-09-01,FR,PEPP,7.29
2023-09-01,GR,PEPP,8.46
2023-09-01,IE,PEPP,8.83
2023-09-01,IT,PEPP,6.98
2023-09-01,LT,PEPP,9.34
2023-09-01,LU,PEPP,6.02
2023-09-01,LV,PEPP,7.85
2023-09-01,MT,PEPP,9.83
2023-09-01,NL,PEPP,7.62
2023-09-01,PT,PEPP,7.01
2023-09-01,SI,PEPP,8.39
2023-09-01,SK,PEPP,7.88
2023-10-01,AT,PEPP,7.35
2023-10-01,BE,PEPP,6.1
2023-10-01,CY,PEPP,8.31
2023-10-01,DE,PEPP,6.65
2023-10-01,EE,PEPP,6.61
2023-10-01,ES,PEPP,7.21
2023-10-01,FI,PEPP,7.22
2023-10-01,FR,PEPP,7.26
2023-10-01,GR,PEPP,8.47
2023-10-01,IE,PEPP,8.8
2023-10-01,IT,PEPP,7.08
2023-10-01,LT,PEPP,9.23
2023-10-01,LU,PEPP,6.0
2023-10-01,LV,PEPP,7.76
2023-10-01,MT,PEPP,9.75
2023-10-01,NL,PEPP,7.42
2023-10-01,PT,PEPP,7.45
2023-10-01,SI,PEPP,8.33
2023-10-01,SK,PEPP,7.81
2023-11-01,AT,PEPP,7.22
2023-11-01,BE,PEPP,6.04
2023-11-01,CY,PEPP,8.23
2023-11-01,DE,PEPP,6.61
2023-11-01,EE,PEPP,6.53
2023-11-01,ES,PEPP,7.15
2023-11-01,FI,PEPP,7.23
2023-11-01,FR,PEPP,7.18
2023-11-01,GR,PEPP,8.39
2023-11-01,IE,PEPP,8.73
2023-11-01,IT,PEPP,7.12
2023-11-01,LT,PEPP,9.13
2023-11-01,LU,PEPP,5.98
2023-11-01,LV,PEPP,7.72
2023-11-01,MT,PEPP,9.67
2023-11-01,NL,PEPP,7.3
2023-11-01,PT,PEPP,7.38
2023-11-01,SI,PEPP,8.25
2023-11-01,SK,PEPP,8.04
2023-12-01,AT,PEPP,7.11
2023-12-01,BE,PEPP,5.96
2023-12-01,CY,PEPP,8.15
2023-12-01,DE,PEPP,6.58
2023-12-01,EE,PEPP,6.44
2023-12-01,ES,PEPP,7.08
2023-12-01,FI,PEPP,7.1
2023-12-01,FR,PEPP,7.09
2023-12-01,GR,PEPP,8.35
2023-12-01,IE,PEPP,8.65
2023-12-01,IT,PEPP,7.13
2023-12-01,LT,PEPP,9.04
2023-12-01,LU,PEPP,5.92
2023-12-01,LV,PEPP,7.62
2023-12-01,MT,PEPP,9.58
2023-12-01,NL,PEPP,7.09
2023-12-01,PT,PEPP,7.3
2023-12-01,SI,PEPP,8.18
2023-12-01,SK,PEPP,7.96
2024-01-01,AT,PEPP,7.02
2024-01-01,BE,PEPP,5.92
2024-01-01,CY,PEPP,8.07
2024-01-01,DE,PEPP,6.59
2024-01-01,EE,PEPP,6.36
2024-01-01,ES,PEPP,7.14
2024-01-01,FI,PEPP,6.91
2024-01-01,FR,PEPP,7.01
2024-01-01,GR,PEPP,8.29
2024-01-01,IE,PEPP,8.58
2024-01-01,IT,PEPP,7.27
2024-01-01,LT,PEPP,9.22
2024-01-01,LU,PEPP,5.84
2024-01-01,LV,PEPP,7.52
2024-01-01,MT,PEPP,9.49
2024-01-01,NL,PEPP,7.43
2024-01-01,PT,PEPP,7.28
2024-01-01,SI,PEPP,8.12
2024-01-01,SK,PEPP,7.92
2024-02-01,AT,PEPP,6.9
2024-02-01,BE,PEPP,5.88
2024-02-01,CY,PEPP,7.99
2024-02-01,DE,PEPP,6.64
2024-02-01,EE,PEPP,6.28
2024-02-01,ES,PEPP,7.07
2024-02-01,FI,PEPP,7.01
2024-02-01,FR,PEPP,7.06
2024-02-01,GR,PEPP,8.29
2024-02-01,IE,PEPP,8.51
2024-02-01,IT,PEPP,7.3
2024-02-01,LT,PEPP,9.09
2024-02-01,LU,PEPP,5.76
2024-02-01,LV,PEPP,7.46
2024-02-01,MT,PEPP,9.4
2024-02-01,NL,PEPP,7.44
2024-02-01,PT,PEPP,7.74
2024-02-01,SI,PEPP,8.05
2024-02-01,SK,PEPP,7.86
2024-03-01,AT,PEPP,6.74
2024-03-01,BE,PEPP,5.83
2024-03-01,CY,PEPP,7.9
2024-03-01,DE,PEPP,6.67
2024-03-01,EE,PEPP,6.19
2024-03-01,ES,PEPP,7.0
2024-03-01,FI,PEPP,6.95
2024-03-01,FR,PEPP,7.17
2024-03-01,GR,PEPP,8.26
2024-03-01,IE,PEPP,8.95
2024-03-01,IT,PEPP,7.34
2024-03-01,LT,PEPP,8.98
2024-03-01,LU,PEPP,5.67
2024-03-01,LV,PEPP,7.39
2024-03-01,MT,PEPP,9.31
2024-03-01,NL,PEPP,7.39
2024-03-01,PT,PEPP,7.65
2024-03-01,SI,PEPP,7.99
2024-03-01,SK,PEPP,7.81
2024-04-01,AT,PEPP,6.65
2024-04-01,BE,PEPP,5.77
2024-04-01,CY,PEPP,7.82
2024-04-01,DE,PEPP,6.73
2024-04-01,EE,PEPP,6.11
2024-04-01,ES,PEPP,7.07
2024-04-01,FI,PEPP,6.95
2024-04-01,FR,PEPP,7.09
2024-04-01,GR,PEPP,8.49
2024-04-01,IE,PEPP,8.89
2024-04-01,IT,PEPP,7.36
2024-04-01,LT,PEPP,9.09
2024-04-01,LU,PEPP,5.59
2024-04-01,LV,PEPP,8.15
2024-04-01,MT,PEPP,9.23
2024-04-01,NL,PEPP,7.3
2024-04-01,PT,PEPP,7.58
2024-04-01,SI,PEPP,7.89
2024-04-01,SK,PEPP,7.73
2024-05-01,AT,PEPP,6.5
2024-05-01,BE,PEPP,5.7
2024-05-01,CY,PEPP,7.74
2024-05-01,DE,PEPP,6.75
2024-05-01,EE,PEPP,6.03
2024-05-01,ES,PEPP,7.15
2024-05-01,FI,PEPP,6.85
2024-05-01,FR,PEPP,7.18
2024-05-01,GR,PEPP,8.45
2024-05-01,IE,PEPP,8.82
2024-05-01,IT,PEPP,7.35
2024-05-01,LT,PEPP,8.94
2024-05-01,LU,PEPP,5.51
2024-05-01,LV,PEPP,8.01
2024-05-01,MT,PEPP,9.14
2024-05-01,NL,PEPP,7.07
2024-05-01,PT,PEPP,7.55
2024-05-01,SI,PEPP,7.81
2024-05-01,SK,PEPP,7.7
2024-06-01,AT,PEPP,6.37
2024-06-01,BE,PEPP,5.93
2024-06-01,CY,PEPP,8.15
2024-06-01,DE,PEPP,6.77
2024-06-01,EE,PEPP,5.94
2024-06-01,ES,PEPP,7.08
2024-06-01,FI,PEPP,6.68
2024-06-01,FR,PEPP,7.13
2024-06-01,GR,PEPP,8.46
2024-06-01,IE,PEPP,8.76
2024-06-01,IT,PEPP,7.25
2024-06-01,LT,PEPP,9.32
2024-06-01,LU,PEPP,5.43
2024-06-01,LV,PEPP,7.93
2024-06-01,MT,PEPP,9.05
2024-06-01,NL,PEPP,6.99
2024-06-01,PT,PEPP,7.49
2024-06-01,SI,PEPP,7.73
2024-06-01,SK,PEPP,7.93
2024-07-01,AT,PEPP,6.73
2024-07-01,BE,PEPP,5.86
2024-07-01,CY,PEPP,8.05
2024-07-01,DE,PEPP,6.72
2024-07-01,EE,PEPP,5.86
2024-07-01,ES,PEPP,7.13
2024-07-01,FI,PEPP,6.51
2024-07-01,FR,PEPP,7.09
2024-07-01,GR,PEPP,8.41
2024-07-01,IE,PEPP,8.68
2024-07-01,IT,PEPP,7.24
2024-07-01,LT,PEPP,9.2
2024-07-01,LU,PEPP,5.34
2024-07-01,LV,PEPP,7.83
2024-07-01,MT,PEPP,8.97
2024-07-01,NL,PEPP,7.23
2024-07-01,PT,PEPP,7.43
2024-07-01,SI,PEPP,7.66
2024-07-01,SK,PEPP,7.85
2024-08-01,AT,PEPP,6.64
2024-08-01,BE,PEPP,5.78
2024-08-01,CY,PEPP,7.96
2024-08-01,DE,PEPP,6.72
2024-08-01,EE,PEPP,5.77
2024-08-01,ES,PEPP,7.05
2024-08-01,FI,PEPP,6.58
2024-08-01,FR,PEPP,7.0
2024-08-01,GR,PEPP,8.39
2024-08-01,IE,PEPP,8.6
2024-08-01,IT,PEPP,7.22
2024-08-01,LT,PEPP,9.28
2024-08-01,LU,PEPP,5.26
2024-08-01,LV,PEPP,7.74
2024-08-01,MT,PEPP,8.88
2024-08-01,NL,PEPP,7.34
2024-08-01,PT,PEPP,7.34
2024-08-01,SI,PEPP,7.58
2024-08-01,SK,PEPP,7.77
2024-09-01,AT,PEPP,6.53
2024-09-01,BE,PEPP,5.72
2024-09-01,CY,PEPP,7.87
2024-09-01,DE,PEPP,6.71
2024-09-01,EE,PEPP,5.69
2024-09-01,ES,PEPP,6.98
2024-09-01,FI,PEPP,6.63
2024-09-01,FR,PEPP,6.92
2024-09-01,GR,PEPP,8.43
2024-09-01,IE,PEPP,8.52
2024-09-01,IT,PEPP,7.21
2024-09-01,LT,PEPP,9.17
2024-09-01,LU,PEPP,5.17
2024-09-01,LV,PEPP,7.64
2024-09-01,MT,PEPP,8.79
2024-09-01,NL,PEPP,7.3
2024-09-01,PT,PEPP,7.3
2024-09-01,SI,PEPP,7.92
2024-09-01,SK,PEPP,7.7
2024-10-01,AT,PEPP,6.87
2024-10-01,BE,PEPP,5.9
2024-10-01,CY,PEPP,7.77
2024-10-01,DE,PEPP,6.71
2024-10-01,EE,PEPP,5.61
2024-10-01,ES,PEPP,7.06
2024-10-01,FI,PEPP,6.56
2024-10-01,FR,PEPP,6.85
2024-10-01,GR,PEPP,8.41
2024-10-01,IE,PEPP,8.44
2024-10-01,IT,PEPP,7.15
2024-10-01,LT,PEPP,9.06
2024-10-01,LU,PEPP,5.09
2024-10-01,LV,PEPP,7.54
2024-10-01,MT,PEPP,9.19
2024-10-01,NL,PEPP,7.28
2024-10-01,PT,PEPP,7.23
2024-10-01,SI,PEPP,7.84
2024-10-01,SK,PEPP,7.6
2024-11-01,AT,PEPP,6.76
2024-11-01,BE,PEPP,5.83
2024-11-01,CY,PEPP,7.68
2024-11-01,DE,PEPP,6.63
2024-11-01,EE,PEPP,5.52
2024-11-01,ES,PEPP,6.98
2024-11-01,FI,PEPP,6.76
2024-11-01,FR,PEPP,6.94
2024-11-01,GR,PEPP,8.36
2024-11-01,IE,PEPP,8.36
2024-11-01,IT,PEPP,7.15
2024-11-01,LT,PEPP,9.1
2024-11-01,LU,PEPP,5.01
2024-11-01,LV,PEPP,7.46
2024-11-01,MT,PEPP,9.12
2024-11-01,NL,PEPP,7.24
2024-11-01,PT,PEPP,7.18
2024-11-01,SI,PEPP,7.76
2024-11-01,SK,PEPP,7.83
2024-12-01,AT,PEPP,6.67
2024-12-01,BE,PEPP,5.75
2024-12-01,CY,PEPP,8.2
2024-12-01,DE,PEPP,6.59
2024-12-01,EE,PEPP,5.44
2024-12-01,ES,PEPP,6.9
2024-12-01,FI,PEPP,6.66
2024-12-01,FR,PEPP,6.86
2024-12-01,GR,PEPP,8.3
2024-12-01,IE,PEPP,8.28
2024-12-01,IT,PEPP,7.23
2024-12-01,LT,PEPP,9.0
2024-12-01,LU,PEPP,4.92
2024-12-01,LV,PEPP,7.37
2024-12-01,MT,PEPP,9.04
2024-12-01,NL,PEPP,7.11
2024-12-01,PT,PEPP,7.09
2024-12-01,SI,PEPP,7.68
2024-12-01,SK,PEPP,7.75
2025-01-01,AT,PEPP,6.63
2025-01-01,BE,PEPP,5.66
2025-01-01,CY,PEPP,8.12
2025-01-01,DE,PEPP,6.59
2025-01-01,EE,PEPP,5.36
2025-01-01,ES,PEPP,6.97
2025-01-01,FI,PEPP,6.57
2025-01-01,FR,PEPP,6.78
2025-01-01,GR,PEPP,8.22
2025-01-01,IE,PEPP,8.19
2025-01-01,IT,PEPP,7.19
2025-01-01,LT,PEPP,8.91
2025-01-01,LU,PEPP,4.84
2025-01-01,LV,PEPP,7.49
2025-01-01,MT,PEPP,8.95
2025-01-01,NL,PEPP,7.21
2025-01-01,PT,PEPP,7.04
2025-01-01,SI,PEPP,7.6
2025-01-01,SK,PEPP,7.66
2025-02-01,AT,PEPP,6.56
2025-02-01,BE,PEPP,5.58
2025-02-01,CY,PEPP,8.04
2025-02-01,DE,PEPP,6.68
2025-02-01,EE,PEPP,5.28
2025-02-01,ES,PEPP,6.9
2025-02-01,FI,PEPP,6.97
2025-02-01,FR,PEPP,6.78
2025-02-01,GR,PEPP,8.5
2025-02-01,IE,PEPP,8.11
2025-02-01,IT,PEPP,7.22
2025-02-01,LT,PEPP,8.84
2025-02-01,LU,PEPP,4.76
2025-02-01,LV,PEPP,7.41
2025-02-01,MT,PEPP,8.88
2025-02-01,NL,PEPP,7.3
2025-02-01,PT,PEPP,6.97
2025-02-01,SI,PEPP,7.52
2025-02-01,SK,PEPP,7.59
2025-03-01,AT,PEPP,6.47
2025-03-01,BE,PEPP,5.5
2025-03-01,CY,PEPP,7.95
2025-03-01,DE,PEPP,6.73
2025-03-01,EE,PEPP,5.19
2025-03-01,ES,PEPP,6.81
2025-03-01,FI,PEPP,6.88
2025-03-01,FR,PEPP,6.95
2025-03-01,GR,PEPP,8.43
2025-03-01,IE,PEPP,8.77
2025-03-01,IT,PEPP,7.26
2025-03-01,LT,PEPP,8.76
2025-03-01,LU,PEPP,4.68
2025-03-01,LV,PEPP,7.33
2025-03-01,MT,PEPP,8.79
2025-03-01,NL,PEPP,7.3
2025-03-01,PT,PEPP,6.91
2025-03-01,SI,PEPP,7.44
2025-03-01,SK,PEPP,7.5
2025-04-01,AT,PEPP,6.72
2025-04-01,BE,PEPP,5.42
2025-04-01,CY,PEPP,7.87
2025-04-01,DE,PEPP,6.79
2025-04-01,EE,PEPP,5.11
2025-04-01,ES,PEPP,6.89
2025-04-01,FI,PEPP,6.87
2025-04-01,FR,PEPP,6.87
2025-04-01,GR,PEPP,8.35
2025-04-01,IE,PEPP,8.69
2025-04-01,IT,PEPP,7.22
2025-04-01,LT,PEPP,8.68
2025-04-01,LU,PEPP,5.33
2025-04-01,LV,PEPP,7.25
2025-04-01,MT,PEPP,8.71
2025-04-01,NL,PEPP,7.36
2025-04-01,PT,PEPP,6.83
2025-04-01,SI,PEPP,7.36
2025-04-01,SK,PEPP,7.42
2025-05-01,AT,PEPP,6.63
2025-05-01,BE,PEPP,5.33
2025-05-01,CY,PEPP,7.79
2025-05-01,DE,PEPP,6.74
2025-05-01,EE,PEPP,5.03
2025-05-01,ES,PEPP,6.92
2025-05-01,FI,PEPP,6.99
2025-05-01,FR,PEPP,7.0
2025-05-01,GR,PEPP,8.27
2025-05-01,IE,PEPP,8.61
2025-05-01,IT,PEPP,7.21
2025-05-01,LT,PEPP,9.04
2025-05-01,LU,PEPP,5.25
2025-05-01,LV,PEPP,7.16
2025-05-01,MT,PEPP,8.62
2025-05-01,NL,PEPP,7.37
2025-05-01,PT,PEPP,6.76
2025-05-01,SI,PEPP,7.27
2025-05-01,SK,PEPP,7.82
2025-06-01,AT,PEPP,6.55
2025-06-01,BE,PEPP,5.74
2025-06-01,CY,PEPP,7.7
2025-06-01,DE,PEPP,6.76
2025-06-01,EE,PEPP,4.94
2025-06-01,ES,PEPP,6.84
2025-06-01,FI,PEPP,6.9
2025-06-01,FR,PEPP,6.92
2025-06-01,GR,PEPP,8.18
2025-06-01,IE,PEPP,8.52
2025-06-01,IT,PEPP,7.24
2025-06-01,LT,PEPP,8.96
2025-06-01,LU,PEPP,5.16
2025-06-01,LV,PEPP,7.08
2025-06-01,MT,PEPP,8.54
2025-06-01,NL,PEPP,7.28
2025-06-01,PT,PEPP,6.68
2025-06-01,SI,PEPP,7.19
2025-06-01,SK,PEPP,7.74
2025-07-01,AT,PEPP,6.46
2025-07-01,BE,PEPP,5.65
2025-07-01,CY,PEPP,7.62
2025-07-01,DE,PEPP,6.68
2025-07-01,EE,PEPP,4.86
2025-07-01,ES,PEPP,6.94
2025-07-01,FI,PEPP,7.18
2025-07-01,FR,PEPP,6.84
2025-07-01,GR,PEPP,8.1
2025-07-01,IE,PEPP,8.44
2025-07-01,IT,PEPP,7.25
2025-07-01,LT,PEPP,8.87
2025-07-01,LU,PEPP,5.08
2025-07-01,LV,PEPP,7.0
2025-07-01,MT,PEPP,8.86
2025-07-01,NL,PEPP,7.61
2025-07-01,PT,PEPP,6.6
2025-07-01,SI,PEPP,7.63
2025-07-01,SK,PEPP,7.65
2025-08-01,AT,PEPP,6.38
2025-08-01,BE,PEPP,5.57
2025-08-01,CY,PEPP,7.54
2025-08-01,DE,PEPP,6.73
2025-08-01,EE,PEPP,4.77
2025-08-01,ES,PEPP,6.85
2025-08-01,FI,PEPP,7.3
2025-08-01,FR,PEPP,6.75
2025-08-01,GR,PEPP,8.01
2025-08-01,IE,PEPP,8.35
2025-08-01,IT,PEPP,7.25
2025-08-01,LT,PEPP,8.96
2025-08-01,LU,PEPP,4.99
2025-08-01,LV,PEPP,6.91
2025-08-01,MT,PEPP,8.78
2025-08-01,NL,PEPP,7.53
2025-08-01,PT,PEPP,6.51
2025-08-01,SI,PEPP,7.55
2025-08-01,SK,PEPP,7.57
2025-09-01,AT,PEPP,6.31
2025-09-01,BE,PEPP,5.48
2025-09-01,CY,PEPP,7.45
2025-09-01,DE,PEPP,6.72
2025-09-01,EE,PEPP,4.69
2025-09-01,ES,PEPP,6.77
2025-09-01,FI,PEPP,7.53
2025-09-01,FR,PEPP,6.67
2025-09-01,GR,PEPP,7.94
2025-09-01,IE,PEPP,8.27
2025-09-01,IT,PEPP,7.22
2025-09-01,LT,PEPP,8.88
2025-09-01,LU,PEPP,4.91
2025-09-01,LV,PEPP,7.41
2025-09-01,MT,PEPP,8.69
2025-09-01,NL,PEPP,7.46
2025-09-01,PT,PEPP,6.43
2025-09-01,SI,PEPP,7.47
2025-09-01,SK,PEPP,7.49
2025-10-01,AT,PEPP,6.66
2025-10-01,BE,PEPP,5.4
2025-10-01,CY,PEPP,7.37
2025-10-01,DE,PEPP,6.74
2025-10-01,EE,PEPP,4.61
2025-10-01,ES,PEPP,6.88
2025-10-01,FI,PEPP,7.45
2025-10-01,FR,PEPP,6.67
2025-10-01,GR,PEPP,7.86
2025-10-01,IE,PEPP,8.19
2025-10-01,IT,PEPP,7.14
2025-10-01,LT,PEPP,9.24
2025-10-01,LU,PEPP,4.83
2025-10-01,LV,PEPP,7.33
2025-10-01,MT,PEPP,8.61
2025-10-01,NL,PEPP,7.37
2025-10-01,PT,PEPP,6.97
2025-10-01,SI,PEPP,7.38
2025-10-01,SK,PEPP,7.71
2025-11-01,AT,PEPP,6.58
2025-11-01,BE,PEPP,5.32
2025-11-01,CY,PEPP,7.93
2025-11-01,DE,PEPP,6.67
2025-11-01,EE,PEPP,4.53
2025-11-01,ES,PEPP,6.8
2025-11-01,FI,PEPP,7.37
2025-11-01,FR,PEPP,6.76
2025-11-01,GR,PEPP,7.77
2025-11-01,IE,PEPP,8.1
2025-11-01,IT,PEPP,7.15
2025-11-01,LT,PEPP,9.36
2025-11-01,LU,PEPP,4.74
2025-11-01,LV,PEPP,7.24
2025-11-01,MT,PEPP,8.71
2025-11-01,NL,PEPP,7.3
2025-11-01,PT,PEPP,6.89
2025-11-01,SI,PEPP,7.3
2025-11-01,SK,PEPP,7.63
2025-12-01,AT,PEPP,6.5
2025-12-01,BE,PEPP,5.23
2025-12-01,CY,PEPP,7.84
2025-12-01,DE,PEPP,6.62
2025-12-01,EE,PEPP,4.44
2025-12-01,ES,PEPP,6.71
2025-12-01,FI,PEPP,7.28
2025-12-01,FR,PEPP,6.69
2025-12-01,GR,PEPP,7.69
2025-12-01,IE,PEPP,8.02
2025-12-01,IT,PEPP,7.18
2025-12-01,LT,PEPP,9.28
2025-12-01,LU,PEPP,4.66
2025-12-01,LV,PEPP,7.16
2025-12-01,MT,PEPP,8.62
2025-12-01,NL,PEPP,7.21
2025-12-01,PT,PEPP,6.8
2025-12-01,SI,PEPP,7.22
2025-12-01,SK,PEPP,7.55
2026-01-01,AT,PEPP,6.41
2026-01-01,BE,PEPP,5.15
2026-01-01,CY,PEPP,7.76
2026-01-01,DE,PEPP,6.55
2026-01-01,EE,PEPP,4.36
2026-01-01,ES,PEPP,6.79
2026-01-01,FI,PEPP,7.2
2026-01-01,FR,PEPP,6.6
2026-01-01,GR,PEPP,7.6
2026-01-01,IE,PEPP,7.93
2026-01-01,IT,PEPP,7.18
2026-01-01,LT,PEPP,9.42
2026-01-01,LU,PEPP,4.57
2026-01-01,LV,PEPP,7.07
2026-01-01,MT,PEPP,8.54
2026-01-01,NL,PEPP,7.46
2026-01-01,PT,PEPP,6.72
2026-01-01,SI,PEPP,7.13
2026-01-01,SK,PEPP,7.46
2026-02-01,AT,PEPP,6.33
2026-02-01,BE,PEPP,5.07
2026-02-01,CY,PEPP,8.42
2026-02-01,DE,PEPP,6.61
2026-02-01,EE,PEPP,4.28
2026-02-01,ES,PEPP,6.72
2026-02-01,FI,PEPP,7.12
2026-02-01,FR,PEPP,6.77
2026-02-01,GR,PEPP,8.08
2026-02-01,IE,PEPP,7.86
2026-02-01,IT,PEPP,7.22
2026-02-01,LT,PEPP,9.35
2026-02-01,LU,PEPP,4.5
2026-02-01,LV,PEPP,7.0
2026-02-01,MT,PEPP,8.46
2026-02-01,NL,PEPP,7.39
2026-02-01,PT,PEPP,6.64
2026-02-01,SI,PEPP,7.35
2026-02-01,SK,PEPP,7.46
2026-03-01,AT,PEPP,6.61
2026-03-01,BE,PEPP,5.22
2026-03-01,CY,PEPP,8.33
2026-03-01,DE,PEPP,6.61
2026-03-01,EE,PEPP,4.19
2026-03-01,ES,PEPP,6.63
2026-03-01,FI,PEPP,7.04
2026-03-01,FR,PEPP,6.73
2026-03-01,GR,PEPP,7.99
2026-03-01,IE,PEPP,7.77
2026-03-01,IT,PEPP,7.23
2026-03-01,LT,PEPP,9.26
2026-03-01,LU,PEPP,4.41
2026-03-01,LV,PEPP,6.91
2026-03-01,MT,PEPP,8.38
2026-03-01,NL,PEPP,7.3
2026-03-01,PT,PEPP,6.56
2026-03-01,SI,PEPP,7.83
2026-03-01,SK,PEPP,7.37
2026-04-01,AT,PEPP,6.53
2026-04-01,BE,PEPP,5.14
2026-04-01,CY,PEPP,8.25
2026-04-01,DE,PEPP,6.73
2026-04-01,EE,PEPP,4.11
2026-04-01,ES,PEPP,6.73
2026-04-01,FI,PEPP,7.47
2026-04-01,FR,PEPP,6.76
2026-04-01,GR,PEPP,7.91
2026-04-01,IE,PEPP,7.69
2026-04-01,IT,PEPP,7.38
2026-04-01,LT,PEPP,9.18
2026-04-01,LU,PEPP,4.33
2026-04-01,LV,PEPP,6.83
2026-04-01,MT,PEPP,8.3
2026-04-01,NL,PEPP,7.3
2026-04-01,PT,PEPP,6.47
2026-04-01,SI,PEPP,7.75
2026-04-01,SK,PEPP,7.29
2026-05-01,AT,PEPP,6.44
2026-05-01,BE,PEPP,5.07
2026-05-01,CY,PEPP,8.16
2026-05-01,DE,PEPP,6.68
2026-05-01,EE,PEPP,4.03
2026-05-01,ES,PEPP,6.72
2026-05-01,FI,PEPP,7.39
2026-05-01,FR,PEPP,6.94
2026-05-01,GR,PEPP,7.83
2026-05-01,IE,PEPP,8.4
2026-05-01,IT,PEPP,7.3
2026-05-01,LT,PEPP,9.09
2026-05-01,LU,PEPP,4.25
2026-05-01,LV,PEPP,6.75
2026-05-01,MT,PEPP,8.21
2026-05-01,NL,PEPP,7.21
2026-05-01,PT,PEPP,6.39
2026-05-01,SI,PEPP,7.67
2026-05-01,SK,PEPP,7.53
2026-06-01,AT,PEPP,6.36
2026-06-01,BE,PEPP,5.34
2026-06-01,CY,PEPP,8.08
2026-06-01,DE,PEPP,6.65
2026-06-01,EE,PEPP,3.95
2026-06-01,ES,PEPP,6.63
2026-06-01,FI,PEPP,7.3
2026-06-01,FR,PEPP,6.86
2026-06-01,GR,PEPP,7.74
2026-06-01,IE,PEPP,8.31
2026-06-01,IT,PEPP,7.35
2026-06-01,LT,PEPP,9.28
2026-06-01,LU,PEPP,4.16
2026-06-01,LV,PEPP,6.66
2026-06-01,MT,PEPP,8.13
2026-06-01,NL,PEPP,7.13
2026-06-01,PT,PEPP,6.31
2026-06-01,SI,PEPP,7.62
2026-06-01,SK,PEPP,7.45
2026-07-01,AT,PEPP,6.45
2026-07-01,BE,PEPP,5.26
2026-07-01,CY,PEPP,8.0
2026-07-01,DE,PEPP,6.58
2026-07-01,EE,PEPP,3.86
2026-07-01,ES,PEPP,6.75
2026-07-01,FI,PEPP,7.22
2026-07-01,FR,PEPP,6.79
2026-07-01,GR,PEPP,7.91
2026-07-01,IE,PEPP,8.23
2026-07-01,IT,PEPP,7.37
2026-07-01,LT,PEPP,9.2
2026-07-01,LU,PEPP,4.08
2026-07-01,LV,PEPP,6.58
2026-07-01,MT,PEPP,8.29
2026-07-01,NL,PEPP,7.48
2026-07-01,PT,PEPP,6.8
2026-07-01,SI,PEPP,7.53
2026-07-01,SK,PEPP,7.36
2026-08-01,AT,PEPP,6.37
2026-08-01,BE,PEPP,5.17
2026-08-01,CY,PEPP,7.91
2026-08-01,DE,PEPP,6.63
2026-08-01,EE,PEPP,3.78
2026-08-01,ES,PEPP,6.67
2026-08-01,FI,PEPP,7.13
2026-08-01,FR,PEPP,6.7
2026-08-01,GR,PEPP,7.82
2026-08-01,IE,PEPP,8.14
2026-08-01,IT,PEPP,7.41
2026-08-01,LT,PEPP,9.3
2026-08-01,LU,PEPP,3.99
2026-08-01,LV,PEPP,6.49
2026-08-01,MT,PEPP,8.21
2026-08-01,NL,PEPP,7.39
2026-08-01,PT,PEPP,6.71
2026-08-01,SI,PEPP,7.45
2026-08-01,SK,PEPP,7.28
