month,country,maturity_years,yield_pct
2014-01-01,AT,10.0,2.1311
2014-02-01,AT,10.0,1.952
2014-03-01,AT,10.0,1.8675
2014-04-01,AT,10.0,1.7683
2014-05-01,AT,10.0,1.6199
2014-06-01,AT,10.0,1.6506
2014-07-01,AT,10.0,1.4656
2014-08-01,AT,10.0,1.2798
2014-09-01,AT,10.0,1.221
2014-10-01,AT,10.0,1.1022
2014-11-01,AT,10.0,0.9762
2014-12-01,AT,10.0,0.8133
2015-01-01,AT,10.0,0.5434
2015-02-01,AT,10.0,0.4403
2015-03-01,AT,10.0,0.3736
2015-04-01,AT,10.0,0.2911
2015-05-01,AT,10.0,0.7255
2015-06-01,AT,10.0,1.0638
2015-07-01,AT,10.0,1.0841
2015-08-01,AT,10.0,0.9598
2015-09-01,AT,10.0,0.9706
2015-10-01,AT,10.0,0.8297
2015-11-01,AT,10.0,0.8194
2015-12-01,AT,10.0,0.8632
2016-01-01,AT,10.0,0.7672
2016-02-01,AT,10.0,0.526
2016-03-01,AT,10.0,0.4572
2016-04-01,AT,10.0,0.3796
2016-05-01,AT,10.0,0.3666
2016-06-01,AT,10.0,0.3277
2016-07-01,AT,10.0,0.1583
2016-08-01,AT,10.0,0.1068
2016-09-01,AT,10.0,0.1484
2016-10-01,AT,10.0,0.2407
2016-11-01,AT,10.0,0.4916
2016-12-01,AT,10.0,0.5345
2017-01-01,AT,10.0,0.5705
2017-02-01,AT,10.0,0.5899
2017-03-01,AT,10.0,0.5924
2017-04-01,AT,10.0,0.4903
2017-05-01,AT,10.0,0.6517
2017-06-01,AT,10.0,0.5547
2017-07-01,AT,10.0,0.7292
2017-08-01,AT,10.0,0.6062
2017-09-01,AT,10.0,0.5911
2017-10-01,AT,10.0,0.6062
2017-11-01,AT,10.0,0.5145
2017-12-01,AT,10.0,0.5027
2018-01-01,AT,10.0,0.6692
2018-02-01,AT,10.0,0.8357
2018-03-01,AT,10.0,0.8134
2018-04-01,AT,10.0,0.7625
2018-05-01,AT,10.0,0.7606
2018-06-01,AT,10.0,0.7064
2018-07-01,AT,10.0,0.596
2018-08-01,AT,10.0,0.5973
2018-09-01,AT,10.0,0.6654
2018-10-01,AT,10.0,0.6875
2018-11-01,AT,10.0,0.6201
2018-12-01,AT,10.0,0.5198
2019-01-01,AT,10.0,0.452
2019-02-01,AT,10.0,0.4513
2019-03-01,AT,10.0,0.3766
2019-04-01,AT,10.0,0.3143
2019-05-01,AT,10.0,0.2381
2019-06-01,AT,10.0,0.0301
2019-07-01,AT,10.0,-0.1037
2019-08-01,AT,10.0,-0.3737
2019-09-01,AT,10.0,-0.3024
2019-10-01,AT,10.0,-0.1974
2019-11-01,AT,10.0,-0.0861
2019-12-01,AT,10.0,-0.0439
2020-01-01,AT,10.0,-0.0868
2020-02-01,AT,10.0,-0.2574
2020-03-01,AT,10.0,-0.0938
2020-04-01,AT,10.0,0.0458
2020-05-01,AT,10.0,-0.0974
2020-06-01,AT,10.0,-0.1309
2020-07-01,AT,10.0,-0.2485
2020-08-01,AT,10.0,-0.28
2020-09-01,AT,10.0,-0.3174
2020-10-01,AT,10.0,-0.398
2020-11-01,AT,10.0,-0.4114
2020-12-01,AT,10.0,-0.4224
2021-01-01,AT,10.0,-0.3995
2021-02-01,AT,10.0,-0.1969
2021-03-01,AT,10.0,-0.0887
2021-04-01,AT,10.0,-0.0409
2021-05-01,AT,10.0,0.0803
2021-06-01,AT,10.0,0.0229
2021-07-01,AT,10.0,-0.1302
2021-08-01,AT,10.0,-0.225
2021-09-01,AT,10.0,-0.076
2021-10-01,AT,10.0,0.0837
2021-11-01,AT,10.0,-0.0088
2021-12-01,AT,10.0,-0.0455
2022-01-01,AT,10.0,0.1813
2022-02-01,AT,10.0,0.5391
2022-03-01,AT,10.0,0.7207
2022-04-01,AT,10.0,1.2857
2022-05-01,AT,10.0,1.5363
2022-06-01,AT,10.0,2.0707
2022-07-01,AT,10.0,1.7014
2022-08-01,AT,10.0,1.6802
2022-09-01,AT,10.0,2.4592
2022-10-01,AT,10.0,2.9161
2022-11-01,AT,10.0,2.7031
2022-12-01,AT,10.0,2.74
2023-01-01,AT,10.0,2.8076
2023-02-01,AT,10.0,3.0437
2023-03-01,AT,10.0,3.0597
2023-04-01,AT,10.0,3.0285
2023-05-01,AT,10.0,3.0317
2023-06-01,AT,10.0,3.0451
2023-07-01,AT,10.0,3.1249
2023-08-01,AT,10.0,3.1801
2023-09-01,AT,10.0,3.2942
2023-10-01,AT,10.0,3.4856
2023-11-01,AT,10.0,3.2107
2023-12-01,AT,10.0,2.6803
2024-01-01,AT,10.0,2.7596
2024-02-01,AT,10.0,2.8929
2024-03-01,AT,10.0,2.8535
2024-04-01,AT,10.0,2.9861
2024-05-01,AT,10.0,3.0161
2024-06-01,AT,10.0,3.0384
2024-07-01,AT,10.0,2.9776
2024-08-01,AT,10.0,2.7626
2024-09-01,AT,10.0,2.6895
2024-10-01,AT,10.0,2.7438
2024-11-01,AT,10.0,2.7721
2024-12-01,AT,10.0,2.6203
2025-01-01,AT,10.0,2.9085
2025-02-01,AT,10.0,2.8587
2025-03-01,AT,10.0,3.149
2025-04-01,AT,10.0,2.9821
2025-05-01,AT,10.0,2.9799
2025-06-01,AT,10.0,2.9443
2025-07-01,AT,10.0,3.0137
2025-08-01,AT,10.0,3.0253
2025-09-01,AT,10.0,3.0244
2025-10-01,AT,10.0,2.9352
2025-11-01,AT,10.0,2.9705
2025-12-01,AT,10.0,3.0974
2026-01-01,AT,10.0,3.0763
2026-02-01,AT,10.0,3.0654
2026-03-01,AT,10.0,3.2399
2026-04-01,AT,10.0,3.3033
2026-05-01,AT,10.0,3.2979
2026-06-01,AT,10.0,3.2074
2026-07-01,AT,10.0,3.3239
2026-08-01,AT,10.0,3.4125
2014-01-01,BE,10.0,2.45
2014-02-01,BE,10.0,2.4
2014-03-01,BE,10.0,2.26
2014-04-01,BE,10.0,2.16
2014-05-01,BE,10.0,1.99
2014-06-01,BE,10.0,1.83
2014-07-01,BE,10.0,1.61
2014-08-01,BE,10.0,1.4
2014-09-01,BE,10.0,1.3
2014-10-01,BE,10.0,1.18
2014-11-01,BE,10.0,1.07
2014-12-01,BE,10.0,0.91
2015-01-01,BE,10.0,0.73
2015-02-01,BE,10.0,0.63
2015-03-01,BE,10.0,0.49
2015-04-01,BE,10.0,0.42
2015-05-01,BE,10.0,0.86
2015-06-01,BE,10.0,1.21
2015-07-01,BE,10.0,1.15
2015-08-01,BE,10.0,1.0
2015-09-01,BE,10.0,1.01
2015-10-01,BE,10.0,0.85
2015-11-01,BE,10.0,0.84
2015-12-01,BE,10.0,0.89
2016-01-01,BE,10.0,0.86
2016-02-01,BE,10.0,0.72
2016-03-01,BE,10.0,0.62
2016-04-01,BE,10.0,0.55
2016-05-01,BE,10.0,0.55
2016-06-01,BE,10.0,0.43
2016-07-01,BE,10.0,0.2
2016-08-01,BE,10.0,0.15
2016-09-01,BE,10.0,0.18
2016-10-01,BE,10.0,0.27
2016-11-01,BE,10.0,0.57
2016-12-01,BE,10.0,0.61
2017-01-01,BE,10.0,0.7
2017-02-01,BE,10.0,0.87
2017-03-01,BE,10.0,0.87
2017-04-01,BE,10.0,0.78
2017-05-01,BE,10.0,0.77
2017-06-01,BE,10.0,0.62
2017-07-01,BE,10.0,0.83
2017-08-01,BE,10.0,0.73
2017-09-01,BE,10.0,0.7
2017-10-01,BE,10.0,0.69
2017-11-01,BE,10.0,0.58
2017-12-01,BE,10.0,0.53
2018-01-01,BE,10.0,0.7
2018-02-01,BE,10.0,0.97
2018-03-01,BE,10.0,0.87
2018-04-01,BE,10.0,0.81
2018-05-01,BE,10.0,0.83
2018-06-01,BE,10.0,0.79
2018-07-01,BE,10.0,0.68
2018-08-01,BE,10.0,0.71
2018-09-01,BE,10.0,0.77
2018-10-01,BE,10.0,0.85
2018-11-01,BE,10.0,0.81
2018-12-01,BE,10.0,0.75
2019-01-01,BE,10.0,0.77
2019-02-01,BE,10.0,0.69
2019-03-01,BE,10.0,0.54
2019-04-01,BE,10.0,0.47
2019-05-01,BE,10.0,0.41
2019-06-01,BE,10.0,0.15
2019-07-01,BE,10.0,0.0
2019-08-01,BE,10.0,-0.28
2019-09-01,BE,10.0,-0.24
2019-10-01,BE,10.0,-0.16
2019-11-01,BE,10.0,-0.04
2019-12-01,BE,10.0,0.01
2020-01-01,BE,10.0,-0.03
2020-02-01,BE,10.0,-0.13
2020-03-01,BE,10.0,-0.02
2020-04-01,BE,10.0,0.14
2020-05-01,BE,10.0,0.04
2020-06-01,BE,10.0,-0.04
2020-07-01,BE,10.0,-0.17
2020-08-01,BE,10.0,-0.21
2020-09-01,BE,10.0,-0.25
2020-10-01,BE,10.0,-0.34
2020-11-01,BE,10.0,-0.38
2020-12-01,BE,10.0,-0.39
2021-01-01,BE,10.0,-0.36
2021-02-01,BE,10.0,-0.21
2021-03-01,BE,10.0,-0.04
2021-04-01,BE,10.0,0.04
2021-05-01,BE,10.0,0.18
2021-06-01,BE,10.0,0.12
2021-07-01,BE,10.0,-0.03
2021-08-01,BE,10.0,-0.14
2021-09-01,BE,10.0,0.01
2021-10-01,BE,10.0,0.16
2021-11-01,BE,10.0,0.07
2021-12-01,BE,10.0,0.03
2022-01-01,BE,10.0,0.26
2022-02-01,BE,10.0,0.59
2022-03-01,BE,10.0,0.79
2022-04-01,BE,10.0,1.3
2022-05-01,BE,10.0,1.58
2022-06-01,BE,10.0,2.13
2022-07-01,BE,10.0,1.8
2022-08-01,BE,10.0,1.71
2022-09-01,BE,10.0,2.45
2022-10-01,BE,10.0,2.84
2022-11-01,BE,10.0,2.65
2022-12-01,BE,10.0,2.7
2023-01-01,BE,10.0,2.79
2023-02-01,BE,10.0,2.96
2023-03-01,BE,10.0,3.04
2023-04-01,BE,10.0,3.06
2023-05-01,BE,10.0,3.04
2023-06-01,BE,10.0,3.05
2023-07-01,BE,10.0,3.14
2023-08-01,BE,10.0,3.22
2023-09-01,BE,10.0,3.32
2023-10-01,BE,10.0,3.52
2023-11-01,BE,10.0,3.23
2023-12-01,BE,10.0,2.7
2024-01-01,BE,10.0,2.81
2024-02-01,BE,10.0,2.95
2024-03-01,BE,10.0,2.91
2024-04-01,BE,10.0,3.01
2024-05-01,BE,10.0,3.06
2024-06-01,BE,10.0,3.12
2024-07-01,BE,10.0,3.06
2024-08-01,BE,10.0,2.83
2024-09-01,BE,10.0,2.79
2024-10-01,BE,10.0,2.84
2024-11-01,BE,10.0,2.92
2024-12-01,BE,10.0,2.8
2025-01-01,BE,10.0,3.1
2025-02-01,BE,10.0,3.01
2025-03-01,BE,10.0,3.32
2025-04-01,BE,10.0,3.14
2025-05-01,BE,10.0,3.14
2025-06-01,BE,10.0,3.09
2025-07-01,BE,10.0,3.21
2025-08-01,BE,10.0,3.23
2025-09-01,BE,10.0,3.26
2025-10-01,BE,10.0,3.19
2025-11-01,BE,10.0,3.2
2025-12-01,BE,10.0,3.32
2026-01-01,BE,10.0,3.36
2026-02-01,BE,10.0,3.3
2026-03-01,BE,10.0,3.51
2026-04-01,BE,10.0,3.59
2026-05-01,BE,10.0,3.6
2026-06-01,BE,10.0,3.51
2026-07-01,BE,10.0,3.64
2026-08-01,BE,10.0,3.76
2014-01-01,BG,10.0,3.56
2014-02-01,BG,10.0,3.58
2014-03-01,BG,10.0,3.54
2014-04-01,BG,10.0,3.44
2014-05-01,BG,10.0,3.18
2014-06-01,BG,10.0,3.11
2014-07-01,BG,10.0,3.38
2014-08-01,BG,10.0,3.41
2014-09-01,BG,10.0,3.26
2014-10-01,BG,10.0,3.31
2014-11-01,BG,10.0,3.44
2014-12-01,BG,10.0,2.96
2015-01-01,BG,10.0,2.95
2015-02-01,BG,10.0,2.52
2015-03-01,BG,10.0,2.49
2015-04-01,BG,10.0,2.36
2015-05-01,BG,10.0,2.36
2015-06-01,BG,10.0,2.36
2015-07-01,BG,10.0,2.36
2015-08-01,BG,10.0,2.36
2015-09-01,BG,10.0,2.36
2015-10-01,BG,10.0,2.36
2015-11-01,BG,10.0,2.99
2015-12-01,BG,10.0,2.43
2016-01-01,BG,10.0,2.44
2016-02-01,BG,10.0,2.67
2016-03-01,BG,10.0,2.66
2016-04-01,BG,10.0,2.44
2016-05-01,BG,10.0,2.37
2016-06-01,BG,10.0,2.4
2016-07-01,BG,10.0,2.39
2016-08-01,BG,10.0,2.28
2016-09-01,BG,10.0,2.15
2016-10-01,BG,10.0,1.84
2016-11-01,BG,10.0,1.82
2016-12-01,BG,10.0,1.8
2017-01-01,BG,10.0,1.77
2017-02-01,BG,10.0,1.75
2017-03-01,BG,10.0,1.73
2017-04-01,BG,10.0,1.78
2017-05-01,BG,10.0,1.74
2017-06-01,BG,10.0,1.7
2017-07-01,BG,10.0,1.65
2017-08-01,BG,10.0,1.7
2017-09-01,BG,10.0,1.66
2017-10-01,BG,10.0,1.4
2017-11-01,BG,10.0,1.33
2017-12-01,BG,10.0,1.02
2018-01-01,BG,10.0,0.9
2018-02-01,BG,10.0,0.98
2018-03-01,BG,10.0,1.05
2018-04-01,BG,10.0,1.02
2018-05-01,BG,10.0,1.05
2018-06-01,BG,10.0,0.99
2018-07-01,BG,10.0,0.92
2018-08-01,BG,10.0,0.81
2018-09-01,BG,10.0,0.78
2018-10-01,BG,10.0,0.74
2018-11-01,BG,10.0,0.75
2018-12-01,BG,10.0,0.72
2019-01-01,BG,10.0,0.72
2019-02-01,BG,10.0,0.68
2019-03-01,BG,10.0,0.67
2019-04-01,BG,10.0,0.5
2019-05-01,BG,10.0,0.48
2019-06-01,BG,10.0,0.32
2019-07-01,BG,10.0,0.43
2019-08-01,BG,10.0,0.35
2019-09-01,BG,10.0,0.35
2019-10-01,BG,10.0,0.25
2019-11-01,BG,10.0,0.22
2019-12-01,BG,10.0,0.18
2020-01-01,BG,10.0,0.15
2020-02-01,BG,10.0,0.12
2020-03-01,BG,10.0,0.15
2020-04-01,BG,10.0,0.2
2020-05-01,BG,10.0,0.2
2020-06-01,BG,10.0,0.68
2020-07-01,BG,10.0,0.5
2020-08-01,BG,10.0,0.26
2020-09-01,BG,10.0,0.2
2020-10-01,BG,10.0,0.2
2020-11-01,BG,10.0,0.2
2020-12-01,BG,10.0,0.19
2021-01-01,BG,10.0,0.19
2021-02-01,BG,10.0,0.15
2021-03-01,BG,10.0,0.14
2021-04-01,BG,10.0,0.14
2021-05-01,BG,10.0,0.14
2021-06-01,BG,10.0,0.14
2021-07-01,BG,10.0,0.14
2021-08-01,BG,10.0,0.14
2021-09-01,BG,10.0,0.15
2021-10-01,BG,10.0,0.25
2021-11-01,BG,10.0,0.25
2021-12-01,BG,10.0,0.44
2022-01-01,BG,10.0,0.57
2022-02-01,BG,10.0,0.61
2022-03-01,BG,10.0,1.09
2022-04-01,BG,10.0,1.62
2022-05-01,BG,10.0,1.62
2022-06-01,BG,10.0,1.77
2022-07-01,BG,10.0,1.85
2022-08-01,BG,10.0,1.85
2022-09-01,BG,10.0,1.85
2022-10-01,BG,10.0,1.85
2022-11-01,BG,10.0,1.85
2022-12-01,BG,10.0,1.85
2023-01-01,BG,10.0,1.85
2023-02-01,BG,10.0,2.73
2023-03-01,BG,10.0,4.21
2023-04-01,BG,10.0,4.03
2023-05-01,BG,10.0,4.03
2023-06-01,BG,10.0,4.03
2023-07-01,BG,10.0,4.03
2023-08-01,BG,10.0,4.03
2023-09-01,BG,10.0,4.03
2023-10-01,BG,10.0,4.03
2023-11-01,BG,10.0,4.03
2023-12-01,BG,10.0,4.01
2024-01-01,BG,10.0,3.94
2024-02-01,BG,10.0,3.93
2024-03-01,BG,10.0,3.93
2024-04-01,BG,10.0,3.93
2024-05-01,BG,10.0,3.93
2024-06-01,BG,10.0,3.93
2024-07-01,BG,10.0,3.93
2024-08-01,BG,10.0,3.93
2024-09-01,BG,10.0,3.93
2024-10-01,BG,10.0,3.93
2024-11-01,BG,10.0,3.93
2024-12-01,BG,10.0,3.93
2025-01-01,BG,10.0,3.93
2025-02-01,BG,10.0,3.93
2025-03-01,BG,10.0,3.93
2025-04-01,BG,10.0,3.93
2025-05-01,BG,10.0,3.93
2025-06-01,BG,10.0,3.93
2025-07-01,BG,10.0,3.93
2025-08-01,BG,10.0,3.93
2025-09-01,BG,10.0,3.93
2025-10-01,BG,10.0,3.93
2025-11-01,BG,10.0,3.93
2025-12-01,BG,10.0,3.93
2026-01-01,BG,10.0,3.93
2026-02-01,BG,10.0,3.93
2026-03-01,BG,10.0,3.93
2026-04-01,BG,10.0,3.95
2026-05-01,BG,10.0,4.09
2026-06-01,BG,10.0,4.09
2026-07-01,BG,10.0,4.09
2026-08-01,BG,10.0,4.09
2014-01-01,CY,10.0,6.0
2014-02-01,CY,10.0,6.0
2014-03-01,CY,10.0,6.0
2014-04-01,CY,10.0,6.0
2014-05-01,CY,10.0,6.0
2014-06-01,CY,10.0,6.0
2014-07-01,CY,10.0,6.0
2014-08-01,CY,10.0,6.0
2014-09-01,CY,10.0,6.0
2014-10-01,CY,10.0,6.0
2014-11-01,CY,10.0,6.0
2014-12-01,CY,10.0,6.0
2015-01-01,CY,10.0,6.0
2015-02-01,CY,10.0,6.0
2015-03-01,CY,10.0,6.0
2015-04-01,CY,10.0,6.0
2015-05-01,CY,10.0,3.96
2015-06-01,CY,10.0,3.89
2015-07-01,CY,10.0,3.69
2015-08-01,CY,10.0,3.69
2015-09-01,CY,10.0,3.7
2015-10-01,CY,10.0,3.64
2015-11-01,CY,10.0,4.0
2015-12-01,CY,10.0,3.87
2016-01-01,CY,10.0,3.82
2016-02-01,CY,10.0,4.0
2016-03-01,CY,10.0,4.01
2016-04-01,CY,10.0,3.99
2016-05-01,CY,10.0,3.89
2016-06-01,CY,10.0,3.82
2016-07-01,CY,10.0,3.87
2016-08-01,CY,10.0,3.84
2016-09-01,CY,10.0,3.62
2016-10-01,CY,10.0,3.39
2016-11-01,CY,10.0,3.47
2016-12-01,CY,10.0,3.55
2017-01-01,CY,10.0,3.45
2017-02-01,CY,10.0,3.37
2017-03-01,CY,10.0,3.34
2017-04-01,CY,10.0,3.23
2017-05-01,CY,10.0,3.03
2017-06-01,CY,10.0,2.84
2017-07-01,CY,10.0,2.57
2017-08-01,CY,10.0,2.49
2017-09-01,CY,10.0,2.2
2017-10-01,CY,10.0,1.84
2017-11-01,CY,10.0,1.54
2017-12-01,CY,10.0,1.58
2018-01-01,CY,10.0,1.68
2018-02-01,CY,10.0,1.93
2018-03-01,CY,10.0,1.83
2018-04-01,CY,10.0,2.12
2018-05-01,CY,10.0,2.52
2018-06-01,CY,10.0,2.61
2018-07-01,CY,10.0,2.08
2018-08-01,CY,10.0,2.22
2018-09-01,CY,10.0,2.01
2018-10-01,CY,10.0,2.35
2018-11-01,CY,10.0,2.41
2018-12-01,CY,10.0,2.34
2019-01-01,CY,10.0,2.22
2019-02-01,CY,10.0,2.0
2019-03-01,CY,10.0,1.74
2019-04-01,CY,10.0,1.49
2019-05-01,CY,10.0,1.34
2019-06-01,CY,10.0,0.82
2019-07-01,CY,10.0,0.66
2019-08-01,CY,10.0,0.44
2019-09-01,CY,10.0,0.48
2019-10-01,CY,10.0,0.51
2019-11-01,CY,10.0,0.58
2019-12-01,CY,10.0,0.57
2020-01-01,CY,10.0,0.61
2020-02-01,CY,10.0,0.56
2020-03-01,CY,10.0,1.26
2020-04-01,CY,10.0,1.87
2020-05-01,CY,10.0,1.69
2020-06-01,CY,10.0,1.05
2020-07-01,CY,10.0,0.95
2020-08-01,CY,10.0,0.89
2020-09-01,CY,10.0,0.72
2020-10-01,CY,10.0,0.44
2020-11-01,CY,10.0,0.29
2020-12-01,CY,10.0,0.19
2021-01-01,CY,10.0,0.21
2021-02-01,CY,10.0,0.3
2021-03-01,CY,10.0,0.39
2021-04-01,CY,10.0,0.41
2021-05-01,CY,10.0,0.54
2021-06-01,CY,10.0,0.36
2021-07-01,CY,10.0,0.25
2021-08-01,CY,10.0,0.15
2021-09-01,CY,10.0,0.23
2021-10-01,CY,10.0,0.39
2021-11-01,CY,10.0,0.55
2021-12-01,CY,10.0,0.64
2022-01-01,CY,10.0,0.86
2022-02-01,CY,10.0,1.59
2022-03-01,CY,10.0,1.92
2022-04-01,CY,10.0,2.26
2022-05-01,CY,10.0,2.69
2022-06-01,CY,10.0,3.42
2022-07-01,CY,10.0,3.41
2022-08-01,CY,10.0,3.07
2022-09-01,CY,10.0,3.7
2022-10-01,CY,10.0,4.2
2022-11-01,CY,10.0,4.19
2022-12-01,CY,10.0,4.2
2023-01-01,CY,10.0,4.19
2023-02-01,CY,10.0,4.13
2023-03-01,CY,10.0,4.15
2023-04-01,CY,10.0,4.01
2023-05-01,CY,10.0,3.97
2023-06-01,CY,10.0,3.79
2023-07-01,CY,10.0,3.74
2023-08-01,CY,10.0,3.84
2023-09-01,CY,10.0,3.99
2023-10-01,CY,10.0,4.13
2023-11-01,CY,10.0,3.79
2023-12-01,CY,10.0,3.23
2024-01-01,CY,10.0,3.27
2024-02-01,CY,10.0,3.32
2024-03-01,CY,10.0,3.21
2024-04-01,CY,10.0,3.3
2024-05-01,CY,10.0,3.31
2024-06-01,CY,10.0,3.34
2024-07-01,CY,10.0,3.24
2024-08-01,CY,10.0,3.02
2024-09-01,CY,10.0,2.91
2024-10-01,CY,10.0,2.91
2024-11-01,CY,10.0,2.94
2024-12-01,CY,10.0,2.81
2025-01-01,CY,10.0,3.05
2025-02-01,CY,10.0,2.89
2025-03-01,CY,10.0,3.1
2025-04-01,CY,10.0,2.9
2025-05-01,CY,10.0,2.88
2025-06-01,CY,10.0,2.86
2025-07-01,CY,10.0,2.9
2025-08-01,CY,10.0,2.92
2025-09-01,CY,10.0,2.95
2025-10-01,CY,10.0,2.86
2025-11-01,CY,10.0,2.87
2025-12-01,CY,10.0,3.0
2026-01-01,CY,10.0,3.09
2026-02-01,CY,10.0,3.17
2026-03-01,CY,10.0,3.45
2026-04-01,CY,10.0,3.48
2026-05-01,CY,10.0,3.45
2026-06-01,CY,10.0,3.4
2026-07-01,CY,10.0,3.52
2026-08-01,CY,10.0,3.62
2014-01-01,DE,10.0,1.76
2014-02-01,DE,10.0,1.56
2014-03-01,DE,10.0,1.51
2014-04-01,DE,10.0,1.46
2014-05-01,DE,10.0,1.33
2014-06-01,DE,10.0,1.26
2014-07-01,DE,10.0,1.11
2014-08-01,DE,10.0,0.95
2014-09-01,DE,10.0,0.92
2014-10-01,DE,10.0,0.79
2014-11-01,DE,10.0,0.72
2014-12-01,DE,10.0,0.59
2015-01-01,DE,10.0,0.39
2015-02-01,DE,10.0,0.3
2015-03-01,DE,10.0,0.23
2015-04-01,DE,10.0,0.12
2015-05-01,DE,10.0,0.56
2015-06-01,DE,10.0,0.79
2015-07-01,DE,10.0,0.71
2015-08-01,DE,10.0,0.61
2015-09-01,DE,10.0,0.65
2015-10-01,DE,10.0,0.52
2015-11-01,DE,10.0,0.52
2015-12-01,DE,10.0,0.55
2016-01-01,DE,10.0,0.43
2016-02-01,DE,10.0,0.17
2016-03-01,DE,10.0,0.17
2016-04-01,DE,10.0,0.13
2016-05-01,DE,10.0,0.13
2016-06-01,DE,10.0,-0.02
2016-07-01,DE,10.0,-0.15
2016-08-01,DE,10.0,-0.13
2016-09-01,DE,10.0,-0.09
2016-10-01,DE,10.0,0.0
2016-11-01,DE,10.0,0.19
2016-12-01,DE,10.0,0.25
2017-01-01,DE,10.0,0.25
2017-02-01,DE,10.0,0.26
2017-03-01,DE,10.0,0.35
2017-04-01,DE,10.0,0.22
2017-05-01,DE,10.0,0.34
2017-06-01,DE,10.0,0.25
2017-07-01,DE,10.0,0.46
2017-08-01,DE,10.0,0.35
2017-09-01,DE,10.0,0.35
2017-10-01,DE,10.0,0.37
2017-11-01,DE,10.0,0.31
2017-12-01,DE,10.0,0.3
2018-01-01,DE,10.0,0.47
2018-02-01,DE,10.0,0.66
2018-03-01,DE,10.0,0.53
2018-04-01,DE,10.0,0.48
2018-05-01,DE,10.0,0.45
2018-06-01,DE,10.0,0.33
2018-07-01,DE,10.0,0.28
2018-08-01,DE,10.0,0.29
2018-09-01,DE,10.0,0.37
2018-10-01,DE,10.0,0.4
2018-11-01,DE,10.0,0.31
2018-12-01,DE,10.0,0.19
2019-01-01,DE,10.0,0.13
2019-02-01,DE,10.0,0.06
2019-03-01,DE,10.0,0.01
2019-04-01,DE,10.0,-0.04
2019-05-01,DE,10.0,-0.13
2019-06-01,DE,10.0,-0.31
2019-07-01,DE,10.0,-0.39
2019-08-01,DE,10.0,-0.65
2019-09-01,DE,10.0,-0.59
2019-10-01,DE,10.0,-0.47
2019-11-01,DE,10.0,-0.35
2019-12-01,DE,10.0,-0.3
2020-01-01,DE,10.0,-0.31
2020-02-01,DE,10.0,-0.47
2020-03-01,DE,10.0,-0.54
2020-04-01,DE,10.0,-0.45
2020-05-01,DE,10.0,-0.516
2020-06-01,DE,10.0,-0.434
2020-07-01,DE,10.0,-0.523
2020-08-01,DE,10.0,-0.522
2020-09-01,DE,10.0,-0.524
2020-10-01,DE,10.0,-0.607
2020-11-01,DE,10.0,-0.614
2020-12-01,DE,10.0,-0.618
2021-01-01,DE,10.0,-0.583
2021-02-01,DE,10.0,-0.446
2021-03-01,DE,10.0,-0.364
2021-04-01,DE,10.0,-0.325
2021-05-01,DE,10.0,-0.223
2021-06-01,DE,10.0,-0.288
2021-07-01,DE,10.0,-0.45
2021-08-01,DE,10.0,-0.539
2021-09-01,DE,10.0,-0.363
2021-10-01,DE,10.0,-0.206
2021-11-01,DE,10.0,-0.312
2021-12-01,DE,10.0,-0.383
2022-01-01,DE,10.0,-0.115
2022-02-01,DE,10.0,0.15
2022-03-01,DE,10.0,0.282
2022-04-01,DE,10.0,0.745
2022-05-01,DE,10.0,0.953
2022-06-01,DE,10.0,1.446
2022-07-01,DE,10.0,1.082
2022-08-01,DE,10.0,1.033
2022-09-01,DE,10.0,1.796
2022-10-01,DE,10.0,2.186
2022-11-01,DE,10.0,2.066
2022-12-01,DE,10.0,2.085
2023-01-01,DE,10.0,2.192
2023-02-01,DE,10.0,2.37
2023-03-01,DE,10.0,2.383
2023-04-01,DE,10.0,2.359
2023-05-01,DE,10.0,2.341
2023-06-01,DE,10.0,2.377
2023-07-01,DE,10.0,2.457
2023-08-01,DE,10.0,2.545
2023-09-01,DE,10.0,2.66
2023-10-01,DE,10.0,2.823
2023-11-01,DE,10.0,2.602
2023-12-01,DE,10.0,2.101
2024-01-01,DE,10.0,2.175
2024-02-01,DE,10.0,2.331
2024-03-01,DE,10.0,2.349
2024-04-01,DE,10.0,2.446
2024-05-01,DE,10.0,2.518
2024-06-01,DE,10.0,2.484
2024-07-01,DE,10.0,2.458
2024-08-01,DE,10.0,2.208
2024-09-01,DE,10.0,2.166
2024-10-01,DE,10.0,2.228
2024-11-01,DE,10.0,2.305
2024-12-01,DE,10.0,2.178
2025-01-01,DE,10.0,2.484
2025-02-01,DE,10.0,2.405
2025-03-01,DE,10.0,2.741
2025-04-01,DE,10.0,2.511
2025-05-01,DE,10.0,2.562
2025-06-01,DE,10.0,2.52
2025-07-01,DE,10.0,2.631
2025-08-01,DE,10.0,2.674
2025-09-01,DE,10.0,2.693
2025-10-01,DE,10.0,2.617
2025-11-01,DE,10.0,2.657
2025-12-01,DE,10.0,2.813
2026-01-01,DE,10.0,2.807
2026-02-01,DE,10.0,2.744
2026-03-01,DE,10.0,2.91
2026-04-01,DE,10.0,3.0
2026-05-01,DE,10.0,3.045
2026-06-01,DE,10.0,2.964
2026-07-01,DE,10.0,3.07
2026-08-01,DE,10.0,3.185
2020-06-01,EE,10.0,0.14
2020-07-01,EE,10.0,0.05
2020-08-01,EE,10.0,0.0
2020-09-01,EE,10.0,0.01
2020-10-01,EE,10.0,-0.08
2020-11-01,EE,10.0,-0.14
2020-12-01,EE,10.0,-0.18
2021-01-01,EE,10.0,-0.19
2021-02-01,EE,10.0,-0.11
2021-03-01,EE,10.0,0.05
2021-04-01,EE,10.0,0.09
2021-05-01,EE,10.0,0.16
2021-06-01,EE,10.0,0.13
2021-07-01,EE,10.0,0.09
2021-08-01,EE,10.0,0.02
2021-09-01,EE,10.0,0.03
2021-10-01,EE,10.0,0.18
2021-11-01,EE,10.0,0.2
2021-12-01,EE,10.0,0.11
2022-01-01,EE,10.0,0.31
2022-02-01,EE,10.0,0.79
2022-03-01,EE,10.0,1.2
2022-04-01,EE,10.0,1.49
2022-05-01,EE,10.0,1.91
2022-06-01,EE,10.0,2.48
2022-07-01,EE,10.0,2.66
2022-08-01,EE,10.0,2.38
2022-09-01,EE,10.0,2.93
2022-10-01,EE,10.0,4.07
2022-11-01,EE,10.0,3.75
2022-12-01,EE,10.0,3.46
2023-01-01,EE,10.0,3.79
2023-02-01,EE,10.0,3.83
2023-03-01,EE,10.0,3.96
2023-04-01,EE,10.0,3.89
2023-05-01,EE,10.0,3.94
2023-06-01,EE,10.0,3.94
2023-07-01,EE,10.0,4.09
2023-08-01,EE,10.0,4.15
2023-09-01,EE,10.0,4.25
2023-10-01,EE,10.0,4.09
2023-11-01,EE,10.0,3.67
2023-12-01,EE,10.0,3.21
2024-01-01,EE,10.0,3.31
2024-02-01,EE,10.0,3.49
2024-03-01,EE,10.0,3.49
2024-04-01,EE,10.0,3.64
2024-05-01,EE,10.0,3.71
2024-06-01,EE,10.0,3.77
2024-07-01,EE,10.0,3.8
2024-08-01,EE,10.0,3.56
2024-09-01,EE,10.0,3.44
2024-10-01,EE,10.0,3.41
2024-11-01,EE,10.0,3.51
2024-12-01,EE,10.0,3.43
2025-01-01,EE,10.0,3.5
2025-02-01,EE,10.0,3.25
2025-03-01,EE,10.0,3.51
2025-04-01,EE,10.0,3.41
2025-05-01,EE,10.0,3.32
2025-06-01,EE,10.0,3.2
2025-07-01,EE,10.0,3.23
2025-08-01,EE,10.0,3.22
2025-09-01,EE,10.0,3.27
2025-10-01,EE,10.0,3.24
2025-11-01,EE,10.0,3.3
2025-12-01,EE,10.0,3.38
2026-01-01,EE,10.0,3.26
2026-02-01,EE,10.0,3.11
2026-03-01,EE,10.0,3.28
2026-04-01,EE,10.0,3.4
2026-05-01,EE,10.0,3.41
2026-06-01,EE,10.0,3.6
2026-07-01,EE,10.0,3.75
2026-08-01,EE,10.0,3.83
2014-01-01,ES,10.0,3.785
2014-02-01,ES,10.0,3.563
2014-03-01,ES,10.0,3.313
2014-04-01,ES,10.0,3.105
2014-05-01,ES,10.0,2.932
2014-06-01,ES,10.0,2.715
2014-07-01,ES,10.0,2.675
2014-08-01,ES,10.0,2.407
2014-09-01,ES,10.0,2.195
2014-10-01,ES,10.0,2.115
2014-11-01,ES,10.0,2.072
2014-12-01,ES,10.0,1.783
2015-01-01,ES,10.0,1.543
2015-02-01,ES,10.0,1.518
2015-03-01,ES,10.0,1.229
2015-04-01,ES,10.0,1.31
2015-05-01,ES,10.0,1.784
2015-06-01,ES,10.0,2.223
2015-07-01,ES,10.0,2.1
2015-08-01,ES,10.0,1.957
2015-09-01,ES,10.0,2.025
2015-10-01,ES,10.0,1.725
2015-11-01,ES,10.0,1.719
2015-12-01,ES,10.0,1.685
2016-01-01,ES,10.0,1.719
2016-02-01,ES,10.0,1.724
2016-03-01,ES,10.0,1.542
2016-04-01,ES,10.0,1.526
2016-05-01,ES,10.0,1.57
2016-06-01,ES,10.0,1.48
2016-07-01,ES,10.0,1.173
2016-08-01,ES,10.0,1.008
2016-09-01,ES,10.0,1.041
2016-10-01,ES,10.0,1.072
2016-11-01,ES,10.0,1.426
2016-12-01,ES,10.0,1.44
2017-01-01,ES,10.0,1.458
2017-02-01,ES,10.0,1.703
2017-03-01,ES,10.0,1.717
2017-04-01,ES,10.0,1.613
2017-05-01,ES,10.0,1.571
2017-06-01,ES,10.0,1.453
2017-07-01,ES,10.0,1.599
2017-08-01,ES,10.0,1.483
2017-09-01,ES,10.0,1.537
2017-10-01,ES,10.0,1.605
2017-11-01,ES,10.0,1.486
2017-12-01,ES,10.0,1.443
2018-01-01,ES,10.0,1.473
2018-02-01,ES,10.0,1.509
2018-03-01,ES,10.0,1.334
2018-04-01,ES,10.0,1.206
2018-05-01,ES,10.0,1.389
2018-06-01,ES,10.0,1.371
2018-07-01,ES,10.0,1.325
2018-08-01,ES,10.0,1.396
2018-09-01,ES,10.0,1.459
2018-10-01,ES,10.0,1.595
2018-11-01,ES,10.0,1.587
2018-12-01,ES,10.0,1.423
2019-01-01,ES,10.0,1.376
2019-02-01,ES,10.0,1.306
2019-03-01,ES,10.0,1.134
2019-04-01,ES,10.0,1.049
2019-05-01,ES,10.0,0.873
2019-06-01,ES,10.0,0.496
2019-07-01,ES,10.0,0.354
2019-08-01,ES,10.0,0.141
2019-09-01,ES,10.0,0.18
2019-10-01,ES,10.0,0.203
2019-11-01,ES,10.0,0.386
2019-12-01,ES,10.0,0.435
2020-01-01,ES,10.0,0.42
2020-02-01,ES,10.0,0.272
2020-03-01,ES,10.0,0.523
2020-04-01,ES,10.0,0.824
2020-05-01,ES,10.0,0.742
2020-06-01,ES,10.0,0.511
2020-07-01,ES,10.0,0.371
2020-08-01,ES,10.0,0.293
2020-09-01,ES,10.0,0.272
2020-10-01,ES,10.0,0.167
2020-11-01,ES,10.0,0.093
2020-12-01,ES,10.0,0.039
2021-01-01,ES,10.0,0.075
2021-02-01,ES,10.0,0.225
2021-03-01,ES,10.0,0.308
2021-04-01,ES,10.0,0.369
2021-05-01,ES,10.0,0.519
2021-06-01,ES,10.0,0.448
2021-07-01,ES,10.0,0.331
2021-08-01,ES,10.0,0.214
2021-09-01,ES,10.0,0.327
2021-10-01,ES,10.0,0.468
2021-11-01,ES,10.0,0.473
2021-12-01,ES,10.0,0.412
2022-01-01,ES,10.0,0.663
2022-02-01,ES,10.0,1.106
2022-03-01,ES,10.0,1.218
2022-04-01,ES,10.0,1.685
2022-05-01,ES,10.0,2.041
2022-06-01,ES,10.0,2.63
2022-07-01,ES,10.0,2.314
2022-08-01,ES,10.0,2.146
2022-09-01,ES,10.0,2.917
2022-10-01,ES,10.0,3.293
2022-11-01,ES,10.0,3.065
2022-12-01,ES,10.0,3.088
2023-01-01,ES,10.0,3.204
2023-02-01,ES,10.0,3.385
2023-03-01,ES,10.0,3.433
2023-04-01,ES,10.0,3.398
2023-05-01,ES,10.0,3.413
2023-06-01,ES,10.0,3.398
2023-07-01,ES,10.0,3.49
2023-08-01,ES,10.0,3.571
2023-09-01,ES,10.0,3.713
2023-10-01,ES,10.0,3.946
2023-11-01,ES,10.0,3.646
2023-12-01,ES,10.0,3.117
2024-01-01,ES,10.0,3.175
2024-02-01,ES,10.0,3.268
2024-03-01,ES,10.0,3.189
2024-04-01,ES,10.0,3.271
2024-05-01,ES,10.0,3.299
2024-06-01,ES,10.0,3.349
2024-07-01,ES,10.0,3.275
2024-08-01,ES,10.0,3.069
2024-09-01,ES,10.0,2.986
2024-10-01,ES,10.0,2.963
2024-11-01,ES,10.0,3.053
2024-12-01,ES,10.0,2.886
2025-01-01,ES,10.0,3.173
2025-02-01,ES,10.0,3.1
2025-03-01,ES,10.0,3.391
2025-04-01,ES,10.0,3.229
2025-05-01,ES,10.0,3.204
2025-06-01,ES,10.0,3.164
2025-07-01,ES,10.0,3.241
2025-08-01,ES,10.0,3.256
2025-09-01,ES,10.0,3.262
2025-10-01,ES,10.0,3.147
2025-11-01,ES,10.0,3.173
2025-12-01,ES,10.0,3.271
2026-01-01,ES,10.0,3.268
2026-02-01,ES,10.0,3.174
2026-03-01,ES,10.0,3.385
2026-04-01,ES,10.0,3.448
2026-05-01,ES,10.0,3.488
2026-06-01,ES,10.0,3.413
2026-07-01,ES,10.0,3.53
2026-08-01,ES,10.0,3.63
2014-01-01,FI,10.0,1.99
2014-02-01,FI,10.0,1.92
2014-03-01,FI,10.0,1.91
2014-04-01,FI,10.0,1.84
2014-05-01,FI,10.0,1.69
2014-06-01,FI,10.0,1.57
2014-07-01,FI,10.0,1.36
2014-08-01,FI,10.0,1.18
2014-09-01,FI,10.0,1.13
2014-10-01,FI,10.0,1.01
2014-11-01,FI,10.0,0.9
2014-12-01,FI,10.0,0.89
2015-01-01,FI,10.0,0.62
2015-02-01,FI,10.0,0.48
2015-03-01,FI,10.0,0.39
2015-04-01,FI,10.0,0.27
2015-05-01,FI,10.0,0.72
2015-06-01,FI,10.0,1.01
2015-07-01,FI,10.0,0.95
2015-08-01,FI,10.0,0.82
2015-09-01,FI,10.0,0.9
2015-10-01,FI,10.0,0.81
2015-11-01,FI,10.0,0.81
2015-12-01,FI,10.0,0.86
2016-01-01,FI,10.0,0.78
2016-02-01,FI,10.0,0.53
2016-03-01,FI,10.0,0.53
2016-04-01,FI,10.0,0.46
2016-05-01,FI,10.0,0.45
2016-06-01,FI,10.0,0.33
2016-07-01,FI,10.0,0.12
2016-08-01,FI,10.0,0.06
2016-09-01,FI,10.0,0.08
2016-10-01,FI,10.0,0.17
2016-11-01,FI,10.0,0.41
2016-12-01,FI,10.0,0.46
2017-01-01,FI,10.0,0.5
2017-02-01,FI,10.0,0.52
2017-03-01,FI,10.0,0.51
2017-04-01,FI,10.0,0.38
2017-05-01,FI,10.0,0.49
2017-06-01,FI,10.0,0.56
2017-07-01,FI,10.0,0.76
2017-08-01,FI,10.0,0.65
2017-09-01,FI,10.0,0.58
2017-10-01,FI,10.0,0.6
2017-11-01,FI,10.0,0.52
2017-12-01,FI,10.0,0.51
2018-01-01,FI,10.0,0.675
2018-02-01,FI,10.0,0.838
2018-03-01,FI,10.0,0.72
2018-04-01,FI,10.0,0.69
2018-05-01,FI,10.0,0.702
2018-06-01,FI,10.0,0.631
2018-07-01,FI,10.0,0.533
2018-08-01,FI,10.0,0.557
2018-09-01,FI,10.0,0.662
2018-10-01,FI,10.0,0.727
2018-11-01,FI,10.0,0.662
2018-12-01,FI,10.0,0.554
2019-01-01,FI,10.0,0.486
2019-02-01,FI,10.0,0.385
2019-03-01,FI,10.0,0.352
2019-04-01,FI,10.0,0.343
2019-05-01,FI,10.0,0.249
2019-06-01,FI,10.0,0.051
2019-07-01,FI,10.0,-0.089
2019-08-01,FI,10.0,-0.351
2019-09-01,FI,10.0,-0.298
2019-10-01,FI,10.0,-0.206
2019-11-01,FI,10.0,-0.08
2019-12-01,FI,10.0,-0.035
2020-01-01,FI,10.0,-0.067
2020-02-01,FI,10.0,-0.235
2020-03-01,FI,10.0,-0.119
2020-04-01,FI,10.0,0.027
2020-05-01,FI,10.0,-0.119
2020-06-01,FI,10.0,-0.177
2020-07-01,FI,10.0,-0.209
2020-08-01,FI,10.0,-0.25
2020-09-01,FI,10.0,-0.298
2020-10-01,FI,10.0,-0.381
2020-11-01,FI,10.0,-0.401
2020-12-01,FI,10.0,-0.413
2021-01-01,FI,10.0,-0.378
2021-02-01,FI,10.0,-0.218
2021-03-01,FI,10.0,-0.126
2021-04-01,FI,10.0,-0.079
2021-05-01,FI,10.0,0.047
2021-06-01,FI,10.0,-0.017
2021-07-01,FI,10.0,-0.096
2021-08-01,FI,10.0,-0.212
2021-09-01,FI,10.0,-0.066
2021-10-01,FI,10.0,0.082
2021-11-01,FI,10.0,-0.001
2021-12-01,FI,10.0,-0.062
2022-01-01,FI,10.0,0.179
2022-02-01,FI,10.0,0.511
2022-03-01,FI,10.0,0.716
2022-04-01,FI,10.0,1.178
2022-05-01,FI,10.0,1.43
2022-06-01,FI,10.0,2.062
2022-07-01,FI,10.0,1.718
2022-08-01,FI,10.0,1.625
2022-09-01,FI,10.0,2.533
2022-10-01,FI,10.0,2.895
2022-11-01,FI,10.0,2.691
2022-12-01,FI,10.0,2.707
2023-01-01,FI,10.0,2.774
2023-02-01,FI,10.0,2.943
2023-03-01,FI,10.0,2.979
2023-04-01,FI,10.0,2.956
2023-05-01,FI,10.0,2.984
2023-06-01,FI,10.0,3.003
2023-07-01,FI,10.0,3.074
2023-08-01,FI,10.0,3.147
2023-09-01,FI,10.0,3.246
2023-10-01,FI,10.0,3.466
2023-11-01,FI,10.0,3.2
2023-12-01,FI,10.0,2.676
2024-01-01,FI,10.0,2.796
2024-02-01,FI,10.0,2.884
2024-03-01,FI,10.0,2.85
2024-04-01,FI,10.0,2.944
2024-05-01,FI,10.0,3.004
2024-06-01,FI,10.0,3.051
2024-07-01,FI,10.0,3.003
2024-08-01,FI,10.0,2.778
2024-09-01,FI,10.0,2.718
2024-10-01,FI,10.0,2.747
2024-11-01,FI,10.0,2.814
2024-12-01,FI,10.0,2.645
2025-01-01,FI,10.0,2.945
2025-02-01,FI,10.0,2.821
2025-03-01,FI,10.0,3.116
2025-04-01,FI,10.0,2.941
2025-05-01,FI,10.0,2.952
2025-06-01,FI,10.0,2.899
2025-07-01,FI,10.0,3.045
2025-08-01,FI,10.0,3.092
2025-09-01,FI,10.0,3.09
2025-10-01,FI,10.0,3.013
2025-11-01,FI,10.0,3.035
2025-12-01,FI,10.0,3.165
2026-01-01,FI,10.0,3.254
2026-02-01,FI,10.0,3.161
2026-03-01,FI,10.0,3.323
2026-04-01,FI,10.0,3.383
2026-05-01,FI,10.0,3.399
2026-06-01,FI,10.0,3.31
2026-07-01,FI,10.0,3.426
2026-08-01,FI,10.0,3.522
2014-01-01,FR,10.0,2.38
2014-02-01,FR,10.0,2.25
2014-03-01,FR,10.0,2.15
2014-04-01,FR,10.0,2.03
2014-05-01,FR,10.0,1.84
2014-06-01,FR,10.0,1.71
2014-07-01,FR,10.0,1.56
2014-08-01,FR,10.0,1.41
2014-09-01,FR,10.0,1.35
2014-10-01,FR,10.0,1.26
2014-11-01,FR,10.0,1.14
2014-12-01,FR,10.0,0.92
2015-01-01,FR,10.0,0.67
2015-02-01,FR,10.0,0.6
2015-03-01,FR,10.0,0.51
2015-04-01,FR,10.0,0.44
2015-05-01,FR,10.0,0.89
2015-06-01,FR,10.0,1.2
2015-07-01,FR,10.0,1.11
2015-08-01,FR,10.0,1.01
2015-09-01,FR,10.0,1.0
2015-10-01,FR,10.0,0.87
2015-11-01,FR,10.0,0.88
2015-12-01,FR,10.0,0.93
2016-01-01,FR,10.0,0.84
2016-02-01,FR,10.0,0.59
2016-03-01,FR,10.0,0.51
2016-04-01,FR,10.0,0.51
2016-05-01,FR,10.0,0.51
2016-06-01,FR,10.0,0.39
2016-07-01,FR,10.0,0.17
2016-08-01,FR,10.0,0.15
2016-09-01,FR,10.0,0.18
2016-10-01,FR,10.0,0.33
2016-11-01,FR,10.0,0.67
2016-12-01,FR,10.0,0.75
2017-01-01,FR,10.0,0.86
2017-02-01,FR,10.0,1.03
2017-03-01,FR,10.0,1.02
2017-04-01,FR,10.0,0.88
2017-05-01,FR,10.0,0.81
2017-06-01,FR,10.0,0.66
2017-07-01,FR,10.0,0.84
2017-08-01,FR,10.0,0.71
2017-09-01,FR,10.0,0.7
2017-10-01,FR,10.0,0.81
2017-11-01,FR,10.0,0.72
2017-12-01,FR,10.0,0.67
2018-01-01,FR,10.0,0.85
2018-02-01,FR,10.0,0.98
2018-03-01,FR,10.0,0.83
2018-04-01,FR,10.0,0.78
2018-05-01,FR,10.0,0.79
2018-06-01,FR,10.0,0.75
2018-07-01,FR,10.0,0.67
2018-08-01,FR,10.0,0.7
2018-09-01,FR,10.0,0.77
2018-10-01,FR,10.0,0.82
2018-11-01,FR,10.0,0.76
2018-12-01,FR,10.0,0.7
2019-01-01,FR,10.0,0.65
2019-02-01,FR,10.0,0.55
2019-03-01,FR,10.0,0.44
2019-04-01,FR,10.0,0.37
2019-05-01,FR,10.0,0.3
2019-06-01,FR,10.0,0.08
2019-07-01,FR,10.0,-0.07
2019-08-01,FR,10.0,-0.34
2019-09-01,FR,10.0,-0.27
2019-10-01,FR,10.0,-0.16
2019-11-01,FR,10.0,-0.02
2019-12-01,FR,10.0,0.04
2020-01-01,FR,10.0,-0.01
2020-02-01,FR,10.0,-0.18
2020-03-01,FR,10.0,-0.05
2020-04-01,FR,10.0,0.06
2020-05-01,FR,10.0,-0.03
2020-06-01,FR,10.0,-0.04
2020-07-01,FR,10.0,-0.15
2020-08-01,FR,10.0,-0.17
2020-09-01,FR,10.0,-0.21
2020-10-01,FR,10.0,-0.3
2020-11-01,FR,10.0,-0.32
2020-12-01,FR,10.0,-0.34
2021-01-01,FR,10.0,-0.31
2021-02-01,FR,10.0,-0.15
2021-03-01,FR,10.0,-0.07
2021-04-01,FR,10.0,-0.01
2021-05-01,FR,10.0,0.21
2021-06-01,FR,10.0,0.15
2021-07-01,FR,10.0,-0.01
2021-08-01,FR,10.0,-0.12
2021-09-01,FR,10.0,0.04
2021-10-01,FR,10.0,0.2
2021-11-01,FR,10.0,0.1
2021-12-01,FR,10.0,0.05
2022-01-01,FR,10.0,0.31
2022-02-01,FR,10.0,0.68
2022-03-01,FR,10.0,0.78
2022-04-01,FR,10.0,1.28
2022-05-01,FR,10.0,1.52
2022-06-01,FR,10.0,2.06
2022-07-01,FR,10.0,1.71
2022-08-01,FR,10.0,1.69
2022-09-01,FR,10.0,2.41
2022-10-01,FR,10.0,2.77
2022-11-01,FR,10.0,2.58
2022-12-01,FR,10.0,2.62
2023-01-01,FR,10.0,2.69
2023-02-01,FR,10.0,2.87
2023-03-01,FR,10.0,2.92
2023-04-01,FR,10.0,2.9
2023-05-01,FR,10.0,2.94
2023-06-01,FR,10.0,2.93
2023-07-01,FR,10.0,3.04
2023-08-01,FR,10.0,3.11
2023-09-01,FR,10.0,3.24
2023-10-01,FR,10.0,3.45
2023-11-01,FR,10.0,3.19
2023-12-01,FR,10.0,2.65
2024-01-01,FR,10.0,2.74
2024-02-01,FR,10.0,2.85
2024-03-01,FR,10.0,2.82
2024-04-01,FR,10.0,2.97
2024-05-01,FR,10.0,3.03
2024-06-01,FR,10.0,3.15
2024-07-01,FR,10.0,3.14
2024-08-01,FR,10.0,2.94
2024-09-01,FR,10.0,2.9
2024-10-01,FR,10.0,2.99
2024-11-01,FR,10.0,3.09
2024-12-01,FR,10.0,3.01
2025-01-01,FR,10.0,3.32
2025-02-01,FR,10.0,3.15
2025-03-01,FR,10.0,3.43
2025-04-01,FR,10.0,3.26
2025-05-01,FR,10.0,3.26
2025-06-01,FR,10.0,3.24
2025-07-01,FR,10.0,3.36
2025-08-01,FR,10.0,3.42
2025-09-01,FR,10.0,3.51
2025-10-01,FR,10.0,3.44
2025-11-01,FR,10.0,3.44
2025-12-01,FR,10.0,3.56
2026-01-01,FR,10.0,3.53
2026-02-01,FR,10.0,3.4
2026-03-01,FR,10.0,3.64
2026-04-01,FR,10.0,3.73
2026-05-01,FR,10.0,3.74
2026-06-01,FR,10.0,3.68
2026-07-01,FR,10.0,3.85
2026-08-01,FR,10.0,4.0
2014-01-01,GR,10.0,8.18
2014-02-01,GR,10.0,7.7
2014-03-01,GR,10.0,6.9
2014-04-01,GR,10.0,6.2
2014-05-01,GR,10.0,6.38
2014-06-01,GR,10.0,5.93
2014-07-01,GR,10.0,6.1
2014-08-01,GR,10.0,6.09
2014-09-01,GR,10.0,5.89
2014-10-01,GR,10.0,7.26
2014-11-01,GR,10.0,8.1
2014-12-01,GR,10.0,8.42
2015-01-01,GR,10.0,9.48
2015-02-01,GR,10.0,9.72
2015-03-01,GR,10.0,10.52
2015-04-01,GR,10.0,12.0
2015-05-01,GR,10.0,10.95
2015-06-01,GR,10.0,11.43
2015-07-01,GR,10.0,
2015-08-01,GR,10.0,10.26
2015-09-01,GR,10.0,8.54
2015-10-01,GR,10.0,7.81
2015-11-01,GR,10.0,7.41
2015-12-01,GR,10.0,8.21
2016-01-01,GR,10.0,9.08
2016-02-01,GR,10.0,10.41
2016-03-01,GR,10.0,9.12
2016-04-01,GR,10.0,9.03
2016-05-01,GR,10.0,7.64
2016-06-01,GR,10.0,7.92
2016-07-01,GR,10.0,7.99
2016-08-01,GR,10.0,8.19
2016-09-01,GR,10.0,8.34
2016-10-01,GR,10.0,8.33
2016-11-01,GR,10.0,7.33
2016-12-01,GR,10.0,6.94
2017-01-01,GR,10.0,7.04
2017-02-01,GR,10.0,7.52
2017-03-01,GR,10.0,7.17
2017-04-01,GR,10.0,6.7
2017-05-01,GR,10.0,5.86
2017-06-01,GR,10.0,5.76
2017-07-01,GR,10.0,5.33
2017-08-01,GR,10.0,5.55
2017-09-01,GR,10.0,5.56
2017-10-01,GR,10.0,5.59
2017-11-01,GR,10.0,5.22
2017-12-01,GR,10.0,4.44
2018-01-01,GR,10.0,3.79
2018-02-01,GR,10.0,4.14
2018-03-01,GR,10.0,4.27
2018-04-01,GR,10.0,4.04
2018-05-01,GR,10.0,4.29
2018-06-01,GR,10.0,4.39
2018-07-01,GR,10.0,3.88
2018-08-01,GR,10.0,4.18
2018-09-01,GR,10.0,4.17
2018-10-01,GR,10.0,4.37
2018-11-01,GR,10.0,4.42
2018-12-01,GR,10.0,4.28
2019-01-01,GR,10.0,4.21
2019-02-01,GR,10.0,3.84
2019-03-01,GR,10.0,3.76
2019-04-01,GR,10.0,3.42
2019-05-01,GR,10.0,3.37
2019-06-01,GR,10.0,2.67
2019-07-01,GR,10.0,2.16
2019-08-01,GR,10.0,1.98
2019-09-01,GR,10.0,1.5
2019-10-01,GR,10.0,1.34
2019-11-01,GR,10.0,1.36
2019-12-01,GR,10.0,1.42
2020-01-01,GR,10.0,1.34
2020-02-01,GR,10.0,1.07
2020-03-01,GR,10.0,1.97
2020-04-01,GR,10.0,2.05
2020-05-01,GR,10.0,1.93
2020-06-01,GR,10.0,1.32
2020-07-01,GR,10.0,1.14
2020-08-01,GR,10.0,1.08
2020-09-01,GR,10.0,1.08
2020-10-01,GR,10.0,0.9
2020-11-01,GR,10.0,0.75
2020-12-01,GR,10.0,0.63
2021-01-01,GR,10.0,0.65
2021-02-01,GR,10.0,0.81
2021-03-01,GR,10.0,0.91
2021-04-01,GR,10.0,0.88
2021-05-01,GR,10.0,0.99
2021-06-01,GR,10.0,0.81
2021-07-01,GR,10.0,0.7
2021-08-01,GR,10.0,0.59
2021-09-01,GR,10.0,0.8
2021-10-01,GR,10.0,0.96
2021-11-01,GR,10.0,1.22
2021-12-01,GR,10.0,1.29
2022-01-01,GR,10.0,1.62
2022-02-01,GR,10.0,2.46
2022-03-01,GR,10.0,2.61
2022-04-01,GR,10.0,2.89
2022-05-01,GR,10.0,3.54
2022-06-01,GR,10.0,3.93
2022-07-01,GR,10.0,3.38
2022-08-01,GR,10.0,3.46
2022-09-01,GR,10.0,4.44
2022-10-01,GR,10.0,4.87
2022-11-01,GR,10.0,4.42
2022-12-01,GR,10.0,4.22
2023-01-01,GR,10.0,4.29
2023-02-01,GR,10.0,4.26
2023-03-01,GR,10.0,4.29
2023-04-01,GR,10.0,4.22
2023-05-01,GR,10.0,3.98
2023-06-01,GR,10.0,3.71
2023-07-01,GR,10.0,3.85
2023-08-01,GR,10.0,3.88
2023-09-01,GR,10.0,4.08
2023-10-01,GR,10.0,4.3
2023-11-01,GR,10.0,3.88
2023-12-01,GR,10.0,3.28
2024-01-01,GR,10.0,3.29
2024-02-01,GR,10.0,3.45
2024-03-01,GR,10.0,3.37
2024-04-01,GR,10.0,3.49
2024-05-01,GR,10.0,3.55
2024-06-01,GR,10.0,3.65
2024-07-01,GR,10.0,3.5
2024-08-01,GR,10.0,3.31
2024-09-01,GR,10.0,3.19
2024-10-01,GR,10.0,3.16
2024-11-01,GR,10.0,3.19
2024-12-01,GR,10.0,3.05
2025-01-01,GR,10.0,3.35
2025-02-01,GR,10.0,3.29
2025-03-01,GR,10.0,3.6
2025-04-01,GR,10.0,3.44
2025-05-01,GR,10.0,3.37
2025-06-01,GR,10.0,3.29
2025-07-01,GR,10.0,3.36
2025-08-01,GR,10.0,3.37
2025-09-01,GR,10.0,3.39
2025-10-01,GR,10.0,3.3
2025-11-01,GR,10.0,3.3
2025-12-01,GR,10.0,3.44
2026-01-01,GR,10.0,3.43
2026-02-01,GR,10.0,3.39
2026-03-01,GR,10.0,3.71
2026-04-01,GR,10.0,3.78
2026-05-01,GR,10.0,3.75
2026-06-01,GR,10.0,3.64
2026-07-01,GR,10.0,3.79
2026-08-01,GR,10.0,3.87
2014-01-01,HR,10.0,5.11
2014-02-01,HR,10.0,4.78
2014-03-01,HR,10.0,4.51
2014-04-01,HR,10.0,4.41
2014-05-01,HR,10.0,4.31
2014-06-01,HR,10.0,3.94
2014-07-01,HR,10.0,3.72
2014-08-01,HR,10.0,3.68
2014-09-01,HR,10.0,3.57
2014-10-01,HR,10.0,3.54
2014-11-01,HR,10.0,3.52
2014-12-01,HR,10.0,3.52
2015-01-01,HR,10.0,3.32
2015-02-01,HR,10.0,3.24
2015-03-01,HR,10.0,3.08
2015-04-01,HR,10.0,3.17
2015-05-01,HR,10.0,2.98
2015-06-01,HR,10.0,3.07
2015-07-01,HR,10.0,3.94
2015-08-01,HR,10.0,3.9
2015-09-01,HR,10.0,3.91
2015-10-01,HR,10.0,3.93
2015-11-01,HR,10.0,3.86
2015-12-01,HR,10.0,3.92
2016-01-01,HR,10.0,3.84
2016-02-01,HR,10.0,3.68
2016-03-01,HR,10.0,3.66
2016-04-01,HR,10.0,3.62
2016-05-01,HR,10.0,3.52
2016-06-01,HR,10.0,3.68
2016-07-01,HR,10.0,3.75
2016-08-01,HR,10.0,3.58
2016-09-01,HR,10.0,3.34
2016-10-01,HR,10.0,3.07
2016-11-01,HR,10.0,3.01
2016-12-01,HR,10.0,2.95
2017-01-01,HR,10.0,2.8
2017-02-01,HR,10.0,2.71
2017-03-01,HR,10.0,2.74
2017-04-01,HR,10.0,2.98
2017-05-01,HR,10.0,3.01
2017-06-01,HR,10.0,2.83
2017-07-01,HR,10.0,2.78
2017-08-01,HR,10.0,2.87
2017-09-01,HR,10.0,2.71
2017-10-01,HR,10.0,2.66
2017-11-01,HR,10.0,2.65
2017-12-01,HR,10.0,2.47
2018-01-01,HR,10.0,2.35
2018-02-01,HR,10.0,2.27
2018-03-01,HR,10.0,2.19
2018-04-01,HR,10.0,2.12
2018-05-01,HR,10.0,2.16
2018-06-01,HR,10.0,2.2
2018-07-01,HR,10.0,2.26
2018-08-01,HR,10.0,2.18
2018-09-01,HR,10.0,2.14
2018-10-01,HR,10.0,2.09
2018-11-01,HR,10.0,2.07
2018-12-01,HR,10.0,2.04
2019-01-01,HR,10.0,2.23
2019-02-01,HR,10.0,2.31
2019-03-01,HR,10.0,2.07
2019-04-01,HR,10.0,1.82
2019-05-01,HR,10.0,1.69
2019-06-01,HR,10.0,1.36
2019-07-01,HR,10.0,1.06
2019-08-01,HR,10.0,0.83
2019-09-01,HR,10.0,0.49
2019-10-01,HR,10.0,0.47
2019-11-01,HR,10.0,0.53
2019-12-01,HR,10.0,0.59
2020-01-01,HR,10.0,0.61
2020-02-01,HR,10.0,0.57
2020-03-01,HR,10.0,0.96
2020-04-01,HR,10.0,1.24
2020-05-01,HR,10.0,0.91
2020-06-01,HR,10.0,0.96
2020-07-01,HR,10.0,0.97
2020-08-01,HR,10.0,0.85
2020-09-01,HR,10.0,0.79
2020-10-01,HR,10.0,0.78
2020-11-01,HR,10.0,0.73
2020-12-01,HR,10.0,0.63
2021-01-01,HR,10.0,0.58
2021-02-01,HR,10.0,0.52
2021-03-01,HR,10.0,0.51
2021-04-01,HR,10.0,0.5
2021-05-01,HR,10.0,0.5
2021-06-01,HR,10.0,0.49
2021-07-01,HR,10.0,0.45
2021-08-01,HR,10.0,0.43
2021-09-01,HR,10.0,0.37
2021-10-01,HR,10.0,0.32
2021-11-01,HR,10.0,0.32
2021-12-01,HR,10.0,0.38
2022-01-01,HR,10.0,0.7
2022-02-01,HR,10.0,1.23
2022-03-01,HR,10.0,2.08
2022-04-01,HR,10.0,2.44
2022-05-01,HR,10.0,2.96
2022-06-01,HR,10.0,3.02
2022-07-01,HR,10.0,3.31
2022-08-01,HR,10.0,2.48
2022-09-01,HR,10.0,3.18
2022-10-01,HR,10.0,4.02
2022-11-01,HR,10.0,3.57
2022-12-01,HR,10.0,3.36
2023-01-01,HR,10.0,3.65
2023-02-01,HR,10.0,3.76
2023-03-01,HR,10.0,3.86
2023-04-01,HR,10.0,3.72
2023-05-01,HR,10.0,3.71
2023-06-01,HR,10.0,3.73
2023-07-01,HR,10.0,3.74
2023-08-01,HR,10.0,3.93
2023-09-01,HR,10.0,3.95
2023-10-01,HR,10.0,4.18
2023-11-01,HR,10.0,3.93
2023-12-01,HR,10.0,3.39
2024-01-01,HR,10.0,3.29
2024-02-01,HR,10.0,3.3
2024-03-01,HR,10.0,3.29
2024-04-01,HR,10.0,3.34
2024-05-01,HR,10.0,3.41
2024-06-01,HR,10.0,3.38
2024-07-01,HR,10.0,3.37
2024-08-01,HR,10.0,3.4
2024-09-01,HR,10.0,3.33
2024-10-01,HR,10.0,3.32
2024-11-01,HR,10.0,3.2
2024-12-01,HR,10.0,3.09
2025-01-01,HR,10.0,2.98
2025-02-01,HR,10.0,2.99
2025-03-01,HR,10.0,3.05
2025-04-01,HR,10.0,3.05
2025-05-01,HR,10.0,3.04
2025-06-01,HR,10.0,3.04
2025-07-01,HR,10.0,3.05
2025-08-01,HR,10.0,2.98
2025-09-01,HR,10.0,2.88
2025-10-01,HR,10.0,2.92
2025-11-01,HR,10.0,2.94
2025-12-01,HR,10.0,3.14
2026-01-01,HR,10.0,2.94
2026-02-01,HR,10.0,3.09
2026-03-01,HR,10.0,3.19
2026-04-01,HR,10.0,3.55
2026-05-01,HR,10.0,3.57
2026-06-01,HR,10.0,3.57
2026-07-01,HR,10.0,3.58
2026-08-01,HR,10.0,3.58
2014-01-01,I9,10.0,2.8300817678958814
2014-02-01,I9,10.0,2.638122087750904
2014-03-01,I9,10.0,2.483828069768395
2014-04-01,I9,10.0,2.3542611730516136
2014-05-01,I9,10.0,2.2189929915582627
2014-06-01,I9,10.0,2.0785182811934115
2014-07-01,I9,10.0,1.946410452684288
2014-08-01,I9,10.0,1.7690266850852412
2014-09-01,I9,10.0,1.65701321031459
2014-10-01,I9,10.0,1.6061583151273862
2014-11-01,I9,10.0,1.530667085793424
2014-12-01,I9,10.0,1.3376423790549192
2015-01-01,I9,10.0,1.1288200784298652
2015-02-01,I9,10.0,1.033070782056783
2015-03-01,I9,10.0,0.8962250886346351
2015-04-01,I9,10.0,0.8971507766216137
2015-05-01,I9,10.0,1.3055064062194326
2015-06-01,I9,10.0,1.630065610413288
2015-07-01,I9,10.0,1.338796229581965
2015-08-01,I9,10.0,1.387741379627807
2015-09-01,I9,10.0,1.3900345191695898
2015-10-01,I9,10.0,1.2074404106644916
2015-11-01,I9,10.0,1.182094909061172
2015-12-01,I9,10.0,1.2182605280288428
2016-01-01,I9,10.0,1.172936714204451
2016-02-01,I9,10.0,1.0524253655260638
2016-03-01,I9,10.0,0.937028685896081
2016-04-01,I9,10.0,0.9350805958758832
2016-05-01,I9,10.0,0.9216681844455904
2016-06-01,I9,10.0,0.8273243700512641
2016-07-01,I9,10.0,0.6332096046851182
2016-08-01,I9,10.0,0.595171848035823
2016-09-01,I9,10.0,0.6437078306747456
2016-10-01,I9,10.0,0.7436346882341628
2016-11-01,I9,10.0,1.017160916062829
2016-12-01,I9,10.0,1.0523099731157208
2017-01-01,I9,10.0,1.106879958499874
2017-02-01,I9,10.0,1.250980474170751
2017-03-01,I9,10.0,1.275698191226462
2017-04-01,I9,10.0,1.1524867941993069
2017-05-01,I9,10.0,1.1381135527133162
2017-06-01,I9,10.0,1.0206176629615225
2017-07-01,I9,10.0,1.1864774919567636
2017-08-01,I9,10.0,1.0742707298630518
2017-09-01,I9,10.0,1.0676041708847073
2017-10-01,I9,10.0,1.0892295757971484
2017-11-01,I9,10.0,0.9634887980122142
2017-12-01,I9,10.0,0.9225927276488872
2018-01-01,I9,10.0,1.0554325666780682
2018-02-01,I9,10.0,1.199984269664752
2018-03-01,I9,10.0,1.0744853965238312
2018-04-01,I9,10.0,0.9942771970804236
2018-05-01,I9,10.0,1.0851796404737597
2018-06-01,I9,10.0,1.125284837192983
2018-07-01,I9,10.0,1.0428998138436785
2018-08-01,I9,10.0,1.1508388416974211
2018-09-01,I9,10.0,1.1755641156175949
2018-10-01,I9,10.0,1.3073393899321557
2018-11-01,I9,10.0,1.2474293165666284
2018-12-01,I9,10.0,1.09206890840325
2019-01-01,I9,10.0,1.0197622935533657
2019-02-01,I9,10.0,0.9541667825556902
2019-03-01,I9,10.0,0.8491178013398597
2019-04-01,I9,10.0,0.7808602513561542
2019-05-01,I9,10.0,0.7045591974345261
2019-06-01,I9,10.0,0.4415821466355775
2019-07-01,I9,10.0,0.2311816934617495
2019-08-01,I9,10.0,-0.02147817588576
2019-09-01,I9,10.0,-0.0674854244863
2019-10-01,I9,10.0,0.0204136528345411
2019-11-01,I9,10.0,0.1716104583600904
2019-12-01,I9,10.0,0.2296686737834259
2020-01-01,I9,10.0,0.1791407732664794
2020-02-01,I9,10.0,-0.002141734666761
2020-03-01,I9,10.0,0.1715799456524692
2020-04-01,I9,10.0,0.3340717887225987
2020-05-01,I9,10.0,0.2561225589071191
2020-06-01,I9,10.0,0.1726830991946251
2020-07-01,I9,10.0,0.0406860999303725
2020-08-01,I9,10.0,-0.0084338409953243
2020-09-01,I9,10.0,-0.0347566803706041
2020-10-01,I9,10.0,-0.1436522225733849
2020-11-01,I9,10.0,-0.1845409080156406
2020-12-01,I9,10.0,-0.2175801109053435
2021-01-01,I9,10.0,-0.1788816038814028
2021-02-01,I9,10.0,-0.0584605595030903
2021-03-01,I9,10.0,0.0300705704981175
2021-04-01,I9,10.0,0.0849912112940618
2021-05-01,I9,10.0,0.2340477485976108
2021-06-01,I9,10.0,0.163379976447433
2021-07-01,I9,10.0,0.0213675595503087
2021-08-01,I9,10.0,-0.0832942879764907
2021-09-01,I9,10.0,0.0673318585086661
2021-10-01,I9,10.0,0.2235472768632917
2021-11-01,I9,10.0,0.1739279858774459
2021-12-01,I9,10.0,0.135044739076676
2022-01-01,I9,10.0,0.402342972271024
2022-02-01,I9,10.0,0.7733192214848478
2022-03-01,I9,10.0,0.8993473127339849
2022-04-01,I9,10.0,1.3942385021040482
2022-05-01,I9,10.0,1.7021634136196886
2022-06-01,I9,10.0,2.2542666891170278
2022-07-01,I9,10.0,1.925064535403338
2022-08-01,I9,10.0,1.8563760854007072
2022-09-01,I9,10.0,2.6153842301726486
2022-10-01,I9,10.0,3.007572013052886
2022-11-01,I9,10.0,2.835540395219941
2022-12-01,I9,10.0,2.855586095289341
2023-01-01,I9,10.0,2.931346947575232
2023-02-01,I9,10.0,3.07954468318001
2023-03-01,I9,10.0,3.108691618164961
2023-04-01,I9,10.0,3.082693035249897
2023-05-01,I9,10.0,3.092828277709996
2023-06-01,I9,10.0,3.0580449452069427
2023-07-01,I9,10.0,3.1482783449474696
2023-08-01,I9,10.0,3.223845640133224
2023-09-01,I9,10.0,3.37166724002513
2023-10-01,I9,10.0,3.589358856446947
2023-11-01,I9,10.0,3.3007206919218306
2023-12-01,I9,10.0,2.770107785830382
2024-01-01,I9,10.0,2.83239358661307
2024-02-01,I9,10.0,2.950032555978621
2024-03-01,I9,10.0,2.902871237301927
2024-04-01,I9,10.0,3.020685235500301
2024-05-01,I9,10.0,3.0670637437078527
2024-06-01,I9,10.0,3.1086204627763685
2024-07-01,I9,10.0,3.0552135237800053
2024-08-01,I9,10.0,2.8470622118439586
2024-09-01,I9,10.0,2.78141074966701
2024-10-01,I9,10.0,2.8094427654568466
2024-11-01,I9,10.0,2.880569955715491
2024-12-01,I9,10.0,2.7392342140481585
2025-01-01,I9,10.0,3.037029022310044
2025-02-01,I9,10.0,2.9373601824460507
2025-03-01,I9,10.0,3.242053875955328
2025-04-01,I9,10.0,3.057944321677529
2025-05-01,I9,10.0,3.057776770133538
2025-06-01,I9,10.0,3.005974058925176
2025-07-01,I9,10.0,3.093349309116995
2025-08-01,I9,10.0,3.12363048181163
2025-09-01,I9,10.0,3.1512181204245326
2025-10-01,I9,10.0,3.065286059869432
2025-11-01,I9,10.0,3.088193395214468
2025-12-01,I9,10.0,3.212552749514642
2026-01-01,I9,10.0,
2026-02-01,I9,10.0,
2026-03-01,I9,10.0,
2026-04-01,I9,10.0,3.416741687455815
2026-05-01,I9,10.0,3.4396919435221847
2026-06-01,I9,10.0,3.3605498474976723
2026-07-01,I9,10.0,3.4879202397071403
2026-08-01,I9,10.0,3.598069609852609
2014-01-01,IE,10.0,3.39
2014-02-01,IE,10.0,3.24
2014-03-01,IE,10.0,3.05
2014-04-01,IE,10.0,2.9
2014-05-01,IE,10.0,2.71
2014-06-01,IE,10.0,2.44
2014-07-01,IE,10.0,2.28
2014-08-01,IE,10.0,2.02
2014-09-01,IE,10.0,1.75
2014-10-01,IE,10.0,1.74
2014-11-01,IE,10.0,1.58
2014-12-01,IE,10.0,1.31
2015-01-01,IE,10.0,1.22
2015-02-01,IE,10.0,1.12
2015-03-01,IE,10.0,0.8
2015-04-01,IE,10.0,0.73
2015-05-01,IE,10.0,1.25
2015-06-01,IE,10.0,1.65
2015-07-01,IE,10.0,1.47
2015-08-01,IE,10.0,1.29
2015-09-01,IE,10.0,1.31
2015-10-01,IE,10.0,1.14
2015-11-01,IE,10.0,1.1
2015-12-01,IE,10.0,1.11
2016-01-01,IE,10.0,1.05
2016-02-01,IE,10.0,0.99
2016-03-01,IE,10.0,0.85
2016-04-01,IE,10.0,0.86
2016-05-01,IE,10.0,0.84
2016-06-01,IE,10.0,0.76
2016-07-01,IE,10.0,0.47
2016-08-01,IE,10.0,0.4
2016-09-01,IE,10.0,0.42
2016-10-01,IE,10.0,0.5
2016-11-01,IE,10.0,0.85
2016-12-01,IE,10.0,0.84
2017-01-01,IE,10.0,0.99
2017-02-01,IE,10.0,1.06
2017-03-01,IE,10.0,1.05
2017-04-01,IE,10.0,0.91
2017-05-01,IE,10.0,0.83
2017-06-01,IE,10.0,0.7
2017-07-01,IE,10.0,0.87
2017-08-01,IE,10.0,0.73
2017-09-01,IE,10.0,0.7
2017-10-01,IE,10.0,0.66
2017-11-01,IE,10.0,0.58
2017-12-01,IE,10.0,0.54
2018-01-01,IE,10.0,0.9126
2018-02-01,IE,10.0,1.1328
2018-03-01,IE,10.0,1.0056
2018-04-01,IE,10.0,0.9435
2018-05-01,IE,10.0,0.9821
2018-06-01,IE,10.0,0.924
2018-07-01,IE,10.0,0.8271
2018-08-01,IE,10.0,0.8618
2018-09-01,IE,10.0,0.9327
2018-10-01,IE,10.0,1.0082
2018-11-01,IE,10.0,0.9827
2018-12-01,IE,10.0,0.909
2019-01-01,IE,10.0,0.9351
2019-02-01,IE,10.0,0.8436
2019-03-01,IE,10.0,0.6683
2019-04-01,IE,10.0,0.5596
2019-05-01,IE,10.0,0.4995
2019-06-01,IE,10.0,0.2664
2019-07-01,IE,10.0,0.1355
2019-08-01,IE,10.0,-0.0505
2019-09-01,IE,10.0,-0.0104
2019-10-01,IE,10.0,0.0161
2019-11-01,IE,10.0,0.0722
2019-12-01,IE,10.0,0.0373
2020-01-01,IE,10.0,0.0041
2020-02-01,IE,10.0,-0.1312
2020-03-01,IE,10.0,0.0687
2020-04-01,IE,10.0,0.2012
2020-05-01,IE,10.0,0.1072
2020-06-01,IE,10.0,0.0835
2020-07-01,IE,10.0,-0.0473
2020-08-01,IE,10.0,-0.1219
2020-09-01,IE,10.0,-0.1331
2020-10-01,IE,10.0,-0.2224
2020-11-01,IE,10.0,-0.251
2020-12-01,IE,10.0,-0.2903
2021-01-01,IE,10.0,-0.2418
2021-02-01,IE,10.0,-0.0551
2021-03-01,IE,10.0,0.0276
2021-04-01,IE,10.0,0.082
2021-05-01,IE,10.0,0.2372
2021-06-01,IE,10.0,0.1787
2021-07-01,IE,10.0,0.0309
2021-08-01,IE,10.0,-0.0788
2021-09-01,IE,10.0,0.0674
2021-10-01,IE,10.0,0.2224
2021-11-01,IE,10.0,0.1876
2021-12-01,IE,10.0,0.0998
2022-01-01,IE,10.0,0.3803
2022-02-01,IE,10.0,0.7751
2022-03-01,IE,10.0,0.9293
2022-04-01,IE,10.0,1.4021
2022-05-01,IE,10.0,1.6275
2022-06-01,IE,10.0,2.129
2022-07-01,IE,10.0,1.7438
2022-08-01,IE,10.0,1.7127
2022-09-01,IE,10.0,2.418
2022-10-01,IE,10.0,2.7093
2022-11-01,IE,10.0,2.5341
2022-12-01,IE,10.0,2.5862
2023-01-01,IE,10.0,2.6546
2023-02-01,IE,10.0,2.8568
2023-03-01,IE,10.0,2.8565
2023-04-01,IE,10.0,2.7713
2023-05-01,IE,10.0,2.7861
2023-06-01,IE,10.0,2.778
2023-07-01,IE,10.0,2.899
2023-08-01,IE,10.0,2.9644
2023-09-01,IE,10.0,3.087
2023-10-01,IE,10.0,3.2719
2023-11-01,IE,10.0,3.009
2023-12-01,IE,10.0,2.4648
2024-01-01,IE,10.0,2.599
2024-02-01,IE,10.0,2.7804
2024-03-01,IE,10.0,2.754
2024-04-01,IE,10.0,2.8878
2024-05-01,IE,10.0,2.9141
2024-06-01,IE,10.0,2.9287
2024-07-01,IE,10.0,2.8587
2024-08-01,IE,10.0,2.637
2024-09-01,IE,10.0,2.5457
2024-10-01,IE,10.0,2.5888
2024-11-01,IE,10.0,2.6262
2024-12-01,IE,10.0,2.4906
2025-01-01,IE,10.0,2.789
2025-02-01,IE,10.0,2.7164
2025-03-01,IE,10.0,3.0487
2025-04-01,IE,10.0,2.8981
2025-05-01,IE,10.0,2.8877
2025-06-01,IE,10.0,2.8502
2025-07-01,IE,10.0,2.9232
2025-08-01,IE,10.0,2.9448
2025-09-01,IE,10.0,2.946
2025-10-01,IE,10.0,2.8707
2025-11-01,IE,10.0,2.8967
2025-12-01,IE,10.0,3.0132
2026-01-01,IE,10.0,3.0611
2026-02-01,IE,10.0,3.0339
2026-03-01,IE,10.0,3.1972
2026-04-01,IE,10.0,3.2411
2026-05-01,IE,10.0,3.247
2026-06-01,IE,10.0,3.1264
2026-07-01,IE,10.0,3.2549
2026-08-01,IE,10.0,3.35
2014-01-01,IT,10.0,3.866
2014-02-01,IT,10.0,3.651
2014-03-01,IT,10.0,3.399
2014-04-01,IT,10.0,3.228
2014-05-01,IT,10.0,3.123
2014-06-01,IT,10.0,2.92
2014-07-01,IT,10.0,2.794
2014-08-01,IT,10.0,2.633
2014-09-01,IT,10.0,2.4
2014-10-01,IT,10.0,2.424
2014-11-01,IT,10.0,2.29
2014-12-01,IT,10.0,1.99
2015-01-01,IT,10.0,1.702
2015-02-01,IT,10.0,1.557
2015-03-01,IT,10.0,1.294
2015-04-01,IT,10.0,1.357
2015-05-01,IT,10.0,1.812
2015-06-01,IT,10.0,2.199
2015-07-01,IT,10.0,2.042
2015-08-01,IT,10.0,1.839
2015-09-01,IT,10.0,1.92
2015-10-01,IT,10.0,1.696
2015-11-01,IT,10.0,1.57
2015-12-01,IT,10.0,1.579
2016-01-01,IT,10.0,1.534
2016-02-01,IT,10.0,1.558
2016-03-01,IT,10.0,1.375
2016-04-01,IT,10.0,1.442
2016-05-01,IT,10.0,1.526
2016-06-01,IT,10.0,1.453
2016-07-01,IT,10.0,1.227
2016-08-01,IT,10.0,1.176
2016-09-01,IT,10.0,1.266
2016-10-01,IT,10.0,1.45
2016-11-01,IT,10.0,1.943
2016-12-01,IT,10.0,1.886
2017-01-01,IT,10.0,1.991
2017-02-01,IT,10.0,2.352
2017-03-01,IT,10.0,2.401
2017-04-01,IT,10.0,2.257
2017-05-01,IT,10.0,2.194
2017-06-01,IT,10.0,2.053
2017-07-01,IT,10.0,2.231
2017-08-01,IT,10.0,2.11
2017-09-01,IT,10.0,2.109
2017-10-01,IT,10.0,2.074
2017-11-01,IT,10.0,1.789
2017-12-01,IT,10.0,1.795
2018-01-01,IT,10.0,1.984
2018-02-01,IT,10.0,2.081
2018-03-01,IT,10.0,1.965
2018-04-01,IT,10.0,1.773
2018-05-01,IT,10.0,2.18
2018-06-01,IT,10.0,2.744
2018-07-01,IT,10.0,2.643
2018-08-01,IT,10.0,3.161
2018-09-01,IT,10.0,2.959
2018-10-01,IT,10.0,3.469
2018-11-01,IT,10.0,3.39
2018-12-01,IT,10.0,2.975
2019-01-01,IT,10.0,2.77
2019-02-01,IT,10.0,2.812
2019-03-01,IT,10.0,2.69
2019-04-01,IT,10.0,2.618
2019-05-01,IT,10.0,2.644
2019-06-01,IT,10.0,2.284
2019-07-01,IT,10.0,1.654
2019-08-01,IT,10.0,1.404
2019-09-01,IT,10.0,0.902
2019-10-01,IT,10.0,1.004
2019-11-01,IT,10.0,1.266
2019-12-01,IT,10.0,1.37
2020-01-01,IT,10.0,1.275
2020-02-01,IT,10.0,0.955
2020-03-01,IT,10.0,1.551
2020-04-01,IT,10.0,1.799
2020-05-01,IT,10.0,1.762
2020-06-01,IT,10.0,1.455
2020-07-01,IT,10.0,1.196
2020-08-01,IT,10.0,1.032
2020-09-01,IT,10.0,0.981
2020-10-01,IT,10.0,0.77
2020-11-01,IT,10.0,0.664
2020-12-01,IT,10.0,0.578
2021-01-01,IT,10.0,0.616
2021-02-01,IT,10.0,0.59
2021-03-01,IT,10.0,0.704
2021-04-01,IT,10.0,0.797
2021-05-01,IT,10.0,0.984
2021-06-01,IT,10.0,0.875
2021-07-01,IT,10.0,0.748
2021-08-01,IT,10.0,0.628
2021-09-01,IT,10.0,0.777
2021-10-01,IT,10.0,0.955
2021-11-01,IT,10.0,1.01
2021-12-01,IT,10.0,1.047
2022-01-01,IT,10.0,1.346
2022-02-01,IT,10.0,1.794
2022-03-01,IT,10.0,1.854
2022-04-01,IT,10.0,2.436
2022-05-01,IT,10.0,2.99
2022-06-01,IT,10.0,3.635
2022-07-01,IT,10.0,3.359
2022-08-01,IT,10.0,3.297
2022-09-01,IT,10.0,4.138
2022-10-01,IT,10.0,4.532
2022-11-01,IT,10.0,4.243
2022-12-01,IT,10.0,4.257
2023-01-01,IT,10.0,4.243
2023-02-01,IT,10.0,4.27
2023-03-01,IT,10.0,4.24
2023-04-01,IT,10.0,4.234
2023-05-01,IT,10.0,4.313
2023-06-01,IT,10.0,4.074
2023-07-01,IT,10.0,4.157
2023-08-01,IT,10.0,4.221
2023-09-01,IT,10.0,4.513
2023-10-01,IT,10.0,4.885
2023-11-01,IT,10.0,4.428
2023-12-01,IT,10.0,3.821
2024-01-01,IT,10.0,3.811
2024-02-01,IT,10.0,3.872
2024-03-01,IT,10.0,3.696
2024-04-01,IT,10.0,3.856
2024-05-01,IT,10.0,3.844
2024-06-01,IT,10.0,3.942
2024-07-01,IT,10.0,3.83
2024-08-01,IT,10.0,3.682
2024-09-01,IT,10.0,3.565
2024-10-01,IT,10.0,3.501
2024-11-01,IT,10.0,3.569
2024-12-01,IT,10.0,3.321
2025-01-01,IT,10.0,3.676
2025-02-01,IT,10.0,3.575
2025-03-01,IT,10.0,3.887
2025-04-01,IT,10.0,3.712
2025-05-01,IT,10.0,3.629
2025-06-01,IT,10.0,3.501
2025-07-01,IT,10.0,3.537
2025-08-01,IT,10.0,3.538
2025-09-01,IT,10.0,3.559
2025-10-01,IT,10.0,3.442
2025-11-01,IT,10.0,3.459
2025-12-01,IT,10.0,3.552
2026-01-01,IT,10.0,3.492
2026-02-01,IT,10.0,3.388
2026-03-01,IT,10.0,3.733
2026-04-01,IT,10.0,3.818
2026-05-01,IT,10.0,3.839
2026-06-01,IT,10.0,3.734
2026-07-01,IT,10.0,3.881
2026-08-01,IT,10.0,3.986
2014-01-01,LT,10.0,3.42
2014-02-01,LT,10.0,3.33
2014-03-01,LT,10.0,3.33
2014-04-01,LT,10.0,3.26
2014-05-01,LT,10.0,2.98
2014-06-01,LT,10.0,2.92
2014-07-01,LT,10.0,2.9
2014-08-01,LT,10.0,2.61
2014-09-01,LT,10.0,2.42
2014-10-01,LT,10.0,2.27
2014-11-01,LT,10.0,2.17
2014-12-01,LT,10.0,1.9
2015-01-01,LT,10.0,1.66
2015-02-01,LT,10.0,1.2
2015-03-01,LT,10.0,1.11
2015-04-01,LT,10.0,0.58
2015-05-01,LT,10.0,0.99
2015-06-01,LT,10.0,1.41
2015-07-01,LT,10.0,1.64
2015-08-01,LT,10.0,1.64
2015-09-01,LT,10.0,1.64
2015-10-01,LT,10.0,1.64
2015-11-01,LT,10.0,1.57
2015-12-01,LT,10.0,1.49
2016-01-01,LT,10.0,1.47
2016-02-01,LT,10.0,1.42
2016-03-01,LT,10.0,1.42
2016-04-01,LT,10.0,1.31
2016-05-01,LT,10.0,0.86
2016-06-01,LT,10.0,0.86
2016-07-01,LT,10.0,0.86
2016-08-01,LT,10.0,0.86
2016-09-01,LT,10.0,0.79
2016-10-01,LT,10.0,0.31
2016-11-01,LT,10.0,0.31
2016-12-01,LT,10.0,0.31
2017-01-01,LT,10.0,0.31
2017-02-01,LT,10.0,0.31
2017-03-01,LT,10.0,0.31
2017-04-01,LT,10.0,0.31
2017-05-01,LT,10.0,0.31
2017-06-01,LT,10.0,0.31
2017-07-01,LT,10.0,0.31
2017-08-01,LT,10.0,0.31
2017-09-01,LT,10.0,0.31
2017-10-01,LT,10.0,0.31
2017-11-01,LT,10.0,0.31
2017-12-01,LT,10.0,0.31
2018-01-01,LT,10.0,0.31
2018-02-01,LT,10.0,0.31
2018-03-01,LT,10.0,0.31
2018-04-01,LT,10.0,0.31
2018-05-01,LT,10.0,0.31
2018-06-01,LT,10.0,0.31
2018-07-01,LT,10.0,0.31
2018-08-01,LT,10.0,0.31
2018-09-01,LT,10.0,0.31
2018-10-01,LT,10.0,0.31
2018-11-01,LT,10.0,0.31
2018-12-01,LT,10.0,0.31
2019-01-01,LT,10.0,0.31
2019-02-01,LT,10.0,0.31
2019-03-01,LT,10.0,0.31
2019-04-01,LT,10.0,0.31
2019-05-01,LT,10.0,0.31
2019-06-01,LT,10.0,0.31
2019-07-01,LT,10.0,0.31
2019-08-01,LT,10.0,0.31
2019-09-01,LT,10.0,0.31
2019-10-01,LT,10.0,0.31
2019-11-01,LT,10.0,0.31
2019-12-01,LT,10.0,0.31
2020-01-01,LT,10.0,0.31
2020-02-01,LT,10.0,0.31
2020-03-01,LT,10.0,0.31
2020-04-01,LT,10.0,0.31
2020-05-01,LT,10.0,0.31
2020-06-01,LT,10.0,0.17
2020-07-01,LT,10.0,0.16
2020-08-01,LT,10.0,0.16
2020-09-01,LT,10.0,0.16
2020-10-01,LT,10.0,0.16
2020-11-01,LT,10.0,0.16
2020-12-01,LT,10.0,0.16
2021-01-01,LT,10.0,0.16
2021-02-01,LT,10.0,0.16
2021-03-01,LT,10.0,0.16
2021-04-01,LT,10.0,0.16
2021-05-01,LT,10.0,0.16
2021-06-01,LT,10.0,0.16
2021-07-01,LT,10.0,0.16
2021-08-01,LT,10.0,0.16
2021-09-01,LT,10.0,0.16
2021-10-01,LT,10.0,0.16
2021-11-01,LT,10.0,0.16
2021-12-01,LT,10.0,0.16
2022-01-01,LT,10.0,0.16
2022-02-01,LT,10.0,0.16
2022-03-01,LT,10.0,0.16
2022-04-01,LT,10.0,0.16
2022-05-01,LT,10.0,0.16
2022-06-01,LT,10.0,0.16
2022-07-01,LT,10.0,0.16
2022-08-01,LT,10.0,0.16
2022-09-01,LT,10.0,0.16
2022-10-01,LT,10.0,0.16
2022-11-01,LT,10.0,2.88
2022-12-01,LT,10.0,2.88
2023-01-01,LT,10.0,2.88
2023-02-01,LT,10.0,2.88
2023-03-01,LT,10.0,2.88
2023-04-01,LT,10.0,2.88
2023-05-01,LT,10.0,2.88
2023-06-01,LT,10.0,2.88
2023-07-01,LT,10.0,2.88
2023-08-01,LT,10.0,2.88
2023-09-01,LT,10.0,2.88
2023-10-01,LT,10.0,2.88
2023-11-01,LT,10.0,2.88
2023-12-01,LT,10.0,2.88
2024-01-01,LT,10.0,2.88
2024-02-01,LT,10.0,2.88
2024-03-01,LT,10.0,2.88
2024-04-01,LT,10.0,2.88
2024-05-01,LT,10.0,2.88
2024-06-01,LT,10.0,2.88
2024-07-01,LT,10.0,2.88
2024-08-01,LT,10.0,2.88
2024-09-01,LT,10.0,2.88
2024-10-01,LT,10.0,2.88
2024-11-01,LT,10.0,2.88
2024-12-01,LT,10.0,2.88
2025-01-01,LT,10.0,2.88
2025-02-01,LT,10.0,2.88
2025-03-01,LT,10.0,2.88
2025-04-01,LT,10.0,2.88
2025-05-01,LT,10.0,2.88
2025-06-01,LT,10.0,2.88
2025-07-01,LT,10.0,2.88
2025-08-01,LT,10.0,2.88
2025-09-01,LT,10.0,2.88
2025-10-01,LT,10.0,2.88
2025-11-01,LT,10.0,2.88
2025-12-01,LT,10.0,2.88
2026-01-01,LT,10.0,2.88
2026-02-01,LT,10.0,2.88
2026-03-01,LT,10.0,2.88
2026-04-01,LT,10.0,2.88
2026-05-01,LT,10.0,2.88
2026-06-01,LT,10.0,2.88
2026-07-01,LT,10.0,2.88
2026-08-01,LT,10.0,2.88
2014-01-01,LU,10.0,2.057
2014-02-01,LU,10.0,1.869
2014-03-01,LU,10.0,1.796
2014-04-01,LU,10.0,1.71
2014-05-01,LU,10.0,1.572
2014-06-01,LU,10.0,1.44
2014-07-01,LU,10.0,1.264
2014-08-01,LU,10.0,1.083
2014-09-01,LU,10.0,0.983
2014-10-01,LU,10.0,0.867
2014-11-01,LU,10.0,0.751
2014-12-01,LU,10.0,0.65
2015-01-01,LU,10.0,0.469
2015-02-01,LU,10.0,0.402
2015-03-01,LU,10.0,0.161
2015-04-01,LU,10.0,0.061
2015-05-01,LU,10.0,0.42
2015-06-01,LU,10.0,0.649
2015-07-01,LU,10.0,0.561
2015-08-01,LU,10.0,0.445
2015-09-01,LU,10.0,0.426
2015-10-01,LU,10.0,0.308
2015-11-01,LU,10.0,0.252
2015-12-01,LU,10.0,0.271
2016-01-01,LU,10.0,0.719
2016-02-01,LU,10.0,0.429
2016-03-01,LU,10.0,0.415
2016-04-01,LU,10.0,0.335
2016-05-01,LU,10.0,0.329
2016-06-01,LU,10.0,0.171
2016-07-01,LU,10.0,-0.003
2016-08-01,LU,10.0,-0.051
2016-09-01,LU,10.0,-0.026
2016-10-01,LU,10.0,0.071
2016-11-01,LU,10.0,0.277
2016-12-01,LU,10.0,0.385
2017-01-01,LU,10.0,0.431
2017-02-01,LU,10.0,0.554
2017-03-01,LU,10.0,0.599
2017-04-01,LU,10.0,0.493
2017-05-01,LU,10.0,0.57
2017-06-01,LU,10.0,0.519
2017-07-01,LU,10.0,0.693
2017-08-01,LU,10.0,0.57
2017-09-01,LU,10.0,0.554
2017-10-01,LU,10.0,0.57
2017-11-01,LU,10.0,0.5
2017-12-01,LU,10.0,0.485
2018-01-01,LU,10.0,0.625
2018-02-01,LU,10.0,0.78
2018-03-01,LU,10.0,0.68
2018-04-01,LU,10.0,0.62
2018-05-01,LU,10.0,0.608
2018-06-01,LU,10.0,0.537
2018-07-01,LU,10.0,0.47
2018-08-01,LU,10.0,0.466
2018-09-01,LU,10.0,0.509
2018-10-01,LU,10.0,0.56
2018-11-01,LU,10.0,0.497
2018-12-01,LU,10.0,0.424
2019-01-01,LU,10.0,0.366
2019-02-01,LU,10.0,0.261
2019-03-01,LU,10.0,0.168
2019-04-01,LU,10.0,0.109
2019-05-01,LU,10.0,0.02
2019-06-01,LU,10.0,-0.162
2019-07-01,LU,10.0,-0.276
2019-08-01,LU,10.0,-0.541
2019-09-01,LU,10.0,-0.497
2019-10-01,LU,10.0,-0.395
2019-11-01,LU,10.0,-0.274
2019-12-01,LU,10.0,-0.226
2020-01-01,LU,10.0,-0.252
2020-02-01,LU,10.0,-0.431
2020-03-01,LU,10.0,-0.361
2020-04-01,LU,10.0,-0.247
2020-05-01,LU,10.0,-0.322
2020-06-01,LU,10.0,-0.343
2020-07-01,LU,10.0,-0.43
2020-08-01,LU,10.0,-0.454
2020-09-01,LU,10.0,-0.497
2020-10-01,LU,10.0,-0.541
2020-11-01,LU,10.0,-0.536
2020-12-01,LU,10.0,-0.549
2021-01-01,LU,10.0,-0.535
2021-02-01,LU,10.0,-0.446
2021-03-01,LU,10.0,-0.401
2021-04-01,LU,10.0,-0.376
2021-05-01,LU,10.0,-0.314
2021-06-01,LU,10.0,-0.334
2021-07-01,LU,10.0,-0.401
2021-08-01,LU,10.0,-0.472
2021-09-01,LU,10.0,-0.372
2021-10-01,LU,10.0,-0.199
2021-11-01,LU,10.0,-0.211
2021-12-01,LU,10.0,-0.218
2022-01-01,LU,10.0,-0.039
2022-02-01,LU,10.0,0.399
2022-03-01,LU,10.0,0.548
2022-04-01,LU,10.0,1.389
2022-05-01,LU,10.0,1.659
2022-06-01,LU,10.0,2.157
2022-07-01,LU,10.0,1.853
2022-08-01,LU,10.0,1.843
2022-09-01,LU,10.0,2.55
2022-10-01,LU,10.0,2.994
2022-11-01,LU,10.0,2.701
2022-12-01,LU,10.0,2.676
2023-01-01,LU,10.0,2.7
2023-02-01,LU,10.0,2.889
2023-03-01,LU,10.0,2.993
2023-04-01,LU,10.0,2.96
2023-05-01,LU,10.0,2.952
2023-06-01,LU,10.0,2.946
2023-07-01,LU,10.0,3.033
2023-08-01,LU,10.0,3.084
2023-09-01,LU,10.0,3.161
2023-10-01,LU,10.0,3.318
2023-11-01,LU,10.0,3.029
2023-12-01,LU,10.0,2.533
2024-01-01,LU,10.0,2.613
2024-02-01,LU,10.0,2.815
2024-03-01,LU,10.0,2.787
2024-04-01,LU,10.0,2.904
2024-05-01,LU,10.0,2.941
2024-06-01,LU,10.0,2.936
2024-07-01,LU,10.0,2.901
2024-08-01,LU,10.0,2.661
2024-09-01,LU,10.0,2.592
2024-10-01,LU,10.0,2.652
2024-11-01,LU,10.0,2.722
2024-12-01,LU,10.0,2.643
2025-01-01,LU,10.0,2.9
2025-02-01,LU,10.0,2.759
2025-03-01,LU,10.0,3.042
2025-04-01,LU,10.0,2.871
2025-05-01,LU,10.0,2.882
2025-06-01,LU,10.0,2.875
2025-07-01,LU,10.0,2.915
2025-08-01,LU,10.0,2.889
2025-09-01,LU,10.0,2.925
2025-10-01,LU,10.0,2.892
2025-11-01,LU,10.0,2.949
2025-12-01,LU,10.0,3.102
2026-01-01,LU,10.0,3.051
2026-02-01,LU,10.0,2.928
2026-03-01,LU,10.0,3.119
2026-04-01,LU,10.0,3.244
2026-05-01,LU,10.0,3.267
2026-06-01,LU,10.0,3.188
2026-07-01,LU,10.0,3.304
2026-08-01,LU,10.0,3.401
2014-01-01,LV,10.0,3.48
2014-02-01,LV,10.0,3.07
2014-03-01,LV,10.0,2.87
2014-04-01,LV,10.0,2.8
2014-05-01,LV,10.0,2.74
2014-06-01,LV,10.0,2.53
2014-07-01,LV,10.0,2.4
2014-08-01,LV,10.0,2.35
2014-09-01,LV,10.0,2.28
2014-10-01,LV,10.0,2.18
2014-11-01,LV,10.0,1.77
2014-12-01,LV,10.0,1.63
2015-01-01,LV,10.0,1.1
2015-02-01,LV,10.0,0.78
2015-03-01,LV,10.0,0.56
2015-04-01,LV,10.0,0.42
2015-05-01,LV,10.0,0.84
2015-06-01,LV,10.0,1.28
2015-07-01,LV,10.0,1.25
2015-08-01,LV,10.0,0.96
2015-09-01,LV,10.0,1.03
2015-10-01,LV,10.0,1.07
2015-11-01,LV,10.0,1.19
2015-12-01,LV,10.0,1.08
2016-01-01,LV,10.0,1.05
2016-02-01,LV,10.0,0.88
2016-03-01,LV,10.0,0.71
2016-04-01,LV,10.0,0.61
2016-05-01,LV,10.0,0.51
2016-06-01,LV,10.0,0.48
2016-07-01,LV,10.0,0.3
2016-08-01,LV,10.0,0.12
2016-09-01,LV,10.0,0.1
2016-10-01,LV,10.0,0.19
2016-11-01,LV,10.0,0.56
2016-12-01,LV,10.0,0.9
2017-01-01,LV,10.0,0.89
2017-02-01,LV,10.0,0.99
2017-03-01,LV,10.0,0.94
2017-04-01,LV,10.0,0.92
2017-05-01,LV,10.0,0.88
2017-06-01,LV,10.0,0.85
2017-07-01,LV,10.0,0.98
2017-08-01,LV,10.0,0.85
2017-09-01,LV,10.0,0.72
2017-10-01,LV,10.0,0.71
2017-11-01,LV,10.0,0.69
2017-12-01,LV,10.0,0.59
2018-01-01,LV,10.0,0.6
2018-02-01,LV,10.0,0.75
2018-03-01,LV,10.0,0.83
2018-04-01,LV,10.0,0.8
2018-05-01,LV,10.0,0.86
2018-06-01,LV,10.0,0.93
2018-07-01,LV,10.0,1.06
2018-08-01,LV,10.0,0.95
2018-09-01,LV,10.0,0.94
2018-10-01,LV,10.0,1.01
2018-11-01,LV,10.0,1.05
2018-12-01,LV,10.0,1.05
2019-01-01,LV,10.0,0.95
2019-02-01,LV,10.0,0.81
2019-03-01,LV,10.0,0.7
2019-04-01,LV,10.0,0.58
2019-05-01,LV,10.0,0.51
2019-06-01,LV,10.0,0.33
2019-07-01,LV,10.0,0.15
2019-08-01,LV,10.0,-0.07
2019-09-01,LV,10.0,-0.11
2019-10-01,LV,10.0,0.0
2019-11-01,LV,10.0,0.1
2019-12-01,LV,10.0,0.16
2020-01-01,LV,10.0,0.11
2020-02-01,LV,10.0,-0.04
2020-03-01,LV,10.0,-0.06
2020-04-01,LV,10.0,0.3
2020-05-01,LV,10.0,0.26
2020-06-01,LV,10.0,0.01
2020-07-01,LV,10.0,-0.17
2020-08-01,LV,10.0,-0.19
2020-09-01,LV,10.0,-0.2
2020-10-01,LV,10.0,-0.23
2020-11-01,LV,10.0,-0.25
2020-12-01,LV,10.0,-0.29
2021-01-01,LV,10.0,-0.29
2021-02-01,LV,10.0,-0.25
2021-03-01,LV,10.0,-0.2
2021-04-01,LV,10.0,-0.21
2021-05-01,LV,10.0,-0.06
2021-06-01,LV,10.0,0.14
2021-07-01,LV,10.0,0.09
2021-08-01,LV,10.0,0.0
2021-09-01,LV,10.0,0.02
2021-10-01,LV,10.0,0.17
2021-11-01,LV,10.0,0.26
2021-12-01,LV,10.0,0.3
2022-01-01,LV,10.0,0.38
2022-02-01,LV,10.0,0.79
2022-03-01,LV,10.0,1.2
2022-04-01,LV,10.0,1.59
2022-05-01,LV,10.0,1.99
2022-06-01,LV,10.0,2.55
2022-07-01,LV,10.0,2.47
2022-08-01,LV,10.0,2.29
2022-09-01,LV,10.0,2.96
2022-10-01,LV,10.0,3.81
2022-11-01,LV,10.0,3.74
2022-12-01,LV,10.0,3.5
2023-01-01,LV,10.0,3.7
2023-02-01,LV,10.0,3.68
2023-03-01,LV,10.0,3.91
2023-04-01,LV,10.0,3.88
2023-05-01,LV,10.0,3.83
2023-06-01,LV,10.0,3.79
2023-07-01,LV,10.0,3.81
2023-08-01,LV,10.0,3.85
2023-09-01,LV,10.0,3.88
2023-10-01,LV,10.0,4.14
2023-11-01,LV,10.0,3.98
2023-12-01,LV,10.0,3.49
2024-01-01,LV,10.0,3.38
2024-02-01,LV,10.0,3.41
2024-03-01,LV,10.0,3.4
2024-04-01,LV,10.0,3.47
2024-05-01,LV,10.0,3.43
2024-06-01,LV,10.0,3.44
2024-07-01,LV,10.0,3.39
2024-08-01,LV,10.0,3.18
2024-09-01,LV,10.0,3.12
2024-10-01,LV,10.0,3.1
2024-11-01,LV,10.0,3.09
2024-12-01,LV,10.0,3.04
2025-01-01,LV,10.0,3.21
2025-02-01,LV,10.0,3.14
2025-03-01,LV,10.0,3.37
2025-04-01,LV,10.0,3.36
2025-05-01,LV,10.0,3.3
2025-06-01,LV,10.0,3.25
2025-07-01,LV,10.0,3.17
2025-08-01,LV,10.0,3.17
2025-09-01,LV,10.0,3.18
2025-10-01,LV,10.0,3.29
2025-11-01,LV,10.0,3.53
2025-12-01,LV,10.0,3.66
2026-01-01,LV,10.0,3.66
2026-02-01,LV,10.0,3.53
2026-03-01,LV,10.0,3.7
2026-04-01,LV,10.0,3.79
2026-05-01,LV,10.0,3.78
2026-06-01,LV,10.0,3.7
2026-07-01,LV,10.0,3.73
2026-08-01,LV,10.0,3.82
2014-01-01,MT,10.0,3.05
2014-02-01,MT,10.0,2.96
2014-03-01,MT,10.0,3.02
2014-04-01,MT,10.0,2.93
2014-05-01,MT,10.0,2.78
2014-06-01,MT,10.0,2.9
2014-07-01,MT,10.0,2.66
2014-08-01,MT,10.0,2.49
2014-09-01,MT,10.0,2.32
2014-10-01,MT,10.0,2.18
2014-11-01,MT,10.0,2.11
2014-12-01,MT,10.0,1.94
2015-01-01,MT,10.0,1.69
2015-02-01,MT,10.0,1.5
2015-03-01,MT,10.0,1.31
2015-04-01,MT,10.0,1.15
2015-05-01,MT,10.0,1.5
2015-06-01,MT,10.0,1.79
2015-07-01,MT,10.0,1.78
2015-08-01,MT,10.0,1.57
2015-09-01,MT,10.0,1.61
2015-10-01,MT,10.0,1.37
2015-11-01,MT,10.0,1.29
2015-12-01,MT,10.0,1.29
2016-01-01,MT,10.0,1.25
2016-02-01,MT,10.0,1.16
2016-03-01,MT,10.0,1.03
2016-04-01,MT,10.0,1.0
2016-05-01,MT,10.0,1.02
2016-06-01,MT,10.0,0.95
2016-07-01,MT,10.0,0.76
2016-08-01,MT,10.0,0.61
2016-09-01,MT,10.0,0.6
2016-10-01,MT,10.0,0.59
2016-11-01,MT,10.0,0.84
2016-12-01,MT,10.0,0.82
2017-01-01,MT,10.0,1.169
2017-02-01,MT,10.0,1.316
2017-03-01,MT,10.0,1.55
2017-04-01,MT,10.0,1.43
2017-05-01,MT,10.0,1.37
2017-06-01,MT,10.0,1.247
2017-07-01,MT,10.0,1.36
2017-08-01,MT,10.0,1.23
2017-09-01,MT,10.0,1.26
2017-10-01,MT,10.0,1.24
2017-11-01,MT,10.0,1.13
2017-12-01,MT,10.0,1.068
2018-01-01,MT,10.0,1.288
2018-02-01,MT,10.0,1.377
2018-03-01,MT,10.0,1.231
2018-04-01,MT,10.0,1.236
2018-05-01,MT,10.0,1.317
2018-06-01,MT,10.0,1.37
2018-07-01,MT,10.0,1.34
2018-08-01,MT,10.0,1.46
2018-09-01,MT,10.0,1.52
2018-10-01,MT,10.0,1.56
2018-11-01,MT,10.0,1.5409
2018-12-01,MT,10.0,1.3928125
2019-01-01,MT,10.0,1.25
2019-02-01,MT,10.0,1.169
2019-03-01,MT,10.0,1.029375
2019-04-01,MT,10.0,0.999
2019-05-01,MT,10.0,0.95198
2019-06-01,MT,10.0,0.725
2019-07-01,MT,10.0,0.5185
2019-08-01,MT,10.0,0.211
2019-09-01,MT,10.0,0.1913
2019-10-01,MT,10.0,0.2574
2019-11-01,MT,10.0,0.3719
2019-12-01,MT,10.0,0.398
2020-01-01,MT,10.0,0.38
2020-02-01,MT,10.0,0.26
2020-03-01,MT,10.0,0.39975
2020-04-01,MT,10.0,0.57225
2020-05-01,MT,10.0,0.697
2020-06-01,MT,10.0,0.756666
2020-07-01,MT,10.0,0.6447
2020-08-01,MT,10.0,0.5385
2020-09-01,MT,10.0,0.5055
2020-10-01,MT,10.0,0.384
2020-11-01,MT,10.0,0.37
2020-12-01,MT,10.0,0.27
2021-01-01,MT,10.0,0.315
2021-02-01,MT,10.0,0.413
2021-03-01,MT,10.0,0.4
2021-04-01,MT,10.0,0.44
2021-05-01,MT,10.0,0.53
2021-06-01,MT,10.0,0.5
2021-07-01,MT,10.0,0.49
2021-08-01,MT,10.0,0.44
2021-09-01,MT,10.0,0.57
2021-10-01,MT,10.0,0.67
2021-11-01,MT,10.0,0.64
2021-12-01,MT,10.0,0.59
2022-01-01,MT,10.0,0.8
2022-02-01,MT,10.0,1.21
2022-03-01,MT,10.0,1.26
2022-04-01,MT,10.0,1.71
2022-05-01,MT,10.0,1.98
2022-06-01,MT,10.0,2.59
2022-07-01,MT,10.0,2.61
2022-08-01,MT,10.0,2.61
2022-09-01,MT,10.0,3.3
2022-10-01,MT,10.0,3.8
2022-11-01,MT,10.0,3.44
2022-12-01,MT,10.0,3.59
2023-01-01,MT,10.0,3.55
2023-02-01,MT,10.0,3.61
2023-03-01,MT,10.0,3.58
2023-04-01,MT,10.0,3.6
2023-05-01,MT,10.0,3.64
2023-06-01,MT,10.0,3.68
2023-07-01,MT,10.0,3.78
2023-08-01,MT,10.0,3.79
2023-09-01,MT,10.0,3.93
2023-10-01,MT,10.0,4.18
2023-11-01,MT,10.0,3.86
2023-12-01,MT,10.0,3.31
2024-01-01,MT,10.0,3.38
2024-02-01,MT,10.0,3.48
2024-03-01,MT,10.0,3.4
2024-04-01,MT,10.0,3.47
2024-05-01,MT,10.0,3.53
2024-06-01,MT,10.0,3.55
2024-07-01,MT,10.0,3.5
2024-08-01,MT,10.0,3.38
2024-09-01,MT,10.0,3.24
2024-10-01,MT,10.0,3.21
2024-11-01,MT,10.0,3.25
2024-12-01,MT,10.0,3.07
2025-01-01,MT,10.0,3.35
2025-02-01,MT,10.0,3.26
2025-03-01,MT,10.0,3.53
2025-04-01,MT,10.0,3.37
2025-05-01,MT,10.0,3.43
2025-06-01,MT,10.0,3.37
2025-07-01,MT,10.0,3.5
2025-08-01,MT,10.0,3.54
2025-09-01,MT,10.0,3.55
2025-10-01,MT,10.0,3.44
2025-11-01,MT,10.0,3.45
2025-12-01,MT,10.0,3.72
2026-01-01,MT,10.0,3.67
2026-02-01,MT,10.0,3.57
2026-03-01,MT,10.0,3.8
2026-04-01,MT,10.0,3.89
2026-05-01,MT,10.0,3.92
2026-06-01,MT,10.0,3.88
2026-07-01,MT,10.0,3.97
2026-08-01,MT,10.0,3.9
2014-01-01,NL,10.0,2.098
2014-02-01,NL,10.0,1.891
2014-03-01,NL,10.0,1.81
2014-04-01,NL,10.0,1.846
2014-05-01,NL,10.0,1.709
2014-06-01,NL,10.0,1.598
2014-07-01,NL,10.0,1.407
2014-08-01,NL,10.0,1.2
2014-09-01,NL,10.0,1.154
2014-10-01,NL,10.0,1.032
2014-11-01,NL,10.0,0.934
2014-12-01,NL,10.0,0.777
2015-01-01,NL,10.0,0.52
2015-02-01,NL,10.0,0.416
2015-03-01,NL,10.0,0.326
2015-04-01,NL,10.0,0.314
2015-05-01,NL,10.0,0.754
2015-06-01,NL,10.0,1.054
2015-07-01,NL,10.0,0.986
2015-08-01,NL,10.0,0.853
2015-09-01,NL,10.0,0.866
2015-10-01,NL,10.0,0.725
2015-11-01,NL,10.0,0.716
2015-12-01,NL,10.0,0.754
2016-01-01,NL,10.0,0.646
2016-02-01,NL,10.0,0.371
2016-03-01,NL,10.0,0.32
2016-04-01,NL,10.0,0.395
2016-05-01,NL,10.0,0.384
2016-06-01,NL,10.0,0.25
2016-07-01,NL,10.0,0.062
2016-08-01,NL,10.0,0.027
2016-09-01,NL,10.0,0.061
2016-10-01,NL,10.0,0.156
2016-11-01,NL,10.0,0.385
2016-12-01,NL,10.0,0.436
2017-01-01,NL,10.0,0.481
2017-02-01,NL,10.0,0.486
2017-03-01,NL,10.0,0.485
2017-04-01,NL,10.0,0.498
2017-05-01,NL,10.0,0.589
2017-06-01,NL,10.0,0.503
2017-07-01,NL,10.0,0.688
2017-08-01,NL,10.0,0.542
2017-09-01,NL,10.0,0.532
2017-10-01,NL,10.0,0.541
2017-11-01,NL,10.0,0.468
2017-12-01,NL,10.0,0.452
2018-01-01,NL,10.0,0.611
2018-02-01,NL,10.0,0.761
2018-03-01,NL,10.0,0.626
2018-04-01,NL,10.0,0.69
2018-05-01,NL,10.0,0.671
2018-06-01,NL,10.0,0.565
2018-07-01,NL,10.0,0.474
2018-08-01,NL,10.0,0.473
2018-09-01,NL,10.0,0.551
2018-10-01,NL,10.0,0.582
2018-11-01,NL,10.0,0.518
2018-12-01,NL,10.0,0.401
2019-01-01,NL,10.0,0.332
2019-02-01,NL,10.0,0.236
2019-03-01,NL,10.0,0.15
2019-04-01,NL,10.0,0.195
2019-05-01,NL,10.0,0.11
2019-06-01,NL,10.0,-0.092
2019-07-01,NL,10.0,-0.206
2019-08-01,NL,10.0,-0.499
2019-09-01,NL,10.0,-0.427
2019-10-01,NL,10.0,-0.314
2019-11-01,NL,10.0,-0.192
2019-12-01,NL,10.0,-0.135
2020-01-01,NL,10.0,-0.17
2020-02-01,NL,10.0,-0.335
2020-03-01,NL,10.0,-0.326
2020-04-01,NL,10.0,-0.218
2020-05-01,NL,10.0,-0.312
2020-06-01,NL,10.0,-0.293
2020-07-01,NL,10.0,-0.391
2020-08-01,NL,10.0,-0.412
2020-09-01,NL,10.0,-0.441
2020-10-01,NL,10.0,-0.528
2020-11-01,NL,10.0,-0.543
2020-12-01,NL,10.0,-0.553
2021-01-01,NL,10.0,-0.532
2021-02-01,NL,10.0,-0.392
2021-03-01,NL,10.0,-0.331
2021-04-01,NL,10.0,-0.296
2021-05-01,NL,10.0,-0.186
2021-06-01,NL,10.0,-0.236
2021-07-01,NL,10.0,-0.381
2021-08-01,NL,10.0,-0.48
2021-09-01,NL,10.0,-0.339
2021-10-01,NL,10.0,-0.178
2021-11-01,NL,10.0,-0.268
2021-12-01,NL,10.0,-0.318
2022-01-01,NL,10.0,-0.098
2022-02-01,NL,10.0,0.237
2022-03-01,NL,10.0,0.343
2022-04-01,NL,10.0,0.854
2022-05-01,NL,10.0,1.054
2022-06-01,NL,10.0,1.819
2022-07-01,NL,10.0,1.467
2022-08-01,NL,10.0,1.414
2022-09-01,NL,10.0,2.142
2022-10-01,NL,10.0,2.52
2022-11-01,NL,10.0,2.351
2022-12-01,NL,10.0,2.429
2023-01-01,NL,10.0,2.499
2023-02-01,NL,10.0,2.678
2023-03-01,NL,10.0,2.758
2023-04-01,NL,10.0,2.719
2023-05-01,NL,10.0,2.728
2023-06-01,NL,10.0,2.75
2023-07-01,NL,10.0,2.84
2023-08-01,NL,10.0,2.917
2023-09-01,NL,10.0,3.036
2023-10-01,NL,10.0,3.207
2023-11-01,NL,10.0,2.95
2023-12-01,NL,10.0,2.422
2024-01-01,NL,10.0,2.506
2024-02-01,NL,10.0,2.643
2024-03-01,NL,10.0,2.616
2024-04-01,NL,10.0,2.718
2024-05-01,NL,10.0,2.829
2024-06-01,NL,10.0,2.822
2024-07-01,NL,10.0,2.765
2024-08-01,NL,10.0,2.531
2024-09-01,NL,10.0,2.469
2024-10-01,NL,10.0,2.533
2024-11-01,NL,10.0,2.567
2024-12-01,NL,10.0,2.447
2025-01-01,NL,10.0,2.732
2025-02-01,NL,10.0,2.629
2025-03-01,NL,10.0,2.936
2025-04-01,NL,10.0,2.713
2025-05-01,NL,10.0,2.796
2025-06-01,NL,10.0,2.757
2025-07-01,NL,10.0,2.844
2025-08-01,NL,10.0,2.88
2025-09-01,NL,10.0,2.883
2025-10-01,NL,10.0,2.794
2025-11-01,NL,10.0,2.831
2025-12-01,NL,10.0,2.968
2026-01-01,NL,10.0,2.94
2026-02-01,NL,10.0,2.849
2026-03-01,NL,10.0,3.027
2026-04-01,NL,10.0,3.15
2026-05-01,NL,10.0,3.165
2026-06-01,NL,10.0,3.077
2026-07-01,NL,10.0,3.195
2026-08-01,NL,10.0,3.285
2014-01-01,PT,10.0,5.212
2014-02-01,PT,10.0,4.935
2014-03-01,PT,10.0,4.43
2014-04-01,PT,10.0,3.818
2014-05-01,PT,10.0,3.661
2014-06-01,PT,10.0,3.503
2014-07-01,PT,10.0,3.687
2014-08-01,PT,10.0,3.473
2014-09-01,PT,10.0,3.178
2014-10-01,PT,10.0,3.212
2014-11-01,PT,10.0,3.128
2014-12-01,PT,10.0,2.809
2015-01-01,PT,10.0,2.486
2015-02-01,PT,10.0,2.322
2015-03-01,PT,10.0,1.742
2015-04-01,PT,10.0,1.869
2015-05-01,PT,10.0,2.413
2015-06-01,PT,10.0,2.932
2015-07-01,PT,10.0,2.738
2015-08-01,PT,10.0,2.515
2015-09-01,PT,10.0,2.586
2015-10-01,PT,10.0,2.409
2015-11-01,PT,10.0,2.573
2015-12-01,PT,10.0,2.489
2016-01-01,PT,10.0,2.708
2016-02-01,PT,10.0,3.228
2016-03-01,PT,10.0,2.839
2016-04-01,PT,10.0,3.126
2016-05-01,PT,10.0,3.145
2016-06-01,PT,10.0,3.201
2016-07-01,PT,10.0,3.056
2016-08-01,PT,10.0,2.912
2016-09-01,PT,10.0,3.256
2016-10-01,PT,10.0,3.326
2016-11-01,PT,10.0,3.514
2016-12-01,PT,10.0,3.742
2017-01-01,PT,10.0,3.949
2017-02-01,PT,10.0,4.043
2017-03-01,PT,10.0,3.992
2017-04-01,PT,10.0,3.774
2017-05-01,PT,10.0,3.287
2017-06-01,PT,10.0,2.968
2017-07-01,PT,10.0,3.025
2017-08-01,PT,10.0,2.828
2017-09-01,PT,10.0,2.63
2017-10-01,PT,10.0,2.322
2017-11-01,PT,10.0,1.981
2017-12-01,PT,10.0,1.828
2018-01-01,PT,10.0,1.846
2018-02-01,PT,10.0,2.032
2018-03-01,PT,10.0,1.79
2018-04-01,PT,10.0,1.662
2018-05-01,PT,10.0,1.838
2018-06-01,PT,10.0,1.866
2018-07-01,PT,10.0,1.761
2018-08-01,PT,10.0,1.819
2018-09-01,PT,10.0,1.881
2018-10-01,PT,10.0,1.956
2018-11-01,PT,10.0,1.905
2018-12-01,PT,10.0,1.706
2019-01-01,PT,10.0,1.665
2019-02-01,PT,10.0,1.547
2019-03-01,PT,10.0,1.317
2019-04-01,PT,10.0,1.18
2019-05-01,PT,10.0,1.022
2019-06-01,PT,10.0,0.586
2019-07-01,PT,10.0,0.443
2019-08-01,PT,10.0,0.173
2019-09-01,PT,10.0,0.204
2019-10-01,PT,10.0,0.187
2019-11-01,PT,10.0,0.349
2019-12-01,PT,10.0,0.407
2020-01-01,PT,10.0,0.37
2020-02-01,PT,10.0,0.247
2020-03-01,PT,10.0,0.706
2020-04-01,PT,10.0,0.968
2020-05-01,PT,10.0,0.808
2020-06-01,PT,10.0,0.527
2020-07-01,PT,10.0,0.4
2020-08-01,PT,10.0,0.355
2020-09-01,PT,10.0,0.319
2020-10-01,PT,10.0,0.177
2020-11-01,PT,10.0,0.072
2020-12-01,PT,10.0,0.027
2021-01-01,PT,10.0,0.027
2021-02-01,PT,10.0,0.162
2021-03-01,PT,10.0,0.232
2021-04-01,PT,10.0,0.349
2021-05-01,PT,10.0,0.53
2021-06-01,PT,10.0,0.43
2021-07-01,PT,10.0,0.274
2021-08-01,PT,10.0,0.143
2021-09-01,PT,10.0,0.258
2021-10-01,PT,10.0,0.393
2021-11-01,PT,10.0,0.389
2021-12-01,PT,10.0,0.355
2022-01-01,PT,10.0,0.581
2022-02-01,PT,10.0,1.059
2022-03-01,PT,10.0,1.155
2022-04-01,PT,10.0,1.761
2022-05-01,PT,10.0,2.137
2022-06-01,PT,10.0,2.65
2022-07-01,PT,10.0,2.26
2022-08-01,PT,10.0,2.158
2022-09-01,PT,10.0,2.892
2022-10-01,PT,10.0,3.264
2022-11-01,PT,10.0,3.021
2022-12-01,PT,10.0,3.103
2023-01-01,PT,10.0,3.132
2023-02-01,PT,10.0,3.274
2023-03-01,PT,10.0,3.27
2023-04-01,PT,10.0,3.203
2023-05-01,PT,10.0,3.158
2023-06-01,PT,10.0,3.093
2023-07-01,PT,10.0,3.231
2023-08-01,PT,10.0,3.305
2023-09-01,PT,10.0,3.446
2023-10-01,PT,10.0,3.586
2023-11-01,PT,10.0,3.301
2023-12-01,PT,10.0,2.855
2024-01-01,PT,10.0,2.965
2024-02-01,PT,10.0,3.062
2024-03-01,PT,10.0,3.017
2024-04-01,PT,10.0,3.135
2024-05-01,PT,10.0,3.164
2024-06-01,PT,10.0,3.187
2024-07-01,PT,10.0,3.099
2024-08-01,PT,10.0,2.875
2024-09-01,PT,10.0,2.778
2024-10-01,PT,10.0,2.732
2024-11-01,PT,10.0,2.789
2024-12-01,PT,10.0,2.684
2025-01-01,PT,10.0,2.959
2025-02-01,PT,10.0,2.953
2025-03-01,PT,10.0,3.292
2025-04-01,PT,10.0,3.114
2025-05-01,PT,10.0,3.077
2025-06-01,PT,10.0,3.023
2025-07-01,PT,10.0,3.105
2025-08-01,PT,10.0,3.12
2025-09-01,PT,10.0,3.133
2025-10-01,PT,10.0,3.021
2025-11-01,PT,10.0,3.025
2025-12-01,PT,10.0,3.146
2026-01-01,PT,10.0,3.185
2026-02-01,PT,10.0,3.127
2026-03-01,PT,10.0,3.366
2026-04-01,PT,10.0,3.429
2026-05-01,PT,10.0,3.418
2026-06-01,PT,10.0,3.328
2026-07-01,PT,10.0,3.443
2026-08-01,PT,10.0,3.537
2014-01-01,SI,10.0,4.73
2014-02-01,SI,10.0,4.43
2014-03-01,SI,10.0,3.85
2014-04-01,SI,10.0,3.52
2014-05-01,SI,10.0,3.39
2014-06-01,SI,10.0,3.13
2014-07-01,SI,10.0,3.16
2014-08-01,SI,10.0,3.09
2014-09-01,SI,10.0,2.66
2014-10-01,SI,10.0,2.63
2014-11-01,SI,10.0,2.54
2014-12-01,SI,10.0,2.11
2015-01-01,SI,10.0,1.75
2015-02-01,SI,10.0,1.32
2015-03-01,SI,10.0,0.99
2015-04-01,SI,10.0,1.06
2015-05-01,SI,10.0,1.59
2015-06-01,SI,10.0,2.13
2015-07-01,SI,10.0,2.43
2015-08-01,SI,10.0,2.07
2015-09-01,SI,10.0,2.05
2015-10-01,SI,10.0,1.8
2015-11-01,SI,10.0,1.66
2015-12-01,SI,10.0,1.61
2016-01-01,SI,10.0,1.61
2016-02-01,SI,10.0,1.59
2016-03-01,SI,10.0,1.48
2016-04-01,SI,10.0,1.37
2016-05-01,SI,10.0,1.41
2016-06-01,SI,10.0,1.36
2016-07-01,SI,10.0,0.95
2016-08-01,SI,10.0,0.8
2016-09-01,SI,10.0,0.75
2016-10-01,SI,10.0,0.62
2016-11-01,SI,10.0,0.89
2016-12-01,SI,10.0,0.96
2017-01-01,SI,10.0,0.99
2017-02-01,SI,10.0,1.01
2017-03-01,SI,10.0,0.99
2017-04-01,SI,10.0,1.0
2017-05-01,SI,10.0,0.98
2017-06-01,SI,10.0,0.86
2017-07-01,SI,10.0,1.15
2017-08-01,SI,10.0,1.09
2017-09-01,SI,10.0,0.98
2017-10-01,SI,10.0,0.97
2017-11-01,SI,10.0,0.81
2017-12-01,SI,10.0,0.69
2018-01-01,SI,10.0,0.88
2018-02-01,SI,10.0,1.14
2018-03-01,SI,10.0,1.11
2018-04-01,SI,10.0,0.89
2018-05-01,SI,10.0,0.96
2018-06-01,SI,10.0,0.99
2018-07-01,SI,10.0,0.79
2018-08-01,SI,10.0,0.77
2018-09-01,SI,10.0,0.75
2018-10-01,SI,10.0,0.92
2018-11-01,SI,10.0,1.01
2018-12-01,SI,10.0,0.96
2019-01-01,SI,10.0,0.98
2019-02-01,SI,10.0,0.87
2019-03-01,SI,10.0,0.67
2019-04-01,SI,10.0,0.52
2019-05-01,SI,10.0,0.38
2019-06-01,SI,10.0,0.19
2019-07-01,SI,10.0,-0.01
2019-08-01,SI,10.0,-0.06
2019-09-01,SI,10.0,-0.16
2019-10-01,SI,10.0,-0.09
2019-11-01,SI,10.0,-0.01
2019-12-01,SI,10.0,0.02
2020-01-01,SI,10.0,0.09
2020-02-01,SI,10.0,0.04
2020-03-01,SI,10.0,0.02
2020-04-01,SI,10.0,0.27
2020-05-01,SI,10.0,0.74
2020-06-01,SI,10.0,0.42
2020-07-01,SI,10.0,0.09
2020-08-01,SI,10.0,-0.102
2020-09-01,SI,10.0,-0.08
2020-10-01,SI,10.0,-0.13
2020-11-01,SI,10.0,-0.18
2020-12-01,SI,10.0,-0.23
2021-01-01,SI,10.0,-0.17
2021-02-01,SI,10.0,0.02
2021-03-01,SI,10.0,0.03
2021-04-01,SI,10.0,0.02
2021-05-01,SI,10.0,0.21
2021-06-01,SI,10.0,0.15
2021-07-01,SI,10.0,0.14
2021-08-01,SI,10.0,-0.09
2021-09-01,SI,10.0,0.05
2021-10-01,SI,10.0,0.17
2021-11-01,SI,10.0,0.15
2021-12-01,SI,10.0,0.17
2022-01-01,SI,10.0,0.4
2022-02-01,SI,10.0,0.7
2022-03-01,SI,10.0,1.04
2022-04-01,SI,10.0,1.55
2022-05-01,SI,10.0,1.82
2022-06-01,SI,10.0,2.09
2022-07-01,SI,10.0,2.102
2022-08-01,SI,10.0,1.71
2022-09-01,SI,10.0,1.7
2022-10-01,SI,10.0,2.51
2022-11-01,SI,10.0,3.56
2022-12-01,SI,10.0,3.52
2023-01-01,SI,10.0,3.25
2023-02-01,SI,10.0,3.38
2023-03-01,SI,10.0,3.54
2023-04-01,SI,10.0,3.34
2023-05-01,SI,10.0,3.15
2023-06-01,SI,10.0,3.38
2023-07-01,SI,10.0,3.4
2023-08-01,SI,10.0,3.48
2023-09-01,SI,10.0,3.47
2023-10-01,SI,10.0,3.67
2023-11-01,SI,10.0,3.53
2023-12-01,SI,10.0,3.26
2024-01-01,SI,10.0,3.06
2024-02-01,SI,10.0,3.22
2024-03-01,SI,10.0,3.2
2024-04-01,SI,10.0,3.22
2024-05-01,SI,10.0,3.23
2024-06-01,SI,10.0,3.32
2024-07-01,SI,10.0,3.21
2024-08-01,SI,10.0,2.99
2024-09-01,SI,10.0,2.94
2024-10-01,SI,10.0,2.97
2024-11-01,SI,10.0,3.06
2024-12-01,SI,10.0,2.89
2025-01-01,SI,10.0,3.1
2025-02-01,SI,10.0,2.93
2025-03-01,SI,10.0,3.28
2025-04-01,SI,10.0,3.1
2025-05-01,SI,10.0,3.06
2025-06-01,SI,10.0,3.02
2025-07-01,SI,10.0,3.04
2025-08-01,SI,10.0,3.17
2025-09-01,SI,10.0,3.19
2025-10-01,SI,10.0,3.11
2025-11-01,SI,10.0,3.11
2025-12-01,SI,10.0,3.25
2026-01-01,SI,10.0,3.19
2026-02-01,SI,10.0,3.09
2026-03-01,SI,10.0,3.25
2026-04-01,SI,10.0,3.4
2026-05-01,SI,10.0,3.47
2026-06-01,SI,10.0,3.36
2026-07-01,SI,10.0,3.37
2026-08-01,SI,10.0,3.54
2014-01-01,SK,10.0,2.534661
2014-02-01,SK,10.0,2.479647
2014-03-01,SK,10.0,2.470736
2014-04-01,SK,10.0,2.465987
2014-05-01,SK,10.0,2.730201
2014-06-01,SK,10.0,2.726163
2014-07-01,SK,10.0,2.065693
2014-08-01,SK,10.0,1.809344
2014-09-01,SK,10.0,1.573088
2014-10-01,SK,10.0,1.392381
2014-11-01,SK,10.0,1.382516
2014-12-01,SK,10.0,1.23
2015-01-01,SK,10.0,1.1
2015-02-01,SK,10.0,0.66
2015-03-01,SK,10.0,0.52
2015-04-01,SK,10.0,0.96
2015-05-01,SK,10.0,0.92
2015-06-01,SK,10.0,1.15
2015-07-01,SK,10.0,1.25
2015-08-01,SK,10.0,0.99
2015-09-01,SK,10.0,0.894
2015-10-01,SK,10.0,0.752
2015-11-01,SK,10.0,0.707
2015-12-01,SK,10.0,0.72
2016-01-01,SK,10.0,0.713
2016-02-01,SK,10.0,0.55669
2016-03-01,SK,10.0,0.434271
2016-04-01,SK,10.0,0.381857
2016-05-01,SK,10.0,0.414336
2016-06-01,SK,10.0,0.772545
2016-07-01,SK,10.0,0.487085
2016-08-01,SK,10.0,0.300682
2016-09-01,SK,10.0,0.3188
2016-10-01,SK,10.0,0.422162
2016-11-01,SK,10.0,0.7229
2016-12-01,SK,10.0,1.008583
2017-01-01,SK,10.0,1.027979
2017-02-01,SK,10.0,1.091955
2017-03-01,SK,10.0,1.086437
2017-04-01,SK,10.0,1.058
2017-05-01,SK,10.0,1.034762
2017-06-01,SK,10.0,0.860195
2017-07-01,SK,10.0,0.92725
2017-08-01,SK,10.0,0.827727
2017-09-01,SK,10.0,0.816
2017-10-01,SK,10.0,0.828773
2017-11-01,SK,10.0,0.759413
2017-12-01,SK,10.0,0.665837
2018-01-01,SK,10.0,0.689
2018-02-01,SK,10.0,0.76515
2018-03-01,SK,10.0,0.80281
2018-04-01,SK,10.0,0.7495
2018-05-01,SK,10.0,0.75219
2018-06-01,SK,10.0,1.013524
2018-07-01,SK,10.0,0.943429
2018-08-01,SK,10.0,0.923864
2018-09-01,SK,10.0,0.977
2018-10-01,SK,10.0,1.066348
2018-11-01,SK,10.0,1.005095
2018-12-01,SK,10.0,0.938222
2019-01-01,SK,10.0,0.877455
2019-02-01,SK,10.0,0.78095
2019-03-01,SK,10.0,0.675429
2019-04-01,SK,10.0,0.5668
2019-05-01,SK,10.0,0.448762
2019-06-01,SK,10.0,0.2492
2019-07-01,SK,10.0,0.018045
2019-08-01,SK,10.0,-0.34119
2019-09-01,SK,10.0,-0.3364
2019-10-01,SK,10.0,-0.196435
2019-11-01,SK,10.0,0.08785
2019-12-01,SK,10.0,0.125263
2020-01-01,SK,10.0,0.133286
2020-02-01,SK,10.0,-0.0018
2020-03-01,SK,10.0,0.035273
2020-04-01,SK,10.0,0.69165
2020-05-01,SK,10.0,0.559684
2020-06-01,SK,10.0,0.040227
2020-07-01,SK,10.0,-0.159
2020-08-01,SK,10.0,-0.224
2020-09-01,SK,10.0,-0.2692
2020-10-01,SK,10.0,-0.347409
2020-11-01,SK,10.0,-0.39345
2020-12-01,SK,10.0,-0.524714
2021-01-01,SK,10.0,-0.434316
2021-02-01,SK,10.0,-0.18255
2021-03-01,SK,10.0,-0.054826
2021-04-01,SK,10.0,-0.0554
2021-05-01,SK,10.0,0.068333
2021-06-01,SK,10.0,0.025591
2021-07-01,SK,10.0,-0.13819
2021-08-01,SK,10.0,-0.249045
2021-09-01,SK,10.0,-0.07575
2021-10-01,SK,10.0,0.134095
2021-11-01,SK,10.0,0.0186
2021-12-01,SK,10.0,-0.019364
2022-01-01,SK,10.0,0.25235
2022-02-01,SK,10.0,0.7126
2022-03-01,SK,10.0,0.993
2022-04-01,SK,10.0,1.528526
2022-05-01,SK,10.0,1.865909
2022-06-01,SK,10.0,2.381773
2022-07-01,SK,10.0,2.1442
2022-08-01,SK,10.0,2.028045
2022-09-01,SK,10.0,2.87195
2022-10-01,SK,10.0,3.548238
2022-11-01,SK,10.0,3.36635
2022-12-01,SK,10.0,3.195714
2023-01-01,SK,10.0,3.25181
2023-02-01,SK,10.0,3.40105
2023-03-01,SK,10.0,3.580435
2023-04-01,SK,10.0,3.655833
2023-05-01,SK,10.0,3.591867
2023-06-01,SK,10.0,3.621
2023-07-01,SK,10.0,3.687
2023-08-01,SK,10.0,3.7965
2023-09-01,SK,10.0,3.905105
2023-10-01,SK,10.0,4.122818
2023-11-01,SK,10.0,3.8629
2023-12-01,SK,10.0,3.314105
2024-01-01,SK,10.0,3.386091
2024-02-01,SK,10.0,3.511619
2024-03-01,SK,10.0,3.51305
2024-04-01,SK,10.0,3.67881
2024-05-01,SK,10.0,3.690857
2024-06-01,SK,10.0,3.6917
2024-07-01,SK,10.0,3.591227
2024-08-01,SK,10.0,3.384524
2024-09-01,SK,10.0,3.358
2024-10-01,SK,10.0,3.329
2024-11-01,SK,10.0,3.3306
2024-12-01,SK,10.0,3.216056
2025-01-01,SK,10.0,3.433476
2025-02-01,SK,10.0,3.2229
2025-03-01,SK,10.0,3.512952
2025-04-01,SK,10.0,3.49155
2025-05-01,SK,10.0,3.48875
2025-06-01,SK,10.0,3.429143
2025-07-01,SK,10.0,3.428696
2025-08-01,SK,10.0,3.454
2025-09-01,SK,10.0,3.475333
2025-10-01,SK,10.0,3.394565
2025-11-01,SK,10.0,3.3725
2025-12-01,SK,10.0,3.46585
2026-01-01,SK,10.0,3.41005
2026-02-01,SK,10.0,3.27305
2026-03-01,SK,10.0,3.502727
2026-04-01,SK,10.0,3.55825
2026-05-01,SK,10.0,3.5121
2026-06-01,SK,10.0,3.623273
2026-07-01,SK,10.0,3.729652
2026-08-01,SK,10.0,3.849571
2014-01-01,U2,10.0,2.834048332822628
2014-02-01,U2,10.0,2.64434665814984
2014-03-01,U2,10.0,2.488665431234345
2014-04-01,U2,10.0,2.35684861895071
2014-05-01,U2,10.0,2.221475521136206
2014-06-01,U2,10.0,2.081420168875852
2014-07-01,U2,10.0,1.9516197798261092
2014-08-01,U2,10.0,1.7748386430351957
2014-09-01,U2,10.0,1.6592973762868175
2014-10-01,U2,10.0,1.6101264448743344
2014-11-01,U2,10.0,1.5351584916179053
2014-12-01,U2,10.0,1.3398797292006537
2015-01-01,U2,10.0,1.1154224864819946
2015-02-01,U2,10.0,1.0220837244005352
2015-03-01,U2,10.0,0.8866626489232986
2015-04-01,U2,10.0,0.8878790837887267
2015-05-01,U2,10.0,1.297447131507828
2015-06-01,U2,10.0,1.6238131211089963
2015-07-01,U2,10.0,1.3160559818177069
2015-08-01,U2,10.0,1.3752948789253892
2015-09-01,U2,10.0,1.3727309513675376
2015-10-01,U2,10.0,1.1923954242669494
2015-11-01,U2,10.0,1.1654100310921125
2015-12-01,U2,10.0,1.1960963125727289
2016-01-01,U2,10.0,1.1520116099602462
2016-02-01,U2,10.0,1.034298705399059
2016-03-01,U2,10.0,0.9179113329660898
2016-04-01,U2,10.0,0.9162603747011396
2016-05-01,U2,10.0,0.9025725545933264
2016-06-01,U2,10.0,0.806825601450372
2016-07-01,U2,10.0,0.6109269892454877
2016-08-01,U2,10.0,0.5740436534725555
2016-09-01,U2,10.0,0.624694500392966
2016-10-01,U2,10.0,0.7275511918739297
2016-11-01,U2,10.0,1.0047408188554778
2016-12-01,U2,10.0,1.0362192591559471
2017-01-01,U2,10.0,1.0953494688340588
2017-02-01,U2,10.0,1.2410389205953989
2017-03-01,U2,10.0,1.2656673996571
2017-04-01,U2,10.0,1.1398084634970913
2017-05-01,U2,10.0,1.126905539837752
2017-06-01,U2,10.0,1.0075459152667336
2017-07-01,U2,10.0,1.175128000772869
2017-08-01,U2,10.0,1.0613962512356678
2017-09-01,U2,10.0,1.0557275524048495
2017-10-01,U2,10.0,1.0782467636768618
2017-11-01,U2,10.0,0.9515447022098358
2017-12-01,U2,10.0,0.9096781743875448
2018-01-01,U2,10.0,1.0459150003106985
2018-02-01,U2,10.0,1.192117591216444
2018-03-01,U2,10.0,1.0662842136429125
2018-04-01,U2,10.0,0.9860009642537136
2018-05-01,U2,10.0,1.077277638738291
2018-06-01,U2,10.0,1.117383608856204
2018-07-01,U2,10.0,1.033951781088246
2018-08-01,U2,10.0,1.1432725231150598
2018-09-01,U2,10.0,1.168473652579197
2018-10-01,U2,10.0,1.301585325595521
2018-11-01,U2,10.0,1.2413818362501028
2018-12-01,U2,10.0,1.0850997874105996
2019-01-01,U2,10.0,1.0106402167671888
2019-02-01,U2,10.0,0.9439472904237768
2019-03-01,U2,10.0,0.8399154924845575
2019-04-01,U2,10.0,0.7730278127135597
2019-05-01,U2,10.0,0.6971315106079214
2019-06-01,U2,10.0,0.4346596403084658
2019-07-01,U2,10.0,0.2249345370611863
2019-08-01,U2,10.0,-0.0278961293677988
2019-09-01,U2,10.0,-0.0716874294496636
2019-10-01,U2,10.0,0.0170249291490913
2019-11-01,U2,10.0,0.1689091238199522
2019-12-01,U2,10.0,0.2269527031863245
2020-01-01,U2,10.0,0.175977982813218
2020-02-01,U2,10.0,-0.0063416317654846
2020-03-01,U2,10.0,0.1657924232638808
2020-04-01,U2,10.0,0.3274216790807773
2020-05-01,U2,10.0,0.2513226678987026
2020-06-01,U2,10.0,0.1669218005703145
2020-07-01,U2,10.0,0.0338857189293463
2020-08-01,U2,10.0,-0.0147155475129016
2020-09-01,U2,10.0,-0.0407919496797595
2020-10-01,U2,10.0,-0.1504111734784269
2020-11-01,U2,10.0,-0.1912331856357912
2020-12-01,U2,10.0,-0.2237823937751214
2021-01-01,U2,10.0,-0.1847546277300295
2021-02-01,U2,10.0,-0.0629372955895569
2021-03-01,U2,10.0,0.0263563719054701
2021-04-01,U2,10.0,0.0817794368868376
2021-05-01,U2,10.0,0.2319895304156265
2021-06-01,U2,10.0,0.1608522472496871
2021-07-01,U2,10.0,0.0180503510000149
2021-08-01,U2,10.0,-0.0872666989286487
2021-09-01,U2,10.0,0.0649894941607804
2021-10-01,U2,10.0,0.2228008242673274
2021-11-01,U2,10.0,0.1727975270309395
2021-12-01,U2,10.0,0.133149017686289
2022-01-01,U2,10.0,0.399977479402598
2022-02-01,U2,10.0,0.769689960207306
2022-03-01,U2,10.0,0.889964616369904
2022-04-01,U2,10.0,1.3859277916725787
2022-05-01,U2,10.0,1.692167333576058
2022-06-01,U2,10.0,2.248181374418329
2022-07-01,U2,10.0,1.9140583952502608
2022-08-01,U2,10.0,1.851420120027339
2022-09-01,U2,10.0,2.610897204997676
2022-10-01,U2,10.0,2.9995262054292917
2022-11-01,U2,10.0,2.8297036139737206
2022-12-01,U2,10.0,2.851577496858349
2023-01-01,U2,10.0,2.931346947575232
2023-02-01,U2,10.0,3.07954468318001
2023-03-01,U2,10.0,3.108691618164961
2023-04-01,U2,10.0,3.082693035249897
2023-05-01,U2,10.0,3.092828277709996
2023-06-01,U2,10.0,3.0580449452069427
2023-07-01,U2,10.0,3.1482783449474696
2023-08-01,U2,10.0,3.223845640133224
2023-09-01,U2,10.0,3.37166724002513
2023-10-01,U2,10.0,3.589358856446947
2023-11-01,U2,10.0,3.3007206919218306
2023-12-01,U2,10.0,2.770107785830382
2024-01-01,U2,10.0,2.83239358661307
2024-02-01,U2,10.0,2.950032555978621
2024-03-01,U2,10.0,2.902871237301927
2024-04-01,U2,10.0,3.020685235500301
2024-05-01,U2,10.0,3.0670637437078527
2024-06-01,U2,10.0,3.1086204627763685
2024-07-01,U2,10.0,3.0552135237800053
2024-08-01,U2,10.0,2.8470622118439586
2024-09-01,U2,10.0,2.78141074966701
2024-10-01,U2,10.0,2.8094427654568466
2024-11-01,U2,10.0,2.880569955715491
2024-12-01,U2,10.0,2.7392342140481585
2025-01-01,U2,10.0,3.037029022310044
2025-02-01,U2,10.0,2.9373601824460507
2025-03-01,U2,10.0,3.242053875955328
2025-04-01,U2,10.0,3.057944321677529
2025-05-01,U2,10.0,3.057776770133538
2025-06-01,U2,10.0,3.005974058925176
2025-07-01,U2,10.0,3.093349309116995
2025-08-01,U2,10.0,3.12363048181163
2025-09-01,U2,10.0,3.1512181204245326
2025-10-01,U2,10.0,3.065286059869432
2025-11-01,U2,10.0,3.088193395214468
2025-12-01,U2,10.0,3.212552749514642
2026-01-01,U2,10.0,3.202293386901584
2026-02-01,U2,10.0,3.119202331163563
2026-03-01,U2,10.0,3.340382699006874
2026-04-01,U2,10.0,3.4217089168045844
2026-05-01,U2,10.0,3.4457494754685056
2026-06-01,U2,10.0,3.367344577407624
2026-07-01,U2,10.0,3.493528531571093
2026-08-01,U2,10.0,3.6026326031330997
