ncb,date,action_type,direction,description,source_url,note
BE,2024-03-27,dividend_policy,strengthen_buffers,Council of Regency changes reserve and dividend policy; priority on rebuilding reserves,https://www.nbb.be/en/media/17037,direction per NBB communication; exact wording to verify
BE,2025-03-26,distribution,strengthen_buffers,No variable dividend for FY2024; excess loss carried forward,https://www.nbb.be/en/media/17037,
PT,2025-05-21,distribution,strengthen_buffers,Governor signals no dividends to the state while buffers are rebuilt,https://www.jornaldenegocios.pt/empresas/banca---financas/detalhe/banco-de-portugal-com-resultados-negativos-em-2025-guerra-leva-a-preferir-provisoes-a-dividendos,press report; annual accounts wording to verify
ES,2025-03-31,provisioning,use_buffers,"Operating loss FY2024 fully covered by provisions; zero result, no transfer",https://www.bde.es/f/webbe/GAP/Secciones/SalaPrensa/NotasInformativas/25/presbe2025-25.pdf,
FI,2025-03-28,provisioning,use_buffers,General provision fully used plus 241m from the real value loss provision (FY2024),https://www.suomenpankki.fi/en/news-and-topical/press-releases-and-news/releases/2025/interest-paid-on-central-bank-deposits-weakened-bank-of-finlands-operating-profit-as-in-previous-year/,
IE,2025-05-29,provisioning,use_buffers,FY2024 loss of 795m covered by the financial risk reserve; nil transfer to the Exchequer,https://www.audit.gov.ie/en/find-report/publications/2025/1-exchequer-financial-outturn-for-2024.pdf,
IT,2025-03-31,distribution,mixed,"FY2024 net profit 844m after provisions; 644m to the state, 200m dividend to participants, 140m to stabilisation reserve",https://www.bancaditalia.it/pubblicazioni/bilancio-esercizio/2025-bilancio-esercizio/index.html,
DE,2026-03-05,distribution,strengthen_buffers,Sixth consecutive year without a transfer to the federal budget; cumulative loss carried forward,https://www.bundesbank.de,press release 2026-03-05
LT,2025-01-24,external_pressure,pressure_on_ncb,President proposes a law raising the central bank profit contribution to the state budget for defence,https://www.baltictimes.com/president_to_propose_increasing_bank_of_lithuania_s_contribution_to_state_budget/,not an NCB action; recorded as a pressure event
