id,topic,position,retrospective,coder,codebook
C00001,1,-1,0,model-in-conversation,PAPv2-Y4-p2
C00002,0,,.,model-in-conversation,PAPv2-Y4-p2
C00003,1,0,0,model-in-conversation,PAPv2-Y4-p2
C00004,1,0,0,model-in-conversation,PAPv2-Y4-p2
C00005,1,0,0,model-in-conversation,PAPv2-Y4-p2
C00006,1,-1,0,model-in-conversation,PAPv2-Y4-p2
C00007,1,1,0,model-in-conversation,PAPv2-Y4-p2
C00008,1,1,0,model-in-conversation,PAPv2-Y4-p2
C00009,1,0,0,model-in-conversation,PAPv2-Y4-p2
C00010,0,,.,model-in-conversation,PAPv2-Y4-p2
C00011,1,0,0,model-in-conversation,PAPv2-Y4-p2
C00012,1,1,0,model-in-conversation,PAPv2-Y4-p2
C00013,1,-1,0,model-in-conversation,PAPv2-Y4-p2
C00014,1,0,1,model-in-conversation,PAPv2-Y4-p2
C00015,1,-1,0,model-in-conversation,PAPv2-Y4-p2
C00016,1,1,0,model-in-conversation,PAPv2-Y4-p2
C00017,1,0,0,model-in-conversation,PAPv2-Y4-p2
C00018,1,0,0,model-in-conversation,PAPv2-Y4-p2
C00019,1,0,0,model-in-conversation,PAPv2-Y4-p2
C00020,0,,.,model-in-conversation,PAPv2-Y4-p2
C00021,1,0,1,model-in-conversation,PAPv2-Y4-p2
C00022,1,-1,0,model-in-conversation,PAPv2-Y4-p2
C00023,1,0,0,model-in-conversation,PAPv2-Y4-p2
C00024,1,0,0,model-in-conversation,PAPv2-Y4-p2
C00025,1,1,0,model-in-conversation,PAPv2-Y4-p2
C00026,0,,.,model-in-conversation,PAPv2-Y4-p2
C00027,1,1,0,model-in-conversation,PAPv2-Y4-p2
C00028,1,-1,0,model-in-conversation,PAPv2-Y4-p2
C00029,0,,.,model-in-conversation,PAPv2-Y4-p2
C00030,1,0,0,model-in-conversation,PAPv2-Y4-p2
C00031,1,1,0,model-in-conversation,PAPv2-Y4-p2
C00032,0,,.,model-in-conversation,PAPv2-Y4-p2
C00033,1,1,0,model-in-conversation,PAPv2-Y4-p2
C00034,1,1,0,model-in-conversation,PAPv2-Y4-p2
C00035,1,0,1,model-in-conversation,PAPv2-Y4-p2
C00036,1,1,1,model-in-conversation,PAPv2-Y4-p2
C00037,1,0,0,model-in-conversation,PAPv2-Y4-p2
C00038,1,1,0,model-in-conversation,PAPv2-Y4-p2
C00039,0,,.,model-in-conversation,PAPv2-Y4-p2
C00040,1,-1,0,model-in-conversation,PAPv2-Y4-p2
C00041,1,-1,0,model-in-conversation,PAPv2-Y4-p2
C00042,0,,.,model-in-conversation,PAPv2-Y4-p2
C00043,1,-1,0,model-in-conversation,PAPv2-Y4-p2
C00044,0,,.,model-in-conversation,PAPv2-Y4-p2
C00045,1,-1,0,model-in-conversation,PAPv2-Y4-p2
C00046,1,0,1,model-in-conversation,PAPv2-Y4-p2
C00047,1,0,0,model-in-conversation,PAPv2-Y4-p2
C00048,1,1,0,model-in-conversation,PAPv2-Y4-p2
C00049,1,0,0,model-in-conversation,PAPv2-Y4-p2
C00050,0,,.,model-in-conversation,PAPv2-Y4-p2
C00051,1,1,0,model-in-conversation,PAPv2-Y4-p2
C00052,1,1,0,model-in-conversation,PAPv2-Y4-p2
C00053,0,,.,model-in-conversation,PAPv2-Y4-p2
C00054,1,-1,0,model-in-conversation,PAPv2-Y4-p2
C00055,1,1,0,model-in-conversation,PAPv2-Y4-p2
C00056,0,,.,model-in-conversation,PAPv2-Y4-p2
C00057,1,0,0,model-in-conversation,PAPv2-Y4-p2
C00058,1,0,0,model-in-conversation,PAPv2-Y4-p2
C00059,0,,.,model-in-conversation,PAPv2-Y4-p2
C00060,0,,.,model-in-conversation,PAPv2-Y4-p2
C00061,1,0,1,model-in-conversation,PAPv2-Y4-p2
C00062,1,1,0,model-in-conversation,PAPv2-Y4-p2
C00063,0,,.,model-in-conversation,PAPv2-Y4-p2
C00064,1,-1,0,model-in-conversation,PAPv2-Y4-p2
C00065,1,0,0,model-in-conversation,PAPv2-Y4-p2
C00066,0,,.,model-in-conversation,PAPv2-Y4-p2
C00067,0,,.,model-in-conversation,PAPv2-Y4-p2
C00068,1,1,1,model-in-conversation,PAPv2-Y4-p2
C00069,0,,.,model-in-conversation,PAPv2-Y4-p2
C00070,1,-1,1,model-in-conversation,PAPv2-Y4-p2
C00071,1,0,0,model-in-conversation,PAPv2-Y4-p2
C00072,0,,.,model-in-conversation,PAPv2-Y4-p2
C00073,1,0,0,model-in-conversation,PAPv2-Y4-p2
C00074,1,0,1,model-in-conversation,PAPv2-Y4-p2
C00075,0,,.,model-in-conversation,PAPv2-Y4-p2
C00076,1,-1,0,model-in-conversation,PAPv2-Y4-p2
C00077,1,-1,0,model-in-conversation,PAPv2-Y4-p2
C00078,1,1,0,model-in-conversation,PAPv2-Y4-p2
C00079,1,0,1,model-in-conversation,PAPv2-Y4-p2
C00080,1,1,1,model-in-conversation,PAPv2-Y4-p2
C00081,1,0,0,model-in-conversation,PAPv2-Y4-p2
C00082,1,-1,0,model-in-conversation,PAPv2-Y4-p2
C00083,1,1,0,model-in-conversation,PAPv2-Y4-p2
C00084,1,0,1,model-in-conversation,PAPv2-Y4-p2
C00085,1,1,1,model-in-conversation,PAPv2-Y4-p2
C00086,1,1,0,model-in-conversation,PAPv2-Y4-p2
C00087,0,,.,model-in-conversation,PAPv2-Y4-p2
C00088,1,-1,0,model-in-conversation,PAPv2-Y4-p2
C00089,1,0,0,model-in-conversation,PAPv2-Y4-p2
C00090,1,-1,0,model-in-conversation,PAPv2-Y4-p2
C00091,1,-1,0,model-in-conversation,PAPv2-Y4-p2
C00092,1,-1,0,model-in-conversation,PAPv2-Y4-p2
C00093,1,-1,0,model-in-conversation,PAPv2-Y4-p2
C00094,0,,.,model-in-conversation,PAPv2-Y4-p2
C00095,1,-1,0,model-in-conversation,PAPv2-Y4-p2
C00096,1,0,0,model-in-conversation,PAPv2-Y4-p2
C00097,1,0,0,model-in-conversation,PAPv2-Y4-p2
C00098,1,-1,0,model-in-conversation,PAPv2-Y4-p2
C00099,1,1,0,model-in-conversation,PAPv2-Y4-p2
C00100,0,,.,model-in-conversation,PAPv2-Y4-p2
C00101,1,-1,0,model-in-conversation,PAPv2-Y4-p2
C00102,0,,.,model-in-conversation,PAPv2-Y4-p2
C00103,0,,.,model-in-conversation,PAPv2-Y4-p2
C00104,0,,.,model-in-conversation,PAPv2-Y4-p2
C00105,1,-1,0,model-in-conversation,PAPv2-Y4-p2
C00106,0,,.,model-in-conversation,PAPv2-Y4-p2
C00107,1,0,1,model-in-conversation,PAPv2-Y4-p2
C00108,0,,.,model-in-conversation,PAPv2-Y4-p2
C00109,0,,.,model-in-conversation,PAPv2-Y4-p2
C00110,1,1,0,model-in-conversation,PAPv2-Y4-p2
C00111,1,1,0,model-in-conversation,PAPv2-Y4-p2
C00112,1,1,0,model-in-conversation,PAPv2-Y4-p2
C00113,1,1,0,model-in-conversation,PAPv2-Y4-p2
C00114,1,-1,1,model-in-conversation,PAPv2-Y4-p2
C00115,1,-1,0,model-in-conversation,PAPv2-Y4-p2
C00116,1,0,0,model-in-conversation,PAPv2-Y4-p2
C00117,1,-1,0,model-in-conversation,PAPv2-Y4-p2
C00118,1,1,0,model-in-conversation,PAPv2-Y4-p2
C00119,1,-1,0,model-in-conversation,PAPv2-Y4-p2
C00120,0,,.,model-in-conversation,PAPv2-Y4-p2
C00121,1,1,0,model-in-conversation,PAPv2-Y4-p2
C00122,1,1,0,model-in-conversation,PAPv2-Y4-p2
C00123,1,-1,0,model-in-conversation,PAPv2-Y4-p2
C00124,1,0,0,model-in-conversation,PAPv2-Y4-p2
C00125,0,,.,model-in-conversation,PAPv2-Y4-p2
C00126,1,0,1,model-in-conversation,PAPv2-Y4-p2
C00127,1,-1,1,model-in-conversation,PAPv2-Y4-p2
C00128,1,1,0,model-in-conversation,PAPv2-Y4-p2
C00129,0,,.,model-in-conversation,PAPv2-Y4-p2
C00130,0,,.,model-in-conversation,PAPv2-Y4-p2
C00131,0,,.,model-in-conversation,PAPv2-Y4-p2
C00132,0,,.,model-in-conversation,PAPv2-Y4-p2
C00133,1,0,0,model-in-conversation,PAPv2-Y4-p2
C00134,1,1,0,model-in-conversation,PAPv2-Y4-p2
C00135,0,,.,model-in-conversation,PAPv2-Y4-p2
C00136,1,0,0,model-in-conversation,PAPv2-Y4-p2
C00137,0,,.,model-in-conversation,PAPv2-Y4-p2
C00138,0,,.,model-in-conversation,PAPv2-Y4-p2
C00139,1,-1,0,model-in-conversation,PAPv2-Y4-p2
C00140,1,0,1,model-in-conversation,PAPv2-Y4-p2
C00141,1,0,1,model-in-conversation,PAPv2-Y4-p2
C00142,1,0,0,model-in-conversation,PAPv2-Y4-p2
C00143,0,,.,model-in-conversation,PAPv2-Y4-p2
C00144,1,0,0,model-in-conversation,PAPv2-Y4-p2
C00145,0,,.,model-in-conversation,PAPv2-Y4-p2
C00146,1,1,0,model-in-conversation,PAPv2-Y4-p2
C00147,0,,.,model-in-conversation,PAPv2-Y4-p2
C00148,1,0,0,model-in-conversation,PAPv2-Y4-p2
C00149,1,0,0,model-in-conversation,PAPv2-Y4-p2
C00150,1,1,0,model-in-conversation,PAPv2-Y4-p2
C00151,1,1,0,model-in-conversation,PAPv2-Y4-p2
C00152,1,1,1,model-in-conversation,PAPv2-Y4-p2
C00153,1,0,0,model-in-conversation,PAPv2-Y4-p2
C00154,1,-1,0,model-in-conversation,PAPv2-Y4-p2
C00155,0,,.,model-in-conversation,PAPv2-Y4-p2
C00156,1,1,0,model-in-conversation,PAPv2-Y4-p2
C00157,1,0,0,model-in-conversation,PAPv2-Y4-p2
C00158,1,-1,0,model-in-conversation,PAPv2-Y4-p2
C00159,1,0,0,model-in-conversation,PAPv2-Y4-p2
C00160,0,,.,model-in-conversation,PAPv2-Y4-p2
C00161,0,,.,model-in-conversation,PAPv2-Y4-p2
C00162,1,0,0,model-in-conversation,PAPv2-Y4-p2
C00163,0,,.,model-in-conversation,PAPv2-Y4-p2
C00164,0,,.,model-in-conversation,PAPv2-Y4-p2
C00165,0,,.,model-in-conversation,PAPv2-Y4-p2
C00166,1,1,0,model-in-conversation,PAPv2-Y4-p2
C00167,1,0,0,model-in-conversation,PAPv2-Y4-p2
C00168,1,0,0,model-in-conversation,PAPv2-Y4-p2
C00169,1,1,0,model-in-conversation,PAPv2-Y4-p2
C00170,1,0,0,model-in-conversation,PAPv2-Y4-p2
C00171,1,0,0,model-in-conversation,PAPv2-Y4-p2
C00172,1,0,0,model-in-conversation,PAPv2-Y4-p2
C00173,1,1,0,model-in-conversation,PAPv2-Y4-p2
C00174,1,0,0,model-in-conversation,PAPv2-Y4-p2
C00175,0,,.,model-in-conversation,PAPv2-Y4-p2
C00176,0,,.,model-in-conversation,PAPv2-Y4-p2
C00177,0,,.,model-in-conversation,PAPv2-Y4-p2
C00178,1,0,0,model-in-conversation,PAPv2-Y4-p2
C00179,0,,.,model-in-conversation,PAPv2-Y4-p2
C00180,1,-1,0,model-in-conversation,PAPv2-Y4-p2
C00181,1,-1,0,model-in-conversation,PAPv2-Y4-p2
C00182,1,-1,0,model-in-conversation,PAPv2-Y4-p2
C00183,0,,.,model-in-conversation,PAPv2-Y4-p2
C00184,1,0,0,model-in-conversation,PAPv2-Y4-p2
C00185,1,1,1,model-in-conversation,PAPv2-Y4-p2
C00186,1,1,0,model-in-conversation,PAPv2-Y4-p2
C00187,1,0,0,model-in-conversation,PAPv2-Y4-p2
C00188,0,,.,model-in-conversation,PAPv2-Y4-p2
C00189,1,1,0,model-in-conversation,PAPv2-Y4-p2
C00190,1,-1,0,model-in-conversation,PAPv2-Y4-p2
C00191,1,0,0,model-in-conversation,PAPv2-Y4-p2
C00192,1,1,0,model-in-conversation,PAPv2-Y4-p2
C00193,1,-1,0,model-in-conversation,PAPv2-Y4-p2
C00194,1,-1,0,model-in-conversation,PAPv2-Y4-p2
C00195,0,,.,model-in-conversation,PAPv2-Y4-p2
C00196,1,0,1,model-in-conversation,PAPv2-Y4-p2
C00197,0,,.,model-in-conversation,PAPv2-Y4-p2
C00198,1,1,0,model-in-conversation,PAPv2-Y4-p2
C00199,0,,.,model-in-conversation,PAPv2-Y4-p2
C00200,1,-1,0,model-in-conversation,PAPv2-Y4-p2
C00201,1,1,0,model-in-conversation,PAPv2-Y4-p2
C00202,0,,.,model-in-conversation,PAPv2-Y4-p2
C00203,1,0,0,model-in-conversation,PAPv2-Y4-p2
C00204,1,0,0,model-in-conversation,PAPv2-Y4-p2
C00205,1,-1,0,model-in-conversation,PAPv2-Y4-p2
C00206,0,,.,model-in-conversation,PAPv2-Y4-p2
C00207,1,1,0,model-in-conversation,PAPv2-Y4-p2
C00208,1,0,1,model-in-conversation,PAPv2-Y4-p2
C00209,1,-1,0,model-in-conversation,PAPv2-Y4-p2
C00210,1,-1,0,model-in-conversation,PAPv2-Y4-p2
C00211,0,,.,model-in-conversation,PAPv2-Y4-p2
C00212,1,-1,0,model-in-conversation,PAPv2-Y4-p2
C00213,0,,.,model-in-conversation,PAPv2-Y4-p2
C00214,1,1,0,model-in-conversation,PAPv2-Y4-p2
C00215,0,,.,model-in-conversation,PAPv2-Y4-p2
C00216,0,,.,model-in-conversation,PAPv2-Y4-p2
C00217,1,1,0,model-in-conversation,PAPv2-Y4-p2
C00218,0,,.,model-in-conversation,PAPv2-Y4-p2
C00219,1,1,1,model-in-conversation,PAPv2-Y4-p2
C00220,1,0,0,model-in-conversation,PAPv2-Y4-p2
C00221,1,0,1,model-in-conversation,PAPv2-Y4-p2
C00222,1,1,0,model-in-conversation,PAPv2-Y4-p2
C00223,1,1,0,model-in-conversation,PAPv2-Y4-p2
C00224,1,1,0,model-in-conversation,PAPv2-Y4-p2
C00225,1,0,1,model-in-conversation,PAPv2-Y4-p2
C00226,1,0,0,model-in-conversation,PAPv2-Y4-p2
C00227,1,-1,0,model-in-conversation,PAPv2-Y4-p2
C00228,1,0,0,model-in-conversation,PAPv2-Y4-p2
C00229,0,,.,model-in-conversation,PAPv2-Y4-p2
C00230,1,0,1,model-in-conversation,PAPv2-Y4-p2
C00231,1,-1,0,model-in-conversation,PAPv2-Y4-p2
C00232,0,,.,model-in-conversation,PAPv2-Y4-p2
C00233,0,,.,model-in-conversation,PAPv2-Y4-p2
C00234,0,,.,model-in-conversation,PAPv2-Y4-p2
C00235,1,0,0,model-in-conversation,PAPv2-Y4-p2
C00236,1,0,0,model-in-conversation,PAPv2-Y4-p2
C00237,1,0,0,model-in-conversation,PAPv2-Y4-p2
C00238,1,-1,0,model-in-conversation,PAPv2-Y4-p2
C00239,1,0,0,model-in-conversation,PAPv2-Y4-p2
C00240,1,1,0,model-in-conversation,PAPv2-Y4-p2
C00241,1,-1,1,model-in-conversation,PAPv2-Y4-p2
C00242,1,0,0,model-in-conversation,PAPv2-Y4-p2
C00243,1,-1,0,model-in-conversation,PAPv2-Y4-p2
C00244,1,0,0,model-in-conversation,PAPv2-Y4-p2
C00245,1,0,0,model-in-conversation,PAPv2-Y4-p2
C00246,1,1,0,model-in-conversation,PAPv2-Y4-p2
C00247,1,1,0,model-in-conversation,PAPv2-Y4-p2
C00248,1,-1,0,model-in-conversation,PAPv2-Y4-p2
C00249,1,-1,0,model-in-conversation,PAPv2-Y4-p2
C00250,1,0,0,model-in-conversation,PAPv2-Y4-p2
C00251,1,1,0,model-in-conversation,PAPv2-Y4-p2
C00252,1,1,0,model-in-conversation,PAPv2-Y4-p2
C00253,0,,.,model-in-conversation,PAPv2-Y4-p2
C00254,0,,.,model-in-conversation,PAPv2-Y4-p2
C00255,1,1,0,model-in-conversation,PAPv2-Y4-p2
C00256,1,0,0,model-in-conversation,PAPv2-Y4-p2
C00257,1,0,0,model-in-conversation,PAPv2-Y4-p2
C00258,1,0,1,model-in-conversation,PAPv2-Y4-p2
C00259,0,,.,model-in-conversation,PAPv2-Y4-p2
C00260,0,,.,model-in-conversation,PAPv2-Y4-p2
C00261,1,0,0,model-in-conversation,PAPv2-Y4-p2
C00262,0,,.,model-in-conversation,PAPv2-Y4-p2
C00263,0,,.,model-in-conversation,PAPv2-Y4-p2
C00264,1,0,0,model-in-conversation,PAPv2-Y4-p2
C00265,1,1,1,model-in-conversation,PAPv2-Y4-p2
C00266,0,,.,model-in-conversation,PAPv2-Y4-p2
C00267,0,,.,model-in-conversation,PAPv2-Y4-p2
C00268,1,-1,0,model-in-conversation,PAPv2-Y4-p2
C00269,0,,.,model-in-conversation,PAPv2-Y4-p2
C00270,1,-1,0,model-in-conversation,PAPv2-Y4-p2
C00271,1,1,0,model-in-conversation,PAPv2-Y4-p2
C00272,1,0,0,model-in-conversation,PAPv2-Y4-p2
C00273,1,-1,0,model-in-conversation,PAPv2-Y4-p2
C00274,0,,.,model-in-conversation,PAPv2-Y4-p2
C00275,1,0,0,model-in-conversation,PAPv2-Y4-p2
C00276,1,-1,0,model-in-conversation,PAPv2-Y4-p2
C00277,1,-1,0,model-in-conversation,PAPv2-Y4-p2
C00278,1,1,0,model-in-conversation,PAPv2-Y4-p2
C00279,1,1,0,model-in-conversation,PAPv2-Y4-p2
C00280,1,1,0,model-in-conversation,PAPv2-Y4-p2
C00281,1,0,1,model-in-conversation,PAPv2-Y4-p2
C00282,1,0,0,model-in-conversation,PAPv2-Y4-p2
C00283,1,1,0,model-in-conversation,PAPv2-Y4-p2
C00284,1,0,0,model-in-conversation,PAPv2-Y4-p2
C00285,1,-1,0,model-in-conversation,PAPv2-Y4-p2
C00286,1,0,0,model-in-conversation,PAPv2-Y4-p2
C00287,1,0,1,model-in-conversation,PAPv2-Y4-p2
C00288,0,,.,model-in-conversation,PAPv2-Y4-p2
C00289,0,,.,model-in-conversation,PAPv2-Y4-p2
C00290,1,1,0,model-in-conversation,PAPv2-Y4-p2
C00291,1,0,1,model-in-conversation,PAPv2-Y4-p2
C00292,0,,.,model-in-conversation,PAPv2-Y4-p2
C00293,1,1,0,model-in-conversation,PAPv2-Y4-p2
C00294,1,1,1,model-in-conversation,PAPv2-Y4-p2
C00295,1,0,0,model-in-conversation,PAPv2-Y4-p2
C00296,1,1,1,model-in-conversation,PAPv2-Y4-p2
C00297,1,0,0,model-in-conversation,PAPv2-Y4-p2
C00298,1,-1,0,model-in-conversation,PAPv2-Y4-p2
C00299,0,,.,model-in-conversation,PAPv2-Y4-p2
C00300,1,0,1,model-in-conversation,PAPv2-Y4-p2
C00301,1,0,0,model-in-conversation,PAPv2-Y4-p2
C00302,0,,.,model-in-conversation,PAPv2-Y4-p2
C00303,1,0,0,model-in-conversation,PAPv2-Y4-p2
C00304,1,0,0,model-in-conversation,PAPv2-Y4-p2
C00305,0,,.,model-in-conversation,PAPv2-Y4-p2
C00306,1,0,0,model-in-conversation,PAPv2-Y4-p2
C00307,1,0,0,model-in-conversation,PAPv2-Y4-p2
C00308,1,-1,0,model-in-conversation,PAPv2-Y4-p2
C00309,1,1,0,model-in-conversation,PAPv2-Y4-p2
C00310,1,0,0,model-in-conversation,PAPv2-Y4-p2
C00311,1,1,0,model-in-conversation,PAPv2-Y4-p2
C00312,1,0,1,model-in-conversation,PAPv2-Y4-p2
C00313,1,1,0,model-in-conversation,PAPv2-Y4-p2
C00314,1,0,0,model-in-conversation,PAPv2-Y4-p2
C00315,0,,.,model-in-conversation,PAPv2-Y4-p2
C00316,1,-1,0,model-in-conversation,PAPv2-Y4-p2
C00317,1,-1,0,model-in-conversation,PAPv2-Y4-p2
C00318,0,,.,model-in-conversation,PAPv2-Y4-p2
C00319,1,-1,0,model-in-conversation,PAPv2-Y4-p2
C00320,1,1,0,model-in-conversation,PAPv2-Y4-p2
C00321,1,0,0,model-in-conversation,PAPv2-Y4-p2
C00322,1,1,1,model-in-conversation,PAPv2-Y4-p2
C00323,0,,.,model-in-conversation,PAPv2-Y4-p2
C00324,0,,.,model-in-conversation,PAPv2-Y4-p2
C00325,0,,.,model-in-conversation,PAPv2-Y4-p2
C00326,1,-1,0,model-in-conversation,PAPv2-Y4-p2
C00327,1,-1,0,model-in-conversation,PAPv2-Y4-p2
C00328,0,,.,model-in-conversation,PAPv2-Y4-p2
C00329,0,,.,model-in-conversation,PAPv2-Y4-p2
C00330,0,,.,model-in-conversation,PAPv2-Y4-p2
C00331,1,0,0,model-in-conversation,PAPv2-Y4-p2
C00332,1,1,0,model-in-conversation,PAPv2-Y4-p2
C00333,0,,.,model-in-conversation,PAPv2-Y4-p2
C00334,1,0,0,model-in-conversation,PAPv2-Y4-p2
C00335,1,1,0,model-in-conversation,PAPv2-Y4-p2
C00336,1,0,0,model-in-conversation,PAPv2-Y4-p2
C00337,0,,.,model-in-conversation,PAPv2-Y4-p2
C00338,0,,.,model-in-conversation,PAPv2-Y4-p2
C00339,1,0,0,model-in-conversation,PAPv2-Y4-p2
C00340,1,0,0,model-in-conversation,PAPv2-Y4-p2
C00341,1,0,1,model-in-conversation,PAPv2-Y4-p2
C00342,1,-1,0,model-in-conversation,PAPv2-Y4-p2
C00343,1,1,0,model-in-conversation,PAPv2-Y4-p2
C00344,0,,.,model-in-conversation,PAPv2-Y4-p2
C00345,1,0,1,model-in-conversation,PAPv2-Y4-p2
C00346,1,0,0,model-in-conversation,PAPv2-Y4-p2
C00347,0,,.,model-in-conversation,PAPv2-Y4-p2
C00348,1,0,0,model-in-conversation,PAPv2-Y4-p2
C00349,1,-1,0,model-in-conversation,PAPv2-Y4-p2
C00350,1,0,0,model-in-conversation,PAPv2-Y4-p2
C00351,1,0,0,model-in-conversation,PAPv2-Y4-p2
C00352,1,1,0,model-in-conversation,PAPv2-Y4-p2
C00353,1,-1,0,model-in-conversation,PAPv2-Y4-p2
C00354,1,1,0,model-in-conversation,PAPv2-Y4-p2
C00355,1,0,0,model-in-conversation,PAPv2-Y4-p2
C00356,1,1,0,model-in-conversation,PAPv2-Y4-p2
C00357,1,0,1,model-in-conversation,PAPv2-Y4-p2
C00358,1,0,0,model-in-conversation,PAPv2-Y4-p2
C00359,1,-1,0,model-in-conversation,PAPv2-Y4-p2
C00360,1,0,0,model-in-conversation,PAPv2-Y4-p2
C00361,1,1,1,model-in-conversation,PAPv2-Y4-p2
C00362,0,,.,model-in-conversation,PAPv2-Y4-p2
C00363,0,,.,model-in-conversation,PAPv2-Y4-p2
C00364,1,0,1,model-in-conversation,PAPv2-Y4-p2
C00365,0,,.,model-in-conversation,PAPv2-Y4-p2
C00366,1,0,1,model-in-conversation,PAPv2-Y4-p2
C00367,1,0,0,model-in-conversation,PAPv2-Y4-p2
C00368,0,,.,model-in-conversation,PAPv2-Y4-p2
C00369,1,1,0,model-in-conversation,PAPv2-Y4-p2
C00370,1,1,0,model-in-conversation,PAPv2-Y4-p2
C00371,0,,.,model-in-conversation,PAPv2-Y4-p2
C00372,0,,.,model-in-conversation,PAPv2-Y4-p2
C00373,1,0,0,model-in-conversation,PAPv2-Y4-p2
C00374,1,1,1,model-in-conversation,PAPv2-Y4-p2
C00375,1,1,0,model-in-conversation,PAPv2-Y4-p2
C00376,1,1,1,model-in-conversation,PAPv2-Y4-p2
C00377,0,,.,model-in-conversation,PAPv2-Y4-p2
C00378,0,,.,model-in-conversation,PAPv2-Y4-p2
C00379,0,,.,model-in-conversation,PAPv2-Y4-p2
C00380,1,0,0,model-in-conversation,PAPv2-Y4-p2
C00381,1,1,0,model-in-conversation,PAPv2-Y4-p2
C00382,1,1,0,model-in-conversation,PAPv2-Y4-p2
C00383,0,,.,model-in-conversation,PAPv2-Y4-p2
C00384,0,,.,model-in-conversation,PAPv2-Y4-p2
C00385,0,,.,model-in-conversation,PAPv2-Y4-p2
C00386,1,1,1,model-in-conversation,PAPv2-Y4-p2
C00387,1,1,0,model-in-conversation,PAPv2-Y4-p2
C00388,1,1,0,model-in-conversation,PAPv2-Y4-p2
C00389,0,,.,model-in-conversation,PAPv2-Y4-p2
C00390,0,,.,model-in-conversation,PAPv2-Y4-p2
C00391,1,0,1,model-in-conversation,PAPv2-Y4-p2
C00392,1,-1,0,model-in-conversation,PAPv2-Y4-p2
C00393,0,,.,model-in-conversation,PAPv2-Y4-p2
C00394,0,,.,model-in-conversation,PAPv2-Y4-p2
C00395,0,,.,model-in-conversation,PAPv2-Y4-p2
C00396,1,0,1,model-in-conversation,PAPv2-Y4-p2
C00397,0,,.,model-in-conversation,PAPv2-Y4-p2
C00398,1,0,0,model-in-conversation,PAPv2-Y4-p2
C00399,0,,.,model-in-conversation,PAPv2-Y4-p2
C00400,0,,.,model-in-conversation,PAPv2-Y4-p2
C00401,1,0,0,model-in-conversation,PAPv2-Y4-p2
C00402,0,,.,model-in-conversation,PAPv2-Y4-p2
C00403,1,0,0,model-in-conversation,PAPv2-Y4-p2
C00404,1,0,0,model-in-conversation,PAPv2-Y4-p2
C00405,0,,.,model-in-conversation,PAPv2-Y4-p2
C00406,1,0,0,model-in-conversation,PAPv2-Y4-p2
C00407,0,,.,model-in-conversation,PAPv2-Y4-p2
C00408,1,-1,0,model-in-conversation,PAPv2-Y4-p2
C00409,1,1,0,model-in-conversation,PAPv2-Y4-p2
C00410,1,0,0,model-in-conversation,PAPv2-Y4-p2
C00411,0,,.,model-in-conversation,PAPv2-Y4-p2
C00412,0,,.,model-in-conversation,PAPv2-Y4-p2
C00413,0,,.,model-in-conversation,PAPv2-Y4-p2
C00414,1,1,0,model-in-conversation,PAPv2-Y4-p2
C00415,0,,.,model-in-conversation,PAPv2-Y4-p2
C00416,1,-1,0,model-in-conversation,PAPv2-Y4-p2
C00417,1,-1,0,model-in-conversation,PAPv2-Y4-p2
C00418,0,,.,model-in-conversation,PAPv2-Y4-p2
C00419,1,0,0,model-in-conversation,PAPv2-Y4-p2
C00420,1,-1,0,model-in-conversation,PAPv2-Y4-p2
C00421,1,1,0,model-in-conversation,PAPv2-Y4-p2
C00422,0,,.,model-in-conversation,PAPv2-Y4-p2
C00423,1,1,1,model-in-conversation,PAPv2-Y4-p2
C00424,0,,.,model-in-conversation,PAPv2-Y4-p2
C00425,0,,.,model-in-conversation,PAPv2-Y4-p2
C00426,0,,.,model-in-conversation,PAPv2-Y4-p2
C00427,0,,.,model-in-conversation,PAPv2-Y4-p2
C00428,1,0,0,model-in-conversation,PAPv2-Y4-p2
C00429,0,,.,model-in-conversation,PAPv2-Y4-p2
C00430,0,,.,model-in-conversation,PAPv2-Y4-p2
C00431,0,,.,model-in-conversation,PAPv2-Y4-p2
C00432,1,1,1,model-in-conversation,PAPv2-Y4-p2
C00433,1,-1,0,model-in-conversation,PAPv2-Y4-p2
C00434,1,0,1,model-in-conversation,PAPv2-Y4-p2
C00435,1,1,0,model-in-conversation,PAPv2-Y4-p2
C00436,1,-1,0,model-in-conversation,PAPv2-Y4-p2
C00437,0,,.,model-in-conversation,PAPv2-Y4-p2
C00438,0,,.,model-in-conversation,PAPv2-Y4-p2
C00439,1,0,0,model-in-conversation,PAPv2-Y4-p2
C00440,0,,.,model-in-conversation,PAPv2-Y4-p2
C00441,1,1,0,model-in-conversation,PAPv2-Y4-p2
C00442,1,0,1,model-in-conversation,PAPv2-Y4-p2
C00443,0,,.,model-in-conversation,PAPv2-Y4-p2
C00444,0,,.,model-in-conversation,PAPv2-Y4-p2
C00445,1,0,0,model-in-conversation,PAPv2-Y4-p2
C00446,1,1,1,model-in-conversation,PAPv2-Y4-p2
C00447,0,,.,model-in-conversation,PAPv2-Y4-p2
C00448,1,0,1,model-in-conversation,PAPv2-Y4-p2
C00449,0,,.,model-in-conversation,PAPv2-Y4-p2
C00450,1,-1,0,model-in-conversation,PAPv2-Y4-p2
C00451,0,,.,model-in-conversation,PAPv2-Y4-p2
C00452,0,,.,model-in-conversation,PAPv2-Y4-p2
C00453,1,1,0,model-in-conversation,PAPv2-Y4-p2
C00454,0,,.,model-in-conversation,PAPv2-Y4-p2
C00455,1,-1,1,model-in-conversation,PAPv2-Y4-p2
C00456,1,1,1,model-in-conversation,PAPv2-Y4-p2
C00457,1,0,0,model-in-conversation,PAPv2-Y4-p2
C00458,1,1,0,model-in-conversation,PAPv2-Y4-p2
C00459,0,,.,model-in-conversation,PAPv2-Y4-p2
C00460,1,-1,0,model-in-conversation,PAPv2-Y4-p2
C00461,1,0,1,model-in-conversation,PAPv2-Y4-p2
C00462,1,-1,0,model-in-conversation,PAPv2-Y4-p2
C00463,1,0,0,model-in-conversation,PAPv2-Y4-p2
C00464,0,,.,model-in-conversation,PAPv2-Y4-p2
C00465,1,1,0,model-in-conversation,PAPv2-Y4-p2
C00466,0,,.,model-in-conversation,PAPv2-Y4-p2
C00467,1,-1,1,model-in-conversation,PAPv2-Y4-p2
C00468,0,,.,model-in-conversation,PAPv2-Y4-p2
C00469,1,0,0,model-in-conversation,PAPv2-Y4-p2
C00470,0,,.,model-in-conversation,PAPv2-Y4-p2
C00471,0,,.,model-in-conversation,PAPv2-Y4-p2
C00472,1,0,0,model-in-conversation,PAPv2-Y4-p2
C00473,0,,.,model-in-conversation,PAPv2-Y4-p2
C00474,1,-1,0,model-in-conversation,PAPv2-Y4-p2
C00475,0,,.,model-in-conversation,PAPv2-Y4-p2
C00476,1,1,1,model-in-conversation,PAPv2-Y4-p2
C00477,1,0,0,model-in-conversation,PAPv2-Y4-p2
C00478,1,1,0,model-in-conversation,PAPv2-Y4-p2
C00479,0,,.,model-in-conversation,PAPv2-Y4-p2
C00480,1,0,0,model-in-conversation,PAPv2-Y4-p2
C00481,1,0,1,model-in-conversation,PAPv2-Y4-p2
C00482,1,0,0,model-in-conversation,PAPv2-Y4-p2
C00483,1,-1,0,model-in-conversation,PAPv2-Y4-p2
C00484,0,,.,model-in-conversation,PAPv2-Y4-p2
C00485,1,1,1,model-in-conversation,PAPv2-Y4-p2
C00486,1,-1,1,model-in-conversation,PAPv2-Y4-p2
C00487,0,,.,model-in-conversation,PAPv2-Y4-p2
C00488,0,,.,model-in-conversation,PAPv2-Y4-p2
C00489,0,,.,model-in-conversation,PAPv2-Y4-p2
C00490,0,,.,model-in-conversation,PAPv2-Y4-p2
C00491,1,1,0,model-in-conversation,PAPv2-Y4-p2
C00492,1,-1,0,model-in-conversation,PAPv2-Y4-p2
C00493,0,,.,model-in-conversation,PAPv2-Y4-p2
C00494,1,1,1,model-in-conversation,PAPv2-Y4-p2
C00495,1,-1,0,model-in-conversation,PAPv2-Y4-p2
C00496,1,1,0,model-in-conversation,PAPv2-Y4-p2
C00497,1,0,0,model-in-conversation,PAPv2-Y4-p2
C00498,1,-1,0,model-in-conversation,PAPv2-Y4-p2
C00499,1,-1,0,model-in-conversation,PAPv2-Y4-p2
C00500,0,,.,model-in-conversation,PAPv2-Y4-p2
C00501,0,,.,model-in-conversation,PAPv2-Y4-p2
C00502,1,0,0,model-in-conversation,PAPv2-Y4-p2
C00503,0,,.,model-in-conversation,PAPv2-Y4-p2
C00504,1,0,1,model-in-conversation,PAPv2-Y4-p2
C00505,1,0,1,model-in-conversation,PAPv2-Y4-p2
C00506,0,,.,model-in-conversation,PAPv2-Y4-p2
C00507,0,,.,model-in-conversation,PAPv2-Y4-p2
C00508,1,0,0,model-in-conversation,PAPv2-Y4-p2
C00509,0,,.,model-in-conversation,PAPv2-Y4-p2
C00510,0,,.,model-in-conversation,PAPv2-Y4-p2
C00511,0,,.,model-in-conversation,PAPv2-Y4-p2
C00512,1,0,0,model-in-conversation,PAPv2-Y4-p2
C00513,1,-1,0,model-in-conversation,PAPv2-Y4-p2
C00514,0,,.,model-in-conversation,PAPv2-Y4-p2
C00515,0,,.,model-in-conversation,PAPv2-Y4-p2
C00516,0,,.,model-in-conversation,PAPv2-Y4-p2
C00517,0,,.,model-in-conversation,PAPv2-Y4-p2
C00518,1,-1,1,model-in-conversation,PAPv2-Y4-p2
C00519,1,1,0,model-in-conversation,PAPv2-Y4-p2
C00520,1,0,0,model-in-conversation,PAPv2-Y4-p2
C00521,1,0,1,model-in-conversation,PAPv2-Y4-p2
C00522,0,,.,model-in-conversation,PAPv2-Y4-p2
C00523,0,,.,model-in-conversation,PAPv2-Y4-p2
C00524,0,,.,model-in-conversation,PAPv2-Y4-p2
C00525,0,,.,model-in-conversation,PAPv2-Y4-p2
C00526,0,,.,model-in-conversation,PAPv2-Y4-p2
C00527,1,1,1,model-in-conversation,PAPv2-Y4-p2
C00528,1,-1,0,model-in-conversation,PAPv2-Y4-p2
C00529,1,0,0,model-in-conversation,PAPv2-Y4-p2
C00530,1,0,0,model-in-conversation,PAPv2-Y4-p2
C00531,0,,.,model-in-conversation,PAPv2-Y4-p2
C00532,1,1,0,model-in-conversation,PAPv2-Y4-p2
C00533,0,,.,model-in-conversation,PAPv2-Y4-p2
C00534,1,0,0,model-in-conversation,PAPv2-Y4-p2
C00535,0,,.,model-in-conversation,PAPv2-Y4-p2
C00536,1,1,0,model-in-conversation,PAPv2-Y4-p2
C00537,1,1,0,model-in-conversation,PAPv2-Y4-p2
C00538,1,1,0,model-in-conversation,PAPv2-Y4-p2
C00539,0,,.,model-in-conversation,PAPv2-Y4-p2
C00540,0,,.,model-in-conversation,PAPv2-Y4-p2
C00541,1,-1,0,model-in-conversation,PAPv2-Y4-p2
C00542,1,-1,0,model-in-conversation,PAPv2-Y4-p2
C00543,0,,.,model-in-conversation,PAPv2-Y4-p2
C00544,1,1,0,model-in-conversation,PAPv2-Y4-p2
C00545,1,0,0,model-in-conversation,PAPv2-Y4-p2
C00546,0,,.,model-in-conversation,PAPv2-Y4-p2
C00547,0,,.,model-in-conversation,PAPv2-Y4-p2
C00548,1,0,1,model-in-conversation,PAPv2-Y4-p2
C00549,0,,.,model-in-conversation,PAPv2-Y4-p2
C00550,0,,.,model-in-conversation,PAPv2-Y4-p2
C00551,0,,.,model-in-conversation,PAPv2-Y4-p2
C00552,1,-1,0,model-in-conversation,PAPv2-Y4-p2
C00553,1,0,0,model-in-conversation,PAPv2-Y4-p2
C00554,1,-1,0,model-in-conversation,PAPv2-Y4-p2
C00555,0,,.,model-in-conversation,PAPv2-Y4-p2
C00556,0,,.,model-in-conversation,PAPv2-Y4-p2
C00557,1,0,0,model-in-conversation,PAPv2-Y4-p2
C00558,1,0,0,model-in-conversation,PAPv2-Y4-p2
C00559,1,1,0,model-in-conversation,PAPv2-Y4-p2
C00560,1,-1,0,model-in-conversation,PAPv2-Y4-p2
C00561,1,1,0,model-in-conversation,PAPv2-Y4-p2
C00562,1,0,0,model-in-conversation,PAPv2-Y4-p2
C00563,0,,.,model-in-conversation,PAPv2-Y4-p2
C00564,1,1,0,model-in-conversation,PAPv2-Y4-p2
C00565,1,-1,0,model-in-conversation,PAPv2-Y4-p2
C00566,1,0,0,model-in-conversation,PAPv2-Y4-p2
C00567,0,,.,model-in-conversation,PAPv2-Y4-p2
C00568,1,1,1,model-in-conversation,PAPv2-Y4-p2
C00569,0,,.,model-in-conversation,PAPv2-Y4-p2
C00570,0,,.,model-in-conversation,PAPv2-Y4-p2
C00571,1,0,0,model-in-conversation,PAPv2-Y4-p2
C00572,1,1,0,model-in-conversation,PAPv2-Y4-p2
C00573,1,0,0,model-in-conversation,PAPv2-Y4-p2
C00574,1,-1,0,model-in-conversation,PAPv2-Y4-p2
C00575,1,-1,0,model-in-conversation,PAPv2-Y4-p2
C00576,1,0,0,model-in-conversation,PAPv2-Y4-p2
C00577,1,1,0,model-in-conversation,PAPv2-Y4-p2
C00578,0,,.,model-in-conversation,PAPv2-Y4-p2
C00579,1,0,0,model-in-conversation,PAPv2-Y4-p2
C00580,0,,.,model-in-conversation,PAPv2-Y4-p2
C00581,0,,.,model-in-conversation,PAPv2-Y4-p2
C00582,1,0,0,model-in-conversation,PAPv2-Y4-p2
C00583,0,,.,model-in-conversation,PAPv2-Y4-p2
C00584,0,,.,model-in-conversation,PAPv2-Y4-p2
C00585,1,0,0,model-in-conversation,PAPv2-Y4-p2
C00586,1,-1,0,model-in-conversation,PAPv2-Y4-p2
C00587,1,0,1,model-in-conversation,PAPv2-Y4-p2
C00588,1,-1,0,model-in-conversation,PAPv2-Y4-p2
C00589,0,,.,model-in-conversation,PAPv2-Y4-p2
C00590,1,0,1,model-in-conversation,PAPv2-Y4-p2
C00591,0,,.,model-in-conversation,PAPv2-Y4-p2
C00592,0,,.,model-in-conversation,PAPv2-Y4-p2
C00593,1,1,0,model-in-conversation,PAPv2-Y4-p2
C00594,1,0,1,model-in-conversation,PAPv2-Y4-p2
C00595,1,-1,0,model-in-conversation,PAPv2-Y4-p2
C00596,0,,.,model-in-conversation,PAPv2-Y4-p2
C00597,1,1,0,model-in-conversation,PAPv2-Y4-p2
C00598,1,0,0,model-in-conversation,PAPv2-Y4-p2
C00599,0,,.,model-in-conversation,PAPv2-Y4-p2
C00600,1,0,0,model-in-conversation,PAPv2-Y4-p2
C00601,1,0,1,model-in-conversation,PAPv2-Y4-p2
C00602,1,0,0,model-in-conversation,PAPv2-Y4-p2
C00603,1,-1,0,model-in-conversation,PAPv2-Y4-p2
C00604,1,0,0,model-in-conversation,PAPv2-Y4-p2
C00605,1,0,0,model-in-conversation,PAPv2-Y4-p2
C00606,0,,.,model-in-conversation,PAPv2-Y4-p2
C00607,0,,.,model-in-conversation,PAPv2-Y4-p2
C00608,0,,.,model-in-conversation,PAPv2-Y4-p2
C00609,1,1,1,model-in-conversation,PAPv2-Y4-p2
C00610,1,0,0,model-in-conversation,PAPv2-Y4-p2
C00611,1,1,0,model-in-conversation,PAPv2-Y4-p2
C00612,1,1,0,model-in-conversation,PAPv2-Y4-p2
C00613,1,-1,0,model-in-conversation,PAPv2-Y4-p2
C00614,1,-1,0,model-in-conversation,PAPv2-Y4-p2
C00615,1,-1,0,model-in-conversation,PAPv2-Y4-p2
C00616,0,,.,model-in-conversation,PAPv2-Y4-p2
C00617,0,,.,model-in-conversation,PAPv2-Y4-p2
C00618,0,,.,model-in-conversation,PAPv2-Y4-p2
C00619,1,1,0,model-in-conversation,PAPv2-Y4-p2
C00620,1,0,0,model-in-conversation,PAPv2-Y4-p2
C00621,0,,.,model-in-conversation,PAPv2-Y4-p2
C00622,1,0,0,model-in-conversation,PAPv2-Y4-p2
C00623,1,0,0,model-in-conversation,PAPv2-Y4-p2
C00624,0,,.,model-in-conversation,PAPv2-Y4-p2
C00625,1,-1,1,model-in-conversation,PAPv2-Y4-p2
C00626,1,-1,0,model-in-conversation,PAPv2-Y4-p2
C00627,0,,.,model-in-conversation,PAPv2-Y4-p2
C00628,1,0,0,model-in-conversation,PAPv2-Y4-p2
C00629,1,0,0,model-in-conversation,PAPv2-Y4-p2
C00630,0,,.,model-in-conversation,PAPv2-Y4-p2
C00631,1,-1,0,model-in-conversation,PAPv2-Y4-p2
C00632,1,-1,1,model-in-conversation,PAPv2-Y4-p2
C00633,1,0,0,model-in-conversation,PAPv2-Y4-p2
C00634,0,,.,model-in-conversation,PAPv2-Y4-p2
C00635,1,0,0,model-in-conversation,PAPv2-Y4-p2
C00636,1,-1,0,model-in-conversation,PAPv2-Y4-p2
C00637,1,0,0,model-in-conversation,PAPv2-Y4-p2
C00638,0,,.,model-in-conversation,PAPv2-Y4-p2
C00639,1,0,0,model-in-conversation,PAPv2-Y4-p2
C00640,0,,.,model-in-conversation,PAPv2-Y4-p2
C00641,1,-1,0,model-in-conversation,PAPv2-Y4-p2
C00642,1,0,0,model-in-conversation,PAPv2-Y4-p2
C00643,1,-1,0,model-in-conversation,PAPv2-Y4-p2
C00644,1,0,0,model-in-conversation,PAPv2-Y4-p2
C00645,1,-1,0,model-in-conversation,PAPv2-Y4-p2
C00646,1,1,0,model-in-conversation,PAPv2-Y4-p2
C00647,1,0,0,model-in-conversation,PAPv2-Y4-p2
C00648,1,0,0,model-in-conversation,PAPv2-Y4-p2
C00649,1,1,1,model-in-conversation,PAPv2-Y4-p2
C00650,1,0,0,model-in-conversation,PAPv2-Y4-p2
C00651,0,,.,model-in-conversation,PAPv2-Y4-p2
C00652,0,,.,model-in-conversation,PAPv2-Y4-p2
C00653,1,1,0,model-in-conversation,PAPv2-Y4-p2
C00654,0,,.,model-in-conversation,PAPv2-Y4-p2
C00655,1,1,0,model-in-conversation,PAPv2-Y4-p2
C00656,1,-1,1,model-in-conversation,PAPv2-Y4-p2
C00657,0,,.,model-in-conversation,PAPv2-Y4-p2
C00658,1,-1,0,model-in-conversation,PAPv2-Y4-p2
C00659,1,0,0,model-in-conversation,PAPv2-Y4-p2
C00660,1,-1,0,model-in-conversation,PAPv2-Y4-p2
C00661,1,-1,1,model-in-conversation,PAPv2-Y4-p2
C00662,1,-1,0,model-in-conversation,PAPv2-Y4-p2
C00663,0,,.,model-in-conversation,PAPv2-Y4-p2
C00664,0,,.,model-in-conversation,PAPv2-Y4-p2
C00665,0,,.,model-in-conversation,PAPv2-Y4-p2
C00666,1,0,0,model-in-conversation,PAPv2-Y4-p2
C00667,1,-1,0,model-in-conversation,PAPv2-Y4-p2
C00668,1,0,1,model-in-conversation,PAPv2-Y4-p2
C00669,0,,.,model-in-conversation,PAPv2-Y4-p2
C00670,1,0,0,model-in-conversation,PAPv2-Y4-p2
C00671,1,1,0,model-in-conversation,PAPv2-Y4-p2
C00672,1,1,0,model-in-conversation,PAPv2-Y4-p2
C00673,1,0,0,model-in-conversation,PAPv2-Y4-p2
C00674,0,,.,model-in-conversation,PAPv2-Y4-p2
C00675,1,1,0,model-in-conversation,PAPv2-Y4-p2
C00676,1,0,0,model-in-conversation,PAPv2-Y4-p2
C00677,1,1,0,model-in-conversation,PAPv2-Y4-p2
C00678,1,-1,0,model-in-conversation,PAPv2-Y4-p2
C00679,1,1,0,model-in-conversation,PAPv2-Y4-p2
C00680,1,1,1,model-in-conversation,PAPv2-Y4-p2
C00681,0,,.,model-in-conversation,PAPv2-Y4-p2
C00682,0,,.,model-in-conversation,PAPv2-Y4-p2
C00683,0,,.,model-in-conversation,PAPv2-Y4-p2
C00684,1,0,0,model-in-conversation,PAPv2-Y4-p2
C00685,1,1,0,model-in-conversation,PAPv2-Y4-p2
C00686,0,,.,model-in-conversation,PAPv2-Y4-p2
C00687,1,0,0,model-in-conversation,PAPv2-Y4-p2
C00688,1,-1,0,model-in-conversation,PAPv2-Y4-p2
C00689,0,,.,model-in-conversation,PAPv2-Y4-p2
C00690,0,,.,model-in-conversation,PAPv2-Y4-p2
C00691,1,0,0,model-in-conversation,PAPv2-Y4-p2
C00692,1,1,0,model-in-conversation,PAPv2-Y4-p2
C00693,1,0,0,model-in-conversation,PAPv2-Y4-p2
C00694,1,-1,0,model-in-conversation,PAPv2-Y4-p2
C00695,1,0,0,model-in-conversation,PAPv2-Y4-p2
C00696,0,,.,model-in-conversation,PAPv2-Y4-p2
C00697,1,1,0,model-in-conversation,PAPv2-Y4-p2
C00698,0,,.,model-in-conversation,PAPv2-Y4-p2
C00699,0,,.,model-in-conversation,PAPv2-Y4-p2
C00700,0,,.,model-in-conversation,PAPv2-Y4-p2
C00701,1,1,0,model-in-conversation,PAPv2-Y4-p2
C00702,0,,.,model-in-conversation,PAPv2-Y4-p2
C00703,0,,.,model-in-conversation,PAPv2-Y4-p2
C00704,0,,.,model-in-conversation,PAPv2-Y4-p2
C00705,1,0,0,model-in-conversation,PAPv2-Y4-p2
C00706,0,,.,model-in-conversation,PAPv2-Y4-p2
C00707,1,1,1,model-in-conversation,PAPv2-Y4-p2
C00708,1,1,0,model-in-conversation,PAPv2-Y4-p2
C00709,0,,.,model-in-conversation,PAPv2-Y4-p2
C00710,0,,.,model-in-conversation,PAPv2-Y4-p2
C00711,1,-1,1,model-in-conversation,PAPv2-Y4-p2
C00712,1,1,0,model-in-conversation,PAPv2-Y4-p2
C00713,0,,.,model-in-conversation,PAPv2-Y4-p2
C00714,1,0,0,model-in-conversation,PAPv2-Y4-p2
C00715,1,-1,0,model-in-conversation,PAPv2-Y4-p2
C00716,0,,.,model-in-conversation,PAPv2-Y4-p2
C00717,1,1,0,model-in-conversation,PAPv2-Y4-p2
C00718,1,0,0,model-in-conversation,PAPv2-Y4-p2
C00719,0,,.,model-in-conversation,PAPv2-Y4-p2
C00720,0,,.,model-in-conversation,PAPv2-Y4-p2
C00721,1,1,0,model-in-conversation,PAPv2-Y4-p2
C00722,0,,.,model-in-conversation,PAPv2-Y4-p2
C00723,1,0,1,model-in-conversation,PAPv2-Y4-p2
C00724,1,0,0,model-in-conversation,PAPv2-Y4-p2
C00725,1,0,0,model-in-conversation,PAPv2-Y4-p2
C00726,1,1,0,model-in-conversation,PAPv2-Y4-p2
C00727,0,,.,model-in-conversation,PAPv2-Y4-p2
C00728,1,0,0,model-in-conversation,PAPv2-Y4-p2
C00729,1,0,0,model-in-conversation,PAPv2-Y4-p2
C00730,1,0,1,model-in-conversation,PAPv2-Y4-p2
C00731,1,1,1,model-in-conversation,PAPv2-Y4-p2
C00732,1,1,0,model-in-conversation,PAPv2-Y4-p2
C00733,0,,.,model-in-conversation,PAPv2-Y4-p2
C00734,1,0,0,model-in-conversation,PAPv2-Y4-p2
C00735,0,,.,model-in-conversation,PAPv2-Y4-p2
C00736,1,1,0,model-in-conversation,PAPv2-Y4-p2
C00737,1,0,0,model-in-conversation,PAPv2-Y4-p2
C00738,1,0,0,model-in-conversation,PAPv2-Y4-p2
C00739,0,,.,model-in-conversation,PAPv2-Y4-p2
C00740,1,0,0,model-in-conversation,PAPv2-Y4-p2
C00741,1,0,0,model-in-conversation,PAPv2-Y4-p2
C00742,0,,.,model-in-conversation,PAPv2-Y4-p2
C00743,1,0,0,model-in-conversation,PAPv2-Y4-p2
C00744,0,,.,model-in-conversation,PAPv2-Y4-p2
C00745,1,1,0,model-in-conversation,PAPv2-Y4-p2
C00746,1,-1,0,model-in-conversation,PAPv2-Y4-p2
C00747,0,,.,model-in-conversation,PAPv2-Y4-p2
C00748,0,,.,model-in-conversation,PAPv2-Y4-p2
C00749,1,0,0,model-in-conversation,PAPv2-Y4-p2
C00750,1,1,0,model-in-conversation,PAPv2-Y4-p2
C00751,1,1,0,model-in-conversation,PAPv2-Y4-p2
C00752,0,,.,model-in-conversation,PAPv2-Y4-p2
C00753,0,,.,model-in-conversation,PAPv2-Y4-p2
C00754,0,,.,model-in-conversation,PAPv2-Y4-p2
C00755,0,,.,model-in-conversation,PAPv2-Y4-p2
C00756,1,-1,0,model-in-conversation,PAPv2-Y4-p2
C00757,1,1,1,model-in-conversation,PAPv2-Y4-p2
C00758,0,,.,model-in-conversation,PAPv2-Y4-p2
C00759,1,1,0,model-in-conversation,PAPv2-Y4-p2
C00760,1,1,0,model-in-conversation,PAPv2-Y4-p2
C00761,0,,.,model-in-conversation,PAPv2-Y4-p2
C00762,1,0,0,model-in-conversation,PAPv2-Y4-p2
C00763,1,1,0,model-in-conversation,PAPv2-Y4-p2
C00764,0,,.,model-in-conversation,PAPv2-Y4-p2
C00765,1,0,0,model-in-conversation,PAPv2-Y4-p2
C00766,0,,.,model-in-conversation,PAPv2-Y4-p2
C00767,0,,.,model-in-conversation,PAPv2-Y4-p2
C00768,1,-1,1,model-in-conversation,PAPv2-Y4-p2
C00769,0,,.,model-in-conversation,PAPv2-Y4-p2
C00770,1,0,0,model-in-conversation,PAPv2-Y4-p2
C00771,1,0,1,model-in-conversation,PAPv2-Y4-p2
C00772,0,,.,model-in-conversation,PAPv2-Y4-p2
C00773,1,1,0,model-in-conversation,PAPv2-Y4-p2
C00774,1,1,1,model-in-conversation,PAPv2-Y4-p2
C00775,1,0,1,model-in-conversation,PAPv2-Y4-p2
C00776,1,-1,0,model-in-conversation,PAPv2-Y4-p2
C00777,1,1,0,model-in-conversation,PAPv2-Y4-p2
C00778,0,,.,model-in-conversation,PAPv2-Y4-p2
C00779,1,-1,0,model-in-conversation,PAPv2-Y4-p2
C00780,1,0,0,model-in-conversation,PAPv2-Y4-p2
C00781,1,0,0,model-in-conversation,PAPv2-Y4-p2
C00782,1,0,1,model-in-conversation,PAPv2-Y4-p2
C00783,0,,.,model-in-conversation,PAPv2-Y4-p2
C00784,0,,.,model-in-conversation,PAPv2-Y4-p2
C00785,0,,.,model-in-conversation,PAPv2-Y4-p2
C00786,0,,.,model-in-conversation,PAPv2-Y4-p2
C00787,0,,.,model-in-conversation,PAPv2-Y4-p2
C00788,1,0,0,model-in-conversation,PAPv2-Y4-p2
C00789,0,,.,model-in-conversation,PAPv2-Y4-p2
C00790,1,-1,1,model-in-conversation,PAPv2-Y4-p2
C00791,1,1,0,model-in-conversation,PAPv2-Y4-p2
C00792,1,0,0,model-in-conversation,PAPv2-Y4-p2
C00793,1,0,0,model-in-conversation,PAPv2-Y4-p2
C00794,0,,.,model-in-conversation,PAPv2-Y4-p2
C00795,1,1,0,model-in-conversation,PAPv2-Y4-p2
C00796,0,,.,model-in-conversation,PAPv2-Y4-p2
C00797,1,0,0,model-in-conversation,PAPv2-Y4-p2
C00798,1,-1,0,model-in-conversation,PAPv2-Y4-p2
C00799,1,1,0,model-in-conversation,PAPv2-Y4-p2
C00800,0,,.,model-in-conversation,PAPv2-Y4-p2
C00801,1,1,0,model-in-conversation,PAPv2-Y4-p2
C00802,0,,.,model-in-conversation,PAPv2-Y4-p2
C00803,1,1,0,model-in-conversation,PAPv2-Y4-p2
C00804,0,,.,model-in-conversation,PAPv2-Y4-p2
C00805,0,,.,model-in-conversation,PAPv2-Y4-p2
C00806,1,1,0,model-in-conversation,PAPv2-Y4-p2
C00807,1,0,0,model-in-conversation,PAPv2-Y4-p2
C00808,0,,.,model-in-conversation,PAPv2-Y4-p2
C00809,0,,.,model-in-conversation,PAPv2-Y4-p2
C00810,1,0,0,model-in-conversation,PAPv2-Y4-p2
C00811,1,-1,0,model-in-conversation,PAPv2-Y4-p2
C00812,1,1,1,model-in-conversation,PAPv2-Y4-p2
C00813,0,,.,model-in-conversation,PAPv2-Y4-p2
C00814,0,,.,model-in-conversation,PAPv2-Y4-p2
C00815,1,-1,0,model-in-conversation,PAPv2-Y4-p2
C00816,0,,.,model-in-conversation,PAPv2-Y4-p2
C00817,1,0,1,model-in-conversation,PAPv2-Y4-p2
C00818,1,1,0,model-in-conversation,PAPv2-Y4-p2
C00819,0,,.,model-in-conversation,PAPv2-Y4-p2
C00820,1,1,0,model-in-conversation,PAPv2-Y4-p2
C00821,1,0,0,model-in-conversation,PAPv2-Y4-p2
C00822,0,,.,model-in-conversation,PAPv2-Y4-p2
C00823,1,0,0,model-in-conversation,PAPv2-Y4-p2
C00824,0,,.,model-in-conversation,PAPv2-Y4-p2
C00825,0,,.,model-in-conversation,PAPv2-Y4-p2
C00826,1,1,0,model-in-conversation,PAPv2-Y4-p2
C00827,1,1,1,model-in-conversation,PAPv2-Y4-p2
C00828,1,-1,0,model-in-conversation,PAPv2-Y4-p2
C00829,1,-1,0,model-in-conversation,PAPv2-Y4-p2
C00830,1,0,1,model-in-conversation,PAPv2-Y4-p2
C00831,0,,.,model-in-conversation,PAPv2-Y4-p2
C00832,0,,.,model-in-conversation,PAPv2-Y4-p2
C00833,1,0,0,model-in-conversation,PAPv2-Y4-p2
C00834,1,0,0,model-in-conversation,PAPv2-Y4-p2
C00835,1,-1,1,model-in-conversation,PAPv2-Y4-p2
C00836,0,,.,model-in-conversation,PAPv2-Y4-p2
C00837,0,,.,model-in-conversation,PAPv2-Y4-p2
C00838,0,,.,model-in-conversation,PAPv2-Y4-p2
C00839,1,-1,0,model-in-conversation,PAPv2-Y4-p2
C00840,0,,.,model-in-conversation,PAPv2-Y4-p2
C00841,1,1,0,model-in-conversation,PAPv2-Y4-p2
C00842,1,0,0,model-in-conversation,PAPv2-Y4-p2
C00843,1,1,0,model-in-conversation,PAPv2-Y4-p2
C00844,0,,.,model-in-conversation,PAPv2-Y4-p2
C00845,1,1,1,model-in-conversation,PAPv2-Y4-p2
C00846,0,,.,model-in-conversation,PAPv2-Y4-p2
C00847,1,0,0,model-in-conversation,PAPv2-Y4-p2
C00848,1,1,1,model-in-conversation,PAPv2-Y4-p2
C00849,0,,.,model-in-conversation,PAPv2-Y4-p2
C00850,0,,.,model-in-conversation,PAPv2-Y4-p2
C00851,0,,.,model-in-conversation,PAPv2-Y4-p2
C00852,1,-1,0,model-in-conversation,PAPv2-Y4-p2
C00853,1,-1,0,model-in-conversation,PAPv2-Y4-p2
C00854,0,,.,model-in-conversation,PAPv2-Y4-p2
C00855,1,0,0,model-in-conversation,PAPv2-Y4-p2
C00856,0,,.,model-in-conversation,PAPv2-Y4-p2
C00857,1,1,1,model-in-conversation,PAPv2-Y4-p2
C00858,1,0,0,model-in-conversation,PAPv2-Y4-p2
C00859,0,,.,model-in-conversation,PAPv2-Y4-p2
C00860,0,,.,model-in-conversation,PAPv2-Y4-p2
C00861,0,,.,model-in-conversation,PAPv2-Y4-p2
C00862,1,1,0,model-in-conversation,PAPv2-Y4-p2
C00863,0,,.,model-in-conversation,PAPv2-Y4-p2
C00864,0,,.,model-in-conversation,PAPv2-Y4-p2
C00865,1,0,1,model-in-conversation,PAPv2-Y4-p2
C00866,1,-1,0,model-in-conversation,PAPv2-Y4-p2
C00867,1,0,0,model-in-conversation,PAPv2-Y4-p2
C00868,1,1,0,model-in-conversation,PAPv2-Y4-p2
C00869,0,,.,model-in-conversation,PAPv2-Y4-p2
C00870,1,1,0,model-in-conversation,PAPv2-Y4-p2
C00871,0,,.,model-in-conversation,PAPv2-Y4-p2
C00872,1,-1,0,model-in-conversation,PAPv2-Y4-p2
C00873,1,1,0,model-in-conversation,PAPv2-Y4-p2
C00874,1,-1,0,model-in-conversation,PAPv2-Y4-p2
C00875,0,,.,model-in-conversation,PAPv2-Y4-p2
C00876,0,,.,model-in-conversation,PAPv2-Y4-p2
C00877,1,0,0,model-in-conversation,PAPv2-Y4-p2
C00878,1,0,0,model-in-conversation,PAPv2-Y4-p2
C00879,1,-1,0,model-in-conversation,PAPv2-Y4-p2
C00880,1,-1,0,model-in-conversation,PAPv2-Y4-p2
C00881,1,1,0,model-in-conversation,PAPv2-Y4-p2
C00882,1,1,0,model-in-conversation,PAPv2-Y4-p2
C00883,1,-1,0,model-in-conversation,PAPv2-Y4-p2
C00884,0,,.,model-in-conversation,PAPv2-Y4-p2
C00885,0,,.,model-in-conversation,PAPv2-Y4-p2
C00886,0,,.,model-in-conversation,PAPv2-Y4-p2
C00887,1,-1,0,model-in-conversation,PAPv2-Y4-p2
C00888,1,0,0,model-in-conversation,PAPv2-Y4-p2
C00889,1,1,0,model-in-conversation,PAPv2-Y4-p2
C00890,1,0,0,model-in-conversation,PAPv2-Y4-p2
C00891,1,0,0,model-in-conversation,PAPv2-Y4-p2
C00892,0,,.,model-in-conversation,PAPv2-Y4-p2
C00893,0,,.,model-in-conversation,PAPv2-Y4-p2
C00894,0,,.,model-in-conversation,PAPv2-Y4-p2
C00895,1,-1,1,model-in-conversation,PAPv2-Y4-p2
C00896,0,,.,model-in-conversation,PAPv2-Y4-p2
C00897,1,0,0,model-in-conversation,PAPv2-Y4-p2
C00898,0,,.,model-in-conversation,PAPv2-Y4-p2
C00899,0,,.,model-in-conversation,PAPv2-Y4-p2
C00900,1,0,0,model-in-conversation,PAPv2-Y4-p2
C00901,0,,.,model-in-conversation,PAPv2-Y4-p2
C00902,0,,.,model-in-conversation,PAPv2-Y4-p2
C00903,0,,.,model-in-conversation,PAPv2-Y4-p2
C00904,1,-1,0,model-in-conversation,PAPv2-Y4-p2
C00905,1,0,0,model-in-conversation,PAPv2-Y4-p2
C00906,1,0,0,model-in-conversation,PAPv2-Y4-p2
C00907,1,0,0,model-in-conversation,PAPv2-Y4-p2
C00908,1,0,0,model-in-conversation,PAPv2-Y4-p2
C00909,0,,.,model-in-conversation,PAPv2-Y4-p2
C00910,1,0,1,model-in-conversation,PAPv2-Y4-p2
C00911,1,0,0,model-in-conversation,PAPv2-Y4-p2
C00912,0,,.,model-in-conversation,PAPv2-Y4-p2
C00913,1,0,0,model-in-conversation,PAPv2-Y4-p2
C00914,1,0,0,model-in-conversation,PAPv2-Y4-p2
C00915,0,,.,model-in-conversation,PAPv2-Y4-p2
C00916,0,,.,model-in-conversation,PAPv2-Y4-p2
C00917,1,0,1,model-in-conversation,PAPv2-Y4-p2
C00918,0,,.,model-in-conversation,PAPv2-Y4-p2
C00919,1,0,1,model-in-conversation,PAPv2-Y4-p2
C00920,1,-1,0,model-in-conversation,PAPv2-Y4-p2
C00921,0,,.,model-in-conversation,PAPv2-Y4-p2
C00922,0,,.,model-in-conversation,PAPv2-Y4-p2
C00923,1,0,0,model-in-conversation,PAPv2-Y4-p2
C00924,1,0,0,model-in-conversation,PAPv2-Y4-p2
C00925,0,,.,model-in-conversation,PAPv2-Y4-p2
C00926,1,1,0,model-in-conversation,PAPv2-Y4-p2
C00927,1,1,1,model-in-conversation,PAPv2-Y4-p2
C00928,0,,.,model-in-conversation,PAPv2-Y4-p2
C00929,1,-1,0,model-in-conversation,PAPv2-Y4-p2
C00930,0,,.,model-in-conversation,PAPv2-Y4-p2
C00931,1,-1,0,model-in-conversation,PAPv2-Y4-p2
C00932,0,,.,model-in-conversation,PAPv2-Y4-p2
C00933,1,0,0,model-in-conversation,PAPv2-Y4-p2
C00934,1,1,0,model-in-conversation,PAPv2-Y4-p2
C00935,0,,.,model-in-conversation,PAPv2-Y4-p2
C00936,0,,.,model-in-conversation,PAPv2-Y4-p2
C00937,0,,.,model-in-conversation,PAPv2-Y4-p2
C00938,1,0,1,model-in-conversation,PAPv2-Y4-p2
C00939,0,,.,model-in-conversation,PAPv2-Y4-p2
C00940,0,,.,model-in-conversation,PAPv2-Y4-p2
C00941,1,1,1,model-in-conversation,PAPv2-Y4-p2
C00942,1,0,0,model-in-conversation,PAPv2-Y4-p2
C00943,0,,.,model-in-conversation,PAPv2-Y4-p2
C00944,0,,.,model-in-conversation,PAPv2-Y4-p2
C00945,0,,.,model-in-conversation,PAPv2-Y4-p2
C00946,1,0,0,model-in-conversation,PAPv2-Y4-p2
C00947,1,-1,0,model-in-conversation,PAPv2-Y4-p2
C00948,1,0,1,model-in-conversation,PAPv2-Y4-p2
C00949,1,0,1,model-in-conversation,PAPv2-Y4-p2
C00950,0,,.,model-in-conversation,PAPv2-Y4-p2
C00951,1,0,0,model-in-conversation,PAPv2-Y4-p2
C00952,0,,.,model-in-conversation,PAPv2-Y4-p2
C00953,1,0,0,model-in-conversation,PAPv2-Y4-p2
C00954,0,,.,model-in-conversation,PAPv2-Y4-p2
C00955,1,0,1,model-in-conversation,PAPv2-Y4-p2
C00956,0,,.,model-in-conversation,PAPv2-Y4-p2
C00957,0,,.,model-in-conversation,PAPv2-Y4-p2
C00958,0,,.,model-in-conversation,PAPv2-Y4-p2
C00959,1,1,0,model-in-conversation,PAPv2-Y4-p2
C00960,0,,.,model-in-conversation,PAPv2-Y4-p2
C00961,1,-1,0,model-in-conversation,PAPv2-Y4-p2
C00962,1,-1,0,model-in-conversation,PAPv2-Y4-p2
C00963,1,1,0,model-in-conversation,PAPv2-Y4-p2
C00964,0,,.,model-in-conversation,PAPv2-Y4-p2
C00965,0,,.,model-in-conversation,PAPv2-Y4-p2
C00966,0,,.,model-in-conversation,PAPv2-Y4-p2
C00967,1,0,0,model-in-conversation,PAPv2-Y4-p2
C00968,1,0,1,model-in-conversation,PAPv2-Y4-p2
C00969,0,,.,model-in-conversation,PAPv2-Y4-p2
C00970,1,-1,1,model-in-conversation,PAPv2-Y4-p2
C00971,0,,.,model-in-conversation,PAPv2-Y4-p2
C00972,0,,.,model-in-conversation,PAPv2-Y4-p2
C00973,1,1,1,model-in-conversation,PAPv2-Y4-p2
C00974,0,,.,model-in-conversation,PAPv2-Y4-p2
C00975,1,-1,0,model-in-conversation,PAPv2-Y4-p2
C00976,0,,.,model-in-conversation,PAPv2-Y4-p2
C00977,1,1,0,model-in-conversation,PAPv2-Y4-p2
C00978,0,,.,model-in-conversation,PAPv2-Y4-p2
C00979,1,0,0,model-in-conversation,PAPv2-Y4-p2
C00980,1,1,0,model-in-conversation,PAPv2-Y4-p2
C00981,1,1,0,model-in-conversation,PAPv2-Y4-p2
C00982,0,,.,model-in-conversation,PAPv2-Y4-p2
C00983,0,,.,model-in-conversation,PAPv2-Y4-p2
C00984,1,1,0,model-in-conversation,PAPv2-Y4-p2
C00985,1,0,1,model-in-conversation,PAPv2-Y4-p2
C00986,1,0,0,model-in-conversation,PAPv2-Y4-p2
C00987,0,,.,model-in-conversation,PAPv2-Y4-p2
C00988,0,,.,model-in-conversation,PAPv2-Y4-p2
C00989,1,0,0,model-in-conversation,PAPv2-Y4-p2
C00990,1,1,0,model-in-conversation,PAPv2-Y4-p2
C00991,0,,.,model-in-conversation,PAPv2-Y4-p2
C00992,1,0,1,model-in-conversation,PAPv2-Y4-p2
C00993,0,,.,model-in-conversation,PAPv2-Y4-p2
C00994,0,,.,model-in-conversation,PAPv2-Y4-p2
C00995,1,1,0,model-in-conversation,PAPv2-Y4-p2
C00996,0,,.,model-in-conversation,PAPv2-Y4-p2
C00997,0,,.,model-in-conversation,PAPv2-Y4-p2
C00998,1,1,0,model-in-conversation,PAPv2-Y4-p2
C00999,1,-1,1,model-in-conversation,PAPv2-Y4-p2
C01000,0,,.,model-in-conversation,PAPv2-Y4-p2
C01001,1,1,1,model-in-conversation,PAPv2-Y4-p2
C01002,1,1,0,model-in-conversation,PAPv2-Y4-p2
C01003,1,0,0,model-in-conversation,PAPv2-Y4-p2
C01004,0,,.,model-in-conversation,PAPv2-Y4-p2
C01005,1,-1,1,model-in-conversation,PAPv2-Y4-p2
C01006,1,1,1,model-in-conversation,PAPv2-Y4-p2
C01007,1,0,1,model-in-conversation,PAPv2-Y4-p2
C01008,0,,.,model-in-conversation,PAPv2-Y4-p2
C01009,0,,.,model-in-conversation,PAPv2-Y4-p2
C01010,0,,.,model-in-conversation,PAPv2-Y4-p2
C01011,0,,.,model-in-conversation,PAPv2-Y4-p2
C01012,1,0,0,model-in-conversation,PAPv2-Y4-p2
C01013,1,-1,1,model-in-conversation,PAPv2-Y4-p2
C01014,1,1,0,model-in-conversation,PAPv2-Y4-p2
C01015,1,1,0,model-in-conversation,PAPv2-Y4-p2
C01016,0,,.,model-in-conversation,PAPv2-Y4-p2
C01017,0,,.,model-in-conversation,PAPv2-Y4-p2
C01018,1,1,0,model-in-conversation,PAPv2-Y4-p2
C01019,0,,.,model-in-conversation,PAPv2-Y4-p2
C01020,1,0,1,model-in-conversation,PAPv2-Y4-p2
C01021,1,1,0,model-in-conversation,PAPv2-Y4-p2
C01022,0,,.,model-in-conversation,PAPv2-Y4-p2
C01023,1,1,0,model-in-conversation,PAPv2-Y4-p2
C01024,1,1,0,model-in-conversation,PAPv2-Y4-p2
C01025,1,1,0,model-in-conversation,PAPv2-Y4-p2
C01026,1,1,0,model-in-conversation,PAPv2-Y4-p2
C01027,1,0,0,model-in-conversation,PAPv2-Y4-p2
C01028,1,0,0,model-in-conversation,PAPv2-Y4-p2
C01029,1,1,1,model-in-conversation,PAPv2-Y4-p2
C01030,1,0,0,model-in-conversation,PAPv2-Y4-p2
C01031,1,0,1,model-in-conversation,PAPv2-Y4-p2
C01032,0,,.,model-in-conversation,PAPv2-Y4-p2
C01033,1,1,0,model-in-conversation,PAPv2-Y4-p2
C01034,0,,.,model-in-conversation,PAPv2-Y4-p2
C01035,1,-1,0,model-in-conversation,PAPv2-Y4-p2
C01036,1,1,0,model-in-conversation,PAPv2-Y4-p2
C01037,0,,.,model-in-conversation,PAPv2-Y4-p2
C01038,0,,.,model-in-conversation,PAPv2-Y4-p2
C01039,1,-1,0,model-in-conversation,PAPv2-Y4-p2
C01040,1,0,1,model-in-conversation,PAPv2-Y4-p2
C01041,1,1,0,model-in-conversation,PAPv2-Y4-p2
C01042,1,1,0,model-in-conversation,PAPv2-Y4-p2
C01043,1,-1,0,model-in-conversation,PAPv2-Y4-p2
C01044,1,-1,0,model-in-conversation,PAPv2-Y4-p2
C01045,0,,.,model-in-conversation,PAPv2-Y4-p2
C01046,1,0,0,model-in-conversation,PAPv2-Y4-p2
C01047,0,,.,model-in-conversation,PAPv2-Y4-p2
C01048,0,,.,model-in-conversation,PAPv2-Y4-p2
C01049,0,,.,model-in-conversation,PAPv2-Y4-p2
C01050,1,1,0,model-in-conversation,PAPv2-Y4-p2
C01051,0,,.,model-in-conversation,PAPv2-Y4-p2
C01052,0,,.,model-in-conversation,PAPv2-Y4-p2
C01053,0,,.,model-in-conversation,PAPv2-Y4-p2
C01054,1,1,0,model-in-conversation,PAPv2-Y4-p2
C01055,0,,.,model-in-conversation,PAPv2-Y4-p2
C01056,1,0,0,model-in-conversation,PAPv2-Y4-p2
C01057,0,,.,model-in-conversation,PAPv2-Y4-p2
C01058,0,,.,model-in-conversation,PAPv2-Y4-p2
C01059,1,1,0,model-in-conversation,PAPv2-Y4-p2
C01060,1,0,0,model-in-conversation,PAPv2-Y4-p2
C01061,1,-1,0,model-in-conversation,PAPv2-Y4-p2
C01062,1,0,0,model-in-conversation,PAPv2-Y4-p2
C01063,0,,.,model-in-conversation,PAPv2-Y4-p2
C01064,1,1,1,model-in-conversation,PAPv2-Y4-p2
C01065,1,-1,0,model-in-conversation,PAPv2-Y4-p2
C01066,1,1,0,model-in-conversation,PAPv2-Y4-p2
C01067,1,0,1,model-in-conversation,PAPv2-Y4-p2
C01068,1,0,0,model-in-conversation,PAPv2-Y4-p2
C01069,0,,.,model-in-conversation,PAPv2-Y4-p2
C01070,1,1,0,model-in-conversation,PAPv2-Y4-p2
C01071,1,1,0,model-in-conversation,PAPv2-Y4-p2
C01072,1,0,0,model-in-conversation,PAPv2-Y4-p2
C01073,1,0,1,model-in-conversation,PAPv2-Y4-p2
C01074,0,,.,model-in-conversation,PAPv2-Y4-p2
C01075,1,0,0,model-in-conversation,PAPv2-Y4-p2
C01076,0,,.,model-in-conversation,PAPv2-Y4-p2
C01077,0,,.,model-in-conversation,PAPv2-Y4-p2
C01078,1,0,1,model-in-conversation,PAPv2-Y4-p2
C01079,1,-1,0,model-in-conversation,PAPv2-Y4-p2
C01080,1,0,0,model-in-conversation,PAPv2-Y4-p2
C01081,1,0,1,model-in-conversation,PAPv2-Y4-p2
C01082,0,,.,model-in-conversation,PAPv2-Y4-p2
C01083,1,1,1,model-in-conversation,PAPv2-Y4-p2
C01084,0,,.,model-in-conversation,PAPv2-Y4-p2
C01085,1,-1,0,model-in-conversation,PAPv2-Y4-p2
C01086,1,-1,0,model-in-conversation,PAPv2-Y4-p2
C01087,1,1,1,model-in-conversation,PAPv2-Y4-p2
C01088,0,,.,model-in-conversation,PAPv2-Y4-p2
C01089,1,0,0,model-in-conversation,PAPv2-Y4-p2
C01090,1,1,1,model-in-conversation,PAPv2-Y4-p2
C01091,0,,.,model-in-conversation,PAPv2-Y4-p2
C01092,0,,.,model-in-conversation,PAPv2-Y4-p2
C01093,1,-1,0,model-in-conversation,PAPv2-Y4-p2
C01094,1,0,0,model-in-conversation,PAPv2-Y4-p2
C01095,0,,.,model-in-conversation,PAPv2-Y4-p2
C01096,1,1,0,model-in-conversation,PAPv2-Y4-p2
C01097,1,0,0,model-in-conversation,PAPv2-Y4-p2
C01098,0,,.,model-in-conversation,PAPv2-Y4-p2
C01099,0,,.,model-in-conversation,PAPv2-Y4-p2
C01100,0,,.,model-in-conversation,PAPv2-Y4-p2
C01101,0,,.,model-in-conversation,PAPv2-Y4-p2
C01102,1,0,1,model-in-conversation,PAPv2-Y4-p2
C01103,0,,.,model-in-conversation,PAPv2-Y4-p2
C01104,0,,.,model-in-conversation,PAPv2-Y4-p2
C01105,0,,.,model-in-conversation,PAPv2-Y4-p2
C01106,1,1,0,model-in-conversation,PAPv2-Y4-p2
C01107,1,1,0,model-in-conversation,PAPv2-Y4-p2
C01108,1,1,0,model-in-conversation,PAPv2-Y4-p2
C01109,0,,.,model-in-conversation,PAPv2-Y4-p2
C01110,0,,.,model-in-conversation,PAPv2-Y4-p2
C01111,1,-1,0,model-in-conversation,PAPv2-Y4-p2
C01112,1,-1,0,model-in-conversation,PAPv2-Y4-p2
C01113,1,0,1,model-in-conversation,PAPv2-Y4-p2
C01114,0,,.,model-in-conversation,PAPv2-Y4-p2
C01115,1,-1,0,model-in-conversation,PAPv2-Y4-p2
C01116,1,-1,0,model-in-conversation,PAPv2-Y4-p2
C01117,1,0,1,model-in-conversation,PAPv2-Y4-p2
C01118,0,,.,model-in-conversation,PAPv2-Y4-p2
C01119,1,-1,0,model-in-conversation,PAPv2-Y4-p2
C01120,1,0,0,model-in-conversation,PAPv2-Y4-p2
C01121,0,,.,model-in-conversation,PAPv2-Y4-p2
C01122,1,0,1,model-in-conversation,PAPv2-Y4-p2
C01123,1,0,0,model-in-conversation,PAPv2-Y4-p2
C01124,0,,.,model-in-conversation,PAPv2-Y4-p2
C01125,0,,.,model-in-conversation,PAPv2-Y4-p2
C01126,0,,.,model-in-conversation,PAPv2-Y4-p2
C01127,1,0,0,model-in-conversation,PAPv2-Y4-p2
C01128,1,0,1,model-in-conversation,PAPv2-Y4-p2
C01129,1,1,0,model-in-conversation,PAPv2-Y4-p2
C01130,1,0,1,model-in-conversation,PAPv2-Y4-p2
C01131,0,,.,model-in-conversation,PAPv2-Y4-p2
C01132,1,1,0,model-in-conversation,PAPv2-Y4-p2
C01133,0,,.,model-in-conversation,PAPv2-Y4-p2
C01134,0,,.,model-in-conversation,PAPv2-Y4-p2
C01135,1,-1,0,model-in-conversation,PAPv2-Y4-p2
C01136,0,,.,model-in-conversation,PAPv2-Y4-p2
C01137,0,,.,model-in-conversation,PAPv2-Y4-p2
C01138,1,1,0,model-in-conversation,PAPv2-Y4-p2
C01139,1,0,0,model-in-conversation,PAPv2-Y4-p2
C01140,1,-1,0,model-in-conversation,PAPv2-Y4-p2
C01141,1,0,0,model-in-conversation,PAPv2-Y4-p2
C01142,1,1,0,model-in-conversation,PAPv2-Y4-p2
C01143,1,0,0,model-in-conversation,PAPv2-Y4-p2
C01144,0,,.,model-in-conversation,PAPv2-Y4-p2
C01145,1,1,0,model-in-conversation,PAPv2-Y4-p2
C01146,1,-1,0,model-in-conversation,PAPv2-Y4-p2
C01147,0,,.,model-in-conversation,PAPv2-Y4-p2
C01148,0,,.,model-in-conversation,PAPv2-Y4-p2
C01149,0,,.,model-in-conversation,PAPv2-Y4-p2
C01150,0,,.,model-in-conversation,PAPv2-Y4-p2
C01151,0,,.,model-in-conversation,PAPv2-Y4-p2
C01152,1,1,0,model-in-conversation,PAPv2-Y4-p2
C01153,1,0,0,model-in-conversation,PAPv2-Y4-p2
C01154,1,0,1,model-in-conversation,PAPv2-Y4-p2
C01155,0,,.,model-in-conversation,PAPv2-Y4-p2
C01156,0,,.,model-in-conversation,PAPv2-Y4-p2
C01157,1,0,0,model-in-conversation,PAPv2-Y4-p2
C01158,0,,.,model-in-conversation,PAPv2-Y4-p2
C01159,1,1,0,model-in-conversation,PAPv2-Y4-p2
C01160,1,-1,0,model-in-conversation,PAPv2-Y4-p2
C01161,1,0,0,model-in-conversation,PAPv2-Y4-p2
C01162,1,-1,0,model-in-conversation,PAPv2-Y4-p2
C01163,0,,.,model-in-conversation,PAPv2-Y4-p2
C01164,1,-1,0,model-in-conversation,PAPv2-Y4-p2
C01165,1,0,0,model-in-conversation,PAPv2-Y4-p2
C01166,1,1,0,model-in-conversation,PAPv2-Y4-p2
C01167,1,0,1,model-in-conversation,PAPv2-Y4-p2
C01168,1,0,0,model-in-conversation,PAPv2-Y4-p2
C01169,0,,.,model-in-conversation,PAPv2-Y4-p2
C01170,1,1,0,model-in-conversation,PAPv2-Y4-p2
C01171,0,,.,model-in-conversation,PAPv2-Y4-p2
C01172,0,,.,model-in-conversation,PAPv2-Y4-p2
C01173,0,,.,model-in-conversation,PAPv2-Y4-p2
C01174,1,1,1,model-in-conversation,PAPv2-Y4-p2
C01175,0,,.,model-in-conversation,PAPv2-Y4-p2
C01176,1,-1,1,model-in-conversation,PAPv2-Y4-p2
C01177,0,,.,model-in-conversation,PAPv2-Y4-p2
C01178,0,,.,model-in-conversation,PAPv2-Y4-p2
C01179,0,,.,model-in-conversation,PAPv2-Y4-p2
C01180,0,,.,model-in-conversation,PAPv2-Y4-p2
C01181,1,1,0,model-in-conversation,PAPv2-Y4-p2
C01182,1,1,0,model-in-conversation,PAPv2-Y4-p2
C01183,0,,.,model-in-conversation,PAPv2-Y4-p2
C01184,0,,.,model-in-conversation,PAPv2-Y4-p2
C01185,1,-1,0,model-in-conversation,PAPv2-Y4-p2
C01186,0,,.,model-in-conversation,PAPv2-Y4-p2
C01187,1,1,0,model-in-conversation,PAPv2-Y4-p2
C01188,0,,.,model-in-conversation,PAPv2-Y4-p2
C01189,1,1,1,model-in-conversation,PAPv2-Y4-p2
C01190,0,,.,model-in-conversation,PAPv2-Y4-p2
C01191,0,,.,model-in-conversation,PAPv2-Y4-p2
C01192,0,,.,model-in-conversation,PAPv2-Y4-p2
C01193,0,,.,model-in-conversation,PAPv2-Y4-p2
C01194,0,,.,model-in-conversation,PAPv2-Y4-p2
C01195,1,1,0,model-in-conversation,PAPv2-Y4-p2
C01196,0,,.,model-in-conversation,PAPv2-Y4-p2
C01197,0,,.,model-in-conversation,PAPv2-Y4-p2
C01198,0,,.,model-in-conversation,PAPv2-Y4-p2
C01199,0,,.,model-in-conversation,PAPv2-Y4-p2
C01200,1,0,1,model-in-conversation,PAPv2-Y4-p2
C01201,1,0,1,model-in-conversation,PAPv2-Y4-p2
C01203,1,0,1,model-in-conversation,PAPv2-Y4-p2
C01204,1,0,0,model-in-conversation,PAPv2-Y4-p2
C01205,1,-1,0,model-in-conversation,PAPv2-Y4-p2
C01206,0,,.,model-in-conversation,PAPv2-Y4-p2
C01207,1,0,0,model-in-conversation,PAPv2-Y4-p2
C01208,0,,.,model-in-conversation,PAPv2-Y4-p2
C01209,1,0,0,model-in-conversation,PAPv2-Y4-p2
C01210,0,,.,model-in-conversation,PAPv2-Y4-p2
C01211,1,0,0,model-in-conversation,PAPv2-Y4-p2
C01212,0,,.,model-in-conversation,PAPv2-Y4-p2
C01213,1,1,0,model-in-conversation,PAPv2-Y4-p2
C01202,0,,.,model-in-conversation,PAPv2-Y4-p2
C01214,1,0,0,model-in-conversation,PAPv2-Y4-p2
C01215,1,0,1,model-in-conversation,PAPv2-Y4-p2
C01216,1,-1,0,model-in-conversation,PAPv2-Y4-p2
C01217,0,,.,model-in-conversation,PAPv2-Y4-p2
C01218,0,,.,model-in-conversation,PAPv2-Y4-p2
C01219,1,1,0,model-in-conversation,PAPv2-Y4-p2
C01220,1,-1,0,model-in-conversation,PAPv2-Y4-p2
C01221,0,,.,model-in-conversation,PAPv2-Y4-p2
C01222,1,-1,0,model-in-conversation,PAPv2-Y4-p2
C01223,0,,.,model-in-conversation,PAPv2-Y4-p2
C01224,1,0,1,model-in-conversation,PAPv2-Y4-p2
C01225,0,,.,model-in-conversation,PAPv2-Y4-p2
C01226,1,0,1,model-in-conversation,PAPv2-Y4-p2
C01227,1,-1,0,model-in-conversation,PAPv2-Y4-p2
C01228,1,1,0,model-in-conversation,PAPv2-Y4-p2
C01229,0,,.,model-in-conversation,PAPv2-Y4-p2
C01230,1,0,1,model-in-conversation,PAPv2-Y4-p2
C01231,0,,.,model-in-conversation,PAPv2-Y4-p2
C01232,1,0,1,model-in-conversation,PAPv2-Y4-p2
C01233,1,0,0,model-in-conversation,PAPv2-Y4-p2
C01234,1,0,0,model-in-conversation,PAPv2-Y4-p2
C01235,1,-1,1,model-in-conversation,PAPv2-Y4-p2
C01236,1,0,0,model-in-conversation,PAPv2-Y4-p2
C01237,1,1,0,model-in-conversation,PAPv2-Y4-p2
C01238,1,-1,1,model-in-conversation,PAPv2-Y4-p2
C01239,1,-1,0,model-in-conversation,PAPv2-Y4-p2
C01240,1,-1,0,model-in-conversation,PAPv2-Y4-p2
C01241,1,0,0,model-in-conversation,PAPv2-Y4-p2
C01242,0,,.,model-in-conversation,PAPv2-Y4-p2
C01243,0,,.,model-in-conversation,PAPv2-Y4-p2
C01244,1,0,0,model-in-conversation,PAPv2-Y4-p2
C01245,1,0,1,model-in-conversation,PAPv2-Y4-p2
C01246,0,,.,model-in-conversation,PAPv2-Y4-p2
C01247,0,,.,model-in-conversation,PAPv2-Y4-p2
C01248,0,,.,model-in-conversation,PAPv2-Y4-p2
C01249,0,,.,model-in-conversation,PAPv2-Y4-p2
C01250,1,0,0,model-in-conversation,PAPv2-Y4-p2
C01251,0,,.,model-in-conversation,PAPv2-Y4-p2
C01252,1,1,0,model-in-conversation,PAPv2-Y4-p2
C01253,1,1,0,model-in-conversation,PAPv2-Y4-p2
C01254,0,,.,model-in-conversation,PAPv2-Y4-p2
C01255,1,0,0,model-in-conversation,PAPv2-Y4-p2
C01256,0,,.,model-in-conversation,PAPv2-Y4-p2
C01257,0,,.,model-in-conversation,PAPv2-Y4-p2
C01258,1,0,0,model-in-conversation,PAPv2-Y4-p2
C01259,0,,.,model-in-conversation,PAPv2-Y4-p2
C01260,1,1,0,model-in-conversation,PAPv2-Y4-p2
C01261,0,,.,model-in-conversation,PAPv2-Y4-p2
C01262,1,0,0,model-in-conversation,PAPv2-Y4-p2
C01263,0,,.,model-in-conversation,PAPv2-Y4-p2
C01264,1,-1,0,model-in-conversation,PAPv2-Y4-p2
C01265,1,1,0,model-in-conversation,PAPv2-Y4-p2
C01266,0,,.,model-in-conversation,PAPv2-Y4-p2
C01267,0,,.,model-in-conversation,PAPv2-Y4-p2
C01268,1,0,0,model-in-conversation,PAPv2-Y4-p2
C01269,0,,.,model-in-conversation,PAPv2-Y4-p2
C01270,0,,.,model-in-conversation,PAPv2-Y4-p2
C01271,1,-1,0,model-in-conversation,PAPv2-Y4-p2
C01272,1,0,0,model-in-conversation,PAPv2-Y4-p2
C01273,1,1,0,model-in-conversation,PAPv2-Y4-p2
C01274,1,-1,0,model-in-conversation,PAPv2-Y4-p2
C01275,1,-1,0,model-in-conversation,PAPv2-Y4-p2
C01276,1,1,0,model-in-conversation,PAPv2-Y4-p2
C01277,1,-1,0,model-in-conversation,PAPv2-Y4-p2
C01278,1,1,0,model-in-conversation,PAPv2-Y4-p2
C01279,1,1,0,model-in-conversation,PAPv2-Y4-p2
C01280,0,,.,model-in-conversation,PAPv2-Y4-p2
C01281,0,,.,model-in-conversation,PAPv2-Y4-p2
C01282,1,0,0,model-in-conversation,PAPv2-Y4-p2
C01283,0,,.,model-in-conversation,PAPv2-Y4-p2
C01284,0,,.,model-in-conversation,PAPv2-Y4-p2
C01285,1,-1,0,model-in-conversation,PAPv2-Y4-p2
C01286,1,-1,0,model-in-conversation,PAPv2-Y4-p2
C01287,1,1,0,model-in-conversation,PAPv2-Y4-p2
C01288,1,-1,0,model-in-conversation,PAPv2-Y4-p2
C01289,0,,.,model-in-conversation,PAPv2-Y4-p2
C01290,0,,.,model-in-conversation,PAPv2-Y4-p2
C01291,0,,.,model-in-conversation,PAPv2-Y4-p2
C01292,1,-1,0,model-in-conversation,PAPv2-Y4-p2
C01293,0,,.,model-in-conversation,PAPv2-Y4-p2
C01294,1,-1,0,model-in-conversation,PAPv2-Y4-p2
C01295,0,,.,model-in-conversation,PAPv2-Y4-p2
C01296,1,0,1,model-in-conversation,PAPv2-Y4-p2
C01297,1,1,0,model-in-conversation,PAPv2-Y4-p2
C01298,1,-1,0,model-in-conversation,PAPv2-Y4-p2
C01299,1,-1,0,model-in-conversation,PAPv2-Y4-p2
C01300,0,,.,model-in-conversation,PAPv2-Y4-p2
C01301,1,0,1,model-in-conversation,PAPv2-Y4-p2
C01302,1,0,0,model-in-conversation,PAPv2-Y4-p2
C01303,1,1,0,model-in-conversation,PAPv2-Y4-p2
C01304,0,,.,model-in-conversation,PAPv2-Y4-p2
C01305,1,0,1,model-in-conversation,PAPv2-Y4-p2
C01306,0,,.,model-in-conversation,PAPv2-Y4-p2
C01307,1,1,0,model-in-conversation,PAPv2-Y4-p2
C01308,0,,.,model-in-conversation,PAPv2-Y4-p2
C01309,1,0,0,model-in-conversation,PAPv2-Y4-p2
C01310,0,,.,model-in-conversation,PAPv2-Y4-p2
C01311,1,0,0,model-in-conversation,PAPv2-Y4-p2
C01312,0,,.,model-in-conversation,PAPv2-Y4-p2
C01313,0,,.,model-in-conversation,PAPv2-Y4-p2
C01314,1,0,0,model-in-conversation,PAPv2-Y4-p2
C01315,1,1,0,model-in-conversation,PAPv2-Y4-p2
C01316,0,,.,model-in-conversation,PAPv2-Y4-p2
C01317,1,1,1,model-in-conversation,PAPv2-Y4-p2
C01318,1,1,0,model-in-conversation,PAPv2-Y4-p2
C01319,1,-1,0,model-in-conversation,PAPv2-Y4-p2
C01320,1,1,0,model-in-conversation,PAPv2-Y4-p2
C01321,1,0,0,model-in-conversation,PAPv2-Y4-p2
C01322,1,1,1,model-in-conversation,PAPv2-Y4-p2
C01323,1,0,0,model-in-conversation,PAPv2-Y4-p2
C01324,0,,.,model-in-conversation,PAPv2-Y4-p2
C01325,0,,.,model-in-conversation,PAPv2-Y4-p2
C01326,1,0,1,model-in-conversation,PAPv2-Y4-p2
C01327,1,-1,0,model-in-conversation,PAPv2-Y4-p2
C01328,0,,.,model-in-conversation,PAPv2-Y4-p2
C01329,1,-1,0,model-in-conversation,PAPv2-Y4-p2
C01330,1,1,0,model-in-conversation,PAPv2-Y4-p2
C01331,0,,.,model-in-conversation,PAPv2-Y4-p2
C01332,1,1,0,model-in-conversation,PAPv2-Y4-p2
C01333,1,0,0,model-in-conversation,PAPv2-Y4-p2
C01334,0,,.,model-in-conversation,PAPv2-Y4-p2
C01335,1,1,0,model-in-conversation,PAPv2-Y4-p2
C01336,1,0,1,model-in-conversation,PAPv2-Y4-p2
C01337,0,,.,model-in-conversation,PAPv2-Y4-p2
C01338,1,-1,0,model-in-conversation,PAPv2-Y4-p2
C01339,0,,.,model-in-conversation,PAPv2-Y4-p2
C01340,0,,.,model-in-conversation,PAPv2-Y4-p2
C01341,1,0,0,model-in-conversation,PAPv2-Y4-p2
C01342,0,,.,model-in-conversation,PAPv2-Y4-p2
C01343,1,1,0,model-in-conversation,PAPv2-Y4-p2
C01344,0,,.,model-in-conversation,PAPv2-Y4-p2
C01345,1,-1,0,model-in-conversation,PAPv2-Y4-p2
C01346,1,0,0,model-in-conversation,PAPv2-Y4-p2
C01347,0,,.,model-in-conversation,PAPv2-Y4-p2
C01348,0,,.,model-in-conversation,PAPv2-Y4-p2
C01349,1,0,1,model-in-conversation,PAPv2-Y4-p2
C01350,1,-1,0,model-in-conversation,PAPv2-Y4-p2
C01351,0,,.,model-in-conversation,PAPv2-Y4-p2
C01352,1,0,1,model-in-conversation,PAPv2-Y4-p2
C01353,1,-1,0,model-in-conversation,PAPv2-Y4-p2
C01354,1,-1,1,model-in-conversation,PAPv2-Y4-p2
C01355,0,,.,model-in-conversation,PAPv2-Y4-p2
C01356,1,0,1,model-in-conversation,PAPv2-Y4-p2
C01357,1,0,0,model-in-conversation,PAPv2-Y4-p2
C01358,1,1,0,model-in-conversation,PAPv2-Y4-p2
C01359,1,1,0,model-in-conversation,PAPv2-Y4-p2
C01360,1,-1,0,model-in-conversation,PAPv2-Y4-p2
C01361,0,,.,model-in-conversation,PAPv2-Y4-p2
C01362,1,0,0,model-in-conversation,PAPv2-Y4-p2
C01363,1,-1,0,model-in-conversation,PAPv2-Y4-p2
C01364,1,0,0,model-in-conversation,PAPv2-Y4-p2
C01365,0,,.,model-in-conversation,PAPv2-Y4-p2
C01366,1,0,0,model-in-conversation,PAPv2-Y4-p2
C01367,1,1,0,model-in-conversation,PAPv2-Y4-p2
C01368,0,,.,model-in-conversation,PAPv2-Y4-p2
C01369,1,0,0,model-in-conversation,PAPv2-Y4-p2
C01370,0,,.,model-in-conversation,PAPv2-Y4-p2
C01371,0,,.,model-in-conversation,PAPv2-Y4-p2
C01372,0,,.,model-in-conversation,PAPv2-Y4-p2
C01373,0,,.,model-in-conversation,PAPv2-Y4-p2
C01374,1,1,0,model-in-conversation,PAPv2-Y4-p2
C01375,0,,.,model-in-conversation,PAPv2-Y4-p2
C01376,1,1,0,model-in-conversation,PAPv2-Y4-p2
C01377,1,-1,0,model-in-conversation,PAPv2-Y4-p2
C01378,1,1,1,model-in-conversation,PAPv2-Y4-p2
C01379,0,,.,model-in-conversation,PAPv2-Y4-p2
C01380,1,-1,0,model-in-conversation,PAPv2-Y4-p2
C01381,1,-1,0,model-in-conversation,PAPv2-Y4-p2
C01382,1,-1,0,model-in-conversation,PAPv2-Y4-p2
C01383,1,0,0,model-in-conversation,PAPv2-Y4-p2
C01384,1,0,1,model-in-conversation,PAPv2-Y4-p2
C01385,0,,.,model-in-conversation,PAPv2-Y4-p2
C01386,0,,.,model-in-conversation,PAPv2-Y4-p2
C01387,0,,.,model-in-conversation,PAPv2-Y4-p2
C01388,1,0,1,model-in-conversation,PAPv2-Y4-p2
C01389,1,0,0,model-in-conversation,PAPv2-Y4-p2
C01390,1,1,0,model-in-conversation,PAPv2-Y4-p2
C01391,0,,.,model-in-conversation,PAPv2-Y4-p2
C01392,1,0,1,model-in-conversation,PAPv2-Y4-p2
C01393,0,,.,model-in-conversation,PAPv2-Y4-p2
C01394,1,0,1,model-in-conversation,PAPv2-Y4-p2
C01395,0,,.,model-in-conversation,PAPv2-Y4-p2
C01396,0,,.,model-in-conversation,PAPv2-Y4-p2
C01397,1,-1,0,model-in-conversation,PAPv2-Y4-p2
C01398,1,-1,0,model-in-conversation,PAPv2-Y4-p2
C01399,1,1,0,model-in-conversation,PAPv2-Y4-p2
C01400,0,,.,model-in-conversation,PAPv2-Y4-p2
C01401,1,0,0,model-in-conversation,PAPv2-Y4-p2
C01402,0,,.,model-in-conversation,PAPv2-Y4-p2
C01403,0,,.,model-in-conversation,PAPv2-Y4-p2
C01404,0,,.,model-in-conversation,PAPv2-Y4-p2
C01405,1,-1,1,model-in-conversation,PAPv2-Y4-p2
C01406,1,0,0,model-in-conversation,PAPv2-Y4-p2
C01407,1,0,0,model-in-conversation,PAPv2-Y4-p2
C01408,0,,.,model-in-conversation,PAPv2-Y4-p2
C01409,1,0,0,model-in-conversation,PAPv2-Y4-p2
C01410,0,,.,model-in-conversation,PAPv2-Y4-p2
C01411,1,1,0,model-in-conversation,PAPv2-Y4-p2
C01412,1,0,0,model-in-conversation,PAPv2-Y4-p2
C01413,0,,.,model-in-conversation,PAPv2-Y4-p2
C01414,1,0,1,model-in-conversation,PAPv2-Y4-p2
C01415,1,-1,0,model-in-conversation,PAPv2-Y4-p2
C01416,0,,.,model-in-conversation,PAPv2-Y4-p2
C01417,1,0,0,model-in-conversation,PAPv2-Y4-p2
C01418,1,0,0,model-in-conversation,PAPv2-Y4-p2
C01419,1,0,1,model-in-conversation,PAPv2-Y4-p2
C01420,1,-1,0,model-in-conversation,PAPv2-Y4-p2
C01421,1,-1,0,model-in-conversation,PAPv2-Y4-p2
C01422,1,1,0,model-in-conversation,PAPv2-Y4-p2
C01423,1,1,0,model-in-conversation,PAPv2-Y4-p2
C01424,0,,.,model-in-conversation,PAPv2-Y4-p2
C01425,1,0,1,model-in-conversation,PAPv2-Y4-p2
C01426,1,0,1,model-in-conversation,PAPv2-Y4-p2
C01427,1,1,0,model-in-conversation,PAPv2-Y4-p2
C01428,1,1,0,model-in-conversation,PAPv2-Y4-p2
C01429,1,1,0,model-in-conversation,PAPv2-Y4-p2
C01430,0,,.,model-in-conversation,PAPv2-Y4-p2
C01431,0,,.,model-in-conversation,PAPv2-Y4-p2
C01432,1,-1,0,model-in-conversation,PAPv2-Y4-p2
C01433,0,,.,model-in-conversation,PAPv2-Y4-p2
C01434,1,-1,0,model-in-conversation,PAPv2-Y4-p2
C01435,1,0,0,model-in-conversation,PAPv2-Y4-p2
C01436,0,,.,model-in-conversation,PAPv2-Y4-p2
C01437,1,0,0,model-in-conversation,PAPv2-Y4-p2
C01438,1,1,0,model-in-conversation,PAPv2-Y4-p2
C01439,0,,.,model-in-conversation,PAPv2-Y4-p2
C01440,1,-1,1,model-in-conversation,PAPv2-Y4-p2
C01441,0,,.,model-in-conversation,PAPv2-Y4-p2
C01442,1,1,0,model-in-conversation,PAPv2-Y4-p2
C01443,1,-1,0,model-in-conversation,PAPv2-Y4-p2
C01444,1,-1,0,model-in-conversation,PAPv2-Y4-p2
C01445,1,1,1,model-in-conversation,PAPv2-Y4-p2
C01446,0,,.,model-in-conversation,PAPv2-Y4-p2
C01447,1,1,0,model-in-conversation,PAPv2-Y4-p2
C01448,0,,.,model-in-conversation,PAPv2-Y4-p2
C01449,1,0,0,model-in-conversation,PAPv2-Y4-p2
C01450,0,,.,model-in-conversation,PAPv2-Y4-p2
C01451,0,,.,model-in-conversation,PAPv2-Y4-p2
C01452,0,,.,model-in-conversation,PAPv2-Y4-p2
C01453,1,-1,0,model-in-conversation,PAPv2-Y4-p2
C01454,1,0,0,model-in-conversation,PAPv2-Y4-p2
C01455,1,0,0,model-in-conversation,PAPv2-Y4-p2
C01456,0,,.,model-in-conversation,PAPv2-Y4-p2
C01457,1,0,0,model-in-conversation,PAPv2-Y4-p2
C01458,0,,.,model-in-conversation,PAPv2-Y4-p2
C01459,1,1,0,model-in-conversation,PAPv2-Y4-p2
C01460,1,0,1,model-in-conversation,PAPv2-Y4-p2
C01461,1,1,0,model-in-conversation,PAPv2-Y4-p2
C01462,1,1,0,model-in-conversation,PAPv2-Y4-p2
C01463,1,1,0,model-in-conversation,PAPv2-Y4-p2
C01464,1,0,0,model-in-conversation,PAPv2-Y4-p2
C01465,1,-1,0,model-in-conversation,PAPv2-Y4-p2
C01466,0,,.,model-in-conversation,PAPv2-Y4-p2
C01467,0,,.,model-in-conversation,PAPv2-Y4-p2
C01468,1,1,0,model-in-conversation,PAPv2-Y4-p2
C01469,1,-1,0,model-in-conversation,PAPv2-Y4-p2
C01470,1,1,1,model-in-conversation,PAPv2-Y4-p2
C01471,1,0,1,model-in-conversation,PAPv2-Y4-p2
C01472,1,-1,0,model-in-conversation,PAPv2-Y4-p2
C01473,0,,.,model-in-conversation,PAPv2-Y4-p2
C01474,1,1,0,model-in-conversation,PAPv2-Y4-p2
C01475,1,1,0,model-in-conversation,PAPv2-Y4-p2
C01476,0,,.,model-in-conversation,PAPv2-Y4-p2
C01477,1,-1,0,model-in-conversation,PAPv2-Y4-p2
C01478,1,-1,1,model-in-conversation,PAPv2-Y4-p2
C01479,0,,.,model-in-conversation,PAPv2-Y4-p2
C01480,1,1,0,model-in-conversation,PAPv2-Y4-p2
C01481,0,,.,model-in-conversation,PAPv2-Y4-p2
C01482,0,,.,model-in-conversation,PAPv2-Y4-p2
C01483,1,-1,0,model-in-conversation,PAPv2-Y4-p2
C01484,0,,.,model-in-conversation,PAPv2-Y4-p2
C01485,0,,.,model-in-conversation,PAPv2-Y4-p2
C01486,1,0,1,model-in-conversation,PAPv2-Y4-p2
C01487,1,-1,0,model-in-conversation,PAPv2-Y4-p2
C01488,0,,.,model-in-conversation,PAPv2-Y4-p2
C01489,1,0,0,model-in-conversation,PAPv2-Y4-p2
C01490,0,,.,model-in-conversation,PAPv2-Y4-p2
C01491,1,0,0,model-in-conversation,PAPv2-Y4-p2
C01492,1,0,0,model-in-conversation,PAPv2-Y4-p2
C01493,0,,.,model-in-conversation,PAPv2-Y4-p2
C01494,1,1,1,model-in-conversation,PAPv2-Y4-p2
C01495,1,0,1,model-in-conversation,PAPv2-Y4-p2
C01496,1,0,0,model-in-conversation,PAPv2-Y4-p2
C01497,1,1,1,model-in-conversation,PAPv2-Y4-p2
C01498,0,,.,model-in-conversation,PAPv2-Y4-p2
C01499,1,0,0,model-in-conversation,PAPv2-Y4-p2
C01500,1,0,0,model-in-conversation,PAPv2-Y4-p2
C01501,0,,.,model-in-conversation,PAPv2-Y4-p2
C01502,1,-1,0,model-in-conversation,PAPv2-Y4-p2
C01503,0,,.,model-in-conversation,PAPv2-Y4-p2
C01504,0,,.,model-in-conversation,PAPv2-Y4-p2
C01505,1,0,0,model-in-conversation,PAPv2-Y4-p2
C01506,0,,.,model-in-conversation,PAPv2-Y4-p2
C01507,0,,.,model-in-conversation,PAPv2-Y4-p2
C01508,0,,.,model-in-conversation,PAPv2-Y4-p2
C01509,0,,.,model-in-conversation,PAPv2-Y4-p2
C01510,0,,.,model-in-conversation,PAPv2-Y4-p2
C01511,1,-1,0,model-in-conversation,PAPv2-Y4-p2
C01512,0,,.,model-in-conversation,PAPv2-Y4-p2
C01513,0,,.,model-in-conversation,PAPv2-Y4-p2
C01514,1,1,0,model-in-conversation,PAPv2-Y4-p2
C01515,0,,.,model-in-conversation,PAPv2-Y4-p2
C01516,1,0,0,model-in-conversation,PAPv2-Y4-p2
C01517,1,1,0,model-in-conversation,PAPv2-Y4-p2
C01518,1,0,1,model-in-conversation,PAPv2-Y4-p2
C01519,1,-1,0,model-in-conversation,PAPv2-Y4-p2
C01520,1,0,1,model-in-conversation,PAPv2-Y4-p2
C01521,1,1,0,model-in-conversation,PAPv2-Y4-p2
C01522,0,,.,model-in-conversation,PAPv2-Y4-p2
C01523,0,,.,model-in-conversation,PAPv2-Y4-p2
C01524,1,0,1,model-in-conversation,PAPv2-Y4-p2
C01525,0,,.,model-in-conversation,PAPv2-Y4-p2
C01526,0,,.,model-in-conversation,PAPv2-Y4-p2
C01527,1,0,0,model-in-conversation,PAPv2-Y4-p2
C01528,1,1,1,model-in-conversation,PAPv2-Y4-p2
C01529,1,0,0,model-in-conversation,PAPv2-Y4-p2
C01530,0,,.,model-in-conversation,PAPv2-Y4-p2
C01531,1,-1,1,model-in-conversation,PAPv2-Y4-p2
C01532,0,,.,model-in-conversation,PAPv2-Y4-p2
C01533,1,0,0,model-in-conversation,PAPv2-Y4-p2
C01534,1,1,0,model-in-conversation,PAPv2-Y4-p2
C01535,0,,.,model-in-conversation,PAPv2-Y4-p2
C01536,1,0,1,model-in-conversation,PAPv2-Y4-p2
C01537,1,0,1,model-in-conversation,PAPv2-Y4-p2
C01538,1,0,1,model-in-conversation,PAPv2-Y4-p2
C01539,0,,.,model-in-conversation,PAPv2-Y4-p2
C01540,1,0,1,model-in-conversation,PAPv2-Y4-p2
C01541,1,1,0,model-in-conversation,PAPv2-Y4-p2
C01542,0,,.,model-in-conversation,PAPv2-Y4-p2
C01543,1,0,0,model-in-conversation,PAPv2-Y4-p2
C01544,1,-1,0,model-in-conversation,PAPv2-Y4-p2
C01545,1,-1,0,model-in-conversation,PAPv2-Y4-p2
C01546,1,-1,0,model-in-conversation,PAPv2-Y4-p2
C01547,1,0,0,model-in-conversation,PAPv2-Y4-p2
C01548,1,1,0,model-in-conversation,PAPv2-Y4-p2
C01549,1,0,0,model-in-conversation,PAPv2-Y4-p2
C01550,1,1,1,model-in-conversation,PAPv2-Y4-p2
C01551,0,,.,model-in-conversation,PAPv2-Y4-p2
C01552,1,0,0,model-in-conversation,PAPv2-Y4-p2
C01553,1,0,1,model-in-conversation,PAPv2-Y4-p2
C01554,0,,.,model-in-conversation,PAPv2-Y4-p2
C01555,0,,.,model-in-conversation,PAPv2-Y4-p2
C01556,0,,.,model-in-conversation,PAPv2-Y4-p2
C01557,1,0,0,model-in-conversation,PAPv2-Y4-p2
C01558,1,1,0,model-in-conversation,PAPv2-Y4-p2
C01559,0,,.,model-in-conversation,PAPv2-Y4-p2
C01560,0,,.,model-in-conversation,PAPv2-Y4-p2
C01561,1,-1,0,model-in-conversation,PAPv2-Y4-p2
C01562,0,,.,model-in-conversation,PAPv2-Y4-p2
C01563,1,0,0,model-in-conversation,PAPv2-Y4-p2
C01564,1,1,0,model-in-conversation,PAPv2-Y4-p2
C01565,1,0,0,model-in-conversation,PAPv2-Y4-p2
C01566,1,0,0,model-in-conversation,PAPv2-Y4-p2
C01567,1,0,0,model-in-conversation,PAPv2-Y4-p2
C01568,1,-1,0,model-in-conversation,PAPv2-Y4-p2
C01569,1,1,0,model-in-conversation,PAPv2-Y4-p2
C01570,1,-1,0,model-in-conversation,PAPv2-Y4-p2
C01571,0,,.,model-in-conversation,PAPv2-Y4-p2
C01572,1,0,0,model-in-conversation,PAPv2-Y4-p2
C01573,1,-1,0,model-in-conversation,PAPv2-Y4-p2
C01574,1,-1,0,model-in-conversation,PAPv2-Y4-p2
C01575,1,0,0,model-in-conversation,PAPv2-Y4-p2
C01576,0,,.,model-in-conversation,PAPv2-Y4-p2
C01577,0,,.,model-in-conversation,PAPv2-Y4-p2
C01578,0,,.,model-in-conversation,PAPv2-Y4-p2
C01579,1,0,0,model-in-conversation,PAPv2-Y4-p2
C01580,0,,.,model-in-conversation,PAPv2-Y4-p2
C01581,0,,.,model-in-conversation,PAPv2-Y4-p2
C01582,0,,.,model-in-conversation,PAPv2-Y4-p2
C01583,1,0,0,model-in-conversation,PAPv2-Y4-p2
C01584,0,,.,model-in-conversation,PAPv2-Y4-p2
C01585,1,1,0,model-in-conversation,PAPv2-Y4-p2
C01586,0,,.,model-in-conversation,PAPv2-Y4-p2
C01587,1,1,1,model-in-conversation,PAPv2-Y4-p2
C01588,1,1,0,model-in-conversation,PAPv2-Y4-p2
C01589,0,,.,model-in-conversation,PAPv2-Y4-p2
C01590,1,0,0,model-in-conversation,PAPv2-Y4-p2
C01591,1,1,0,model-in-conversation,PAPv2-Y4-p2
C01592,1,0,0,model-in-conversation,PAPv2-Y4-p2
C01593,1,0,1,model-in-conversation,PAPv2-Y4-p2
C01594,1,0,0,model-in-conversation,PAPv2-Y4-p2
C01595,1,-1,0,model-in-conversation,PAPv2-Y4-p2
C01596,0,,.,model-in-conversation,PAPv2-Y4-p2
C01597,0,,.,model-in-conversation,PAPv2-Y4-p2
C01598,1,-1,1,model-in-conversation,PAPv2-Y4-p2
C01599,1,-1,0,model-in-conversation,PAPv2-Y4-p2
C01600,0,,.,model-in-conversation,PAPv2-Y4-p2
C01601,1,0,0,model-in-conversation,PAPv2-Y4-p2
C01602,0,,.,model-in-conversation,PAPv2-Y4-p2
C01603,0,,.,model-in-conversation,PAPv2-Y4-p2
C01604,1,0,0,model-in-conversation,PAPv2-Y4-p2
C01605,1,0,1,model-in-conversation,PAPv2-Y4-p2
C01606,0,,.,model-in-conversation,PAPv2-Y4-p2
C01607,0,,.,model-in-conversation,PAPv2-Y4-p2
C01608,1,0,1,model-in-conversation,PAPv2-Y4-p2
C01609,1,0,0,model-in-conversation,PAPv2-Y4-p2
C01610,0,,.,model-in-conversation,PAPv2-Y4-p2
C01611,1,0,0,model-in-conversation,PAPv2-Y4-p2
C01612,0,,.,model-in-conversation,PAPv2-Y4-p2
C01613,0,,.,model-in-conversation,PAPv2-Y4-p2
C01614,1,-1,0,model-in-conversation,PAPv2-Y4-p2
C01615,1,0,0,model-in-conversation,PAPv2-Y4-p2
C01616,0,,.,model-in-conversation,PAPv2-Y4-p2
C01617,0,,.,model-in-conversation,PAPv2-Y4-p2
C01618,1,-1,0,model-in-conversation,PAPv2-Y4-p2
C01619,1,1,0,model-in-conversation,PAPv2-Y4-p2
C01620,0,,.,model-in-conversation,PAPv2-Y4-p2
C01621,0,,.,model-in-conversation,PAPv2-Y4-p2
C01622,0,,.,model-in-conversation,PAPv2-Y4-p2
C01623,1,0,0,model-in-conversation,PAPv2-Y4-p2
C01624,1,-1,0,model-in-conversation,PAPv2-Y4-p2
C01625,0,,.,model-in-conversation,PAPv2-Y4-p2
C01626,0,,.,model-in-conversation,PAPv2-Y4-p2
C01627,1,1,0,model-in-conversation,PAPv2-Y4-p2
C01628,1,0,0,model-in-conversation,PAPv2-Y4-p2
C01629,0,,.,model-in-conversation,PAPv2-Y4-p2
C01630,1,0,0,model-in-conversation,PAPv2-Y4-p2
C01631,1,0,1,model-in-conversation,PAPv2-Y4-p2
C01632,0,,.,model-in-conversation,PAPv2-Y4-p2
C01633,1,0,0,model-in-conversation,PAPv2-Y4-p2
C01634,0,,.,model-in-conversation,PAPv2-Y4-p2
C01635,1,0,0,model-in-conversation,PAPv2-Y4-p2
C01636,1,1,0,model-in-conversation,PAPv2-Y4-p2
C01637,1,1,0,model-in-conversation,PAPv2-Y4-p2
C01638,0,,.,model-in-conversation,PAPv2-Y4-p2
C01639,1,0,0,model-in-conversation,PAPv2-Y4-p2
C01640,1,0,1,model-in-conversation,PAPv2-Y4-p2
C01641,0,,.,model-in-conversation,PAPv2-Y4-p2
C01642,1,-1,0,model-in-conversation,PAPv2-Y4-p2
C01643,0,,.,model-in-conversation,PAPv2-Y4-p2
C01644,0,,.,model-in-conversation,PAPv2-Y4-p2
C01645,1,-1,1,model-in-conversation,PAPv2-Y4-p2
C01646,1,0,1,model-in-conversation,PAPv2-Y4-p2
C01647,0,,.,model-in-conversation,PAPv2-Y4-p2
C01648,1,-1,0,model-in-conversation,PAPv2-Y4-p2
C01649,1,1,0,model-in-conversation,PAPv2-Y4-p2
C01650,0,,.,model-in-conversation,PAPv2-Y4-p2
C01651,0,,.,model-in-conversation,PAPv2-Y4-p2
C01652,0,,.,model-in-conversation,PAPv2-Y4-p2
C01653,1,-1,1,model-in-conversation,PAPv2-Y4-p2
C01654,0,,.,model-in-conversation,PAPv2-Y4-p2
C01655,0,,.,model-in-conversation,PAPv2-Y4-p2
C01656,1,0,0,model-in-conversation,PAPv2-Y4-p2
C01657,1,1,0,model-in-conversation,PAPv2-Y4-p2
C01658,1,1,0,model-in-conversation,PAPv2-Y4-p2
C01659,1,0,0,model-in-conversation,PAPv2-Y4-p2
C01660,1,0,0,model-in-conversation,PAPv2-Y4-p2
C01661,0,,.,model-in-conversation,PAPv2-Y4-p2
C01662,0,,.,model-in-conversation,PAPv2-Y4-p2
C01663,0,,.,model-in-conversation,PAPv2-Y4-p2
C01664,0,,.,model-in-conversation,PAPv2-Y4-p2
C01665,0,,.,model-in-conversation,PAPv2-Y4-p2
C01666,0,,.,model-in-conversation,PAPv2-Y4-p2
C01667,1,0,0,model-in-conversation,PAPv2-Y4-p2
C01668,0,,.,model-in-conversation,PAPv2-Y4-p2
C01669,1,1,0,model-in-conversation,PAPv2-Y4-p2
C01670,1,0,1,model-in-conversation,PAPv2-Y4-p2
C01671,1,0,0,model-in-conversation,PAPv2-Y4-p2
C01672,1,0,0,model-in-conversation,PAPv2-Y4-p2
C01673,0,,.,model-in-conversation,PAPv2-Y4-p2
C01674,1,1,0,model-in-conversation,PAPv2-Y4-p2
C01675,1,0,0,model-in-conversation,PAPv2-Y4-p2
C01676,1,0,0,model-in-conversation,PAPv2-Y4-p2
C01677,0,,.,model-in-conversation,PAPv2-Y4-p2
C01678,0,,.,model-in-conversation,PAPv2-Y4-p2
C01679,0,,.,model-in-conversation,PAPv2-Y4-p2
C01680,1,-1,0,model-in-conversation,PAPv2-Y4-p2
C01681,0,,.,model-in-conversation,PAPv2-Y4-p2
C01682,1,0,0,model-in-conversation,PAPv2-Y4-p2
C01683,1,1,1,model-in-conversation,PAPv2-Y4-p2
C01684,1,0,1,model-in-conversation,PAPv2-Y4-p2
C01685,0,,.,model-in-conversation,PAPv2-Y4-p2
C01686,0,,.,model-in-conversation,PAPv2-Y4-p2
C01687,0,,.,model-in-conversation,PAPv2-Y4-p2
C01688,1,0,1,model-in-conversation,PAPv2-Y4-p2
C01689,1,1,1,model-in-conversation,PAPv2-Y4-p2
C01690,0,,.,model-in-conversation,PAPv2-Y4-p2
C01691,1,1,0,model-in-conversation,PAPv2-Y4-p2
C01692,0,,.,model-in-conversation,PAPv2-Y4-p2
C01693,1,0,1,model-in-conversation,PAPv2-Y4-p2
C01694,0,,.,model-in-conversation,PAPv2-Y4-p2
C01695,1,0,1,model-in-conversation,PAPv2-Y4-p2
C01696,0,,.,model-in-conversation,PAPv2-Y4-p2
C01697,0,,.,model-in-conversation,PAPv2-Y4-p2
C01698,1,0,1,model-in-conversation,PAPv2-Y4-p2
C01699,1,0,0,model-in-conversation,PAPv2-Y4-p2
C01700,1,1,0,model-in-conversation,PAPv2-Y4-p2
C01701,1,1,0,model-in-conversation,PAPv2-Y4-p2
C01702,1,1,0,model-in-conversation,PAPv2-Y4-p2
C01703,1,0,0,model-in-conversation,PAPv2-Y4-p2
C01704,1,1,0,model-in-conversation,PAPv2-Y4-p2
C01705,1,1,1,model-in-conversation,PAPv2-Y4-p2
C01706,1,0,0,model-in-conversation,PAPv2-Y4-p2
C01707,0,,.,model-in-conversation,PAPv2-Y4-p2
C01708,1,0,0,model-in-conversation,PAPv2-Y4-p2
C01709,0,,.,model-in-conversation,PAPv2-Y4-p2
C01710,1,0,0,model-in-conversation,PAPv2-Y4-p2
C01711,0,,.,model-in-conversation,PAPv2-Y4-p2
C01712,1,1,1,model-in-conversation,PAPv2-Y4-p2
C01713,1,0,1,model-in-conversation,PAPv2-Y4-p2
C01714,1,-1,0,model-in-conversation,PAPv2-Y4-p2
C01715,1,0,0,model-in-conversation,PAPv2-Y4-p2
C01716,0,,.,model-in-conversation,PAPv2-Y4-p2
C01717,0,,.,model-in-conversation,PAPv2-Y4-p2
C01718,1,1,0,model-in-conversation,PAPv2-Y4-p2
C01719,0,,.,model-in-conversation,PAPv2-Y4-p2
C01720,1,1,0,model-in-conversation,PAPv2-Y4-p2
C01721,1,-1,0,model-in-conversation,PAPv2-Y4-p2
C01722,1,0,0,model-in-conversation,PAPv2-Y4-p2
C01723,0,,.,model-in-conversation,PAPv2-Y4-p2
C01724,1,-1,1,model-in-conversation,PAPv2-Y4-p2
C01725,0,,.,model-in-conversation,PAPv2-Y4-p2
C01726,1,-1,0,model-in-conversation,PAPv2-Y4-p2
C01727,1,1,0,model-in-conversation,PAPv2-Y4-p2
C01728,1,-1,0,model-in-conversation,PAPv2-Y4-p2
C01729,0,,.,model-in-conversation,PAPv2-Y4-p2
C01730,0,,.,model-in-conversation,PAPv2-Y4-p2
C01731,0,,.,model-in-conversation,PAPv2-Y4-p2
C01732,1,0,1,model-in-conversation,PAPv2-Y4-p2
C01733,1,0,0,model-in-conversation,PAPv2-Y4-p2
C01734,1,0,0,model-in-conversation,PAPv2-Y4-p2
C01735,1,1,0,model-in-conversation,PAPv2-Y4-p2
C01736,1,0,0,model-in-conversation,PAPv2-Y4-p2
C01737,0,,.,model-in-conversation,PAPv2-Y4-p2
C01738,1,-1,0,model-in-conversation,PAPv2-Y4-p2
C01739,0,,.,model-in-conversation,PAPv2-Y4-p2
C01740,1,0,0,model-in-conversation,PAPv2-Y4-p2
C01741,1,0,0,model-in-conversation,PAPv2-Y4-p2
C01742,1,1,0,model-in-conversation,PAPv2-Y4-p2
C01743,0,,.,model-in-conversation,PAPv2-Y4-p2
C01744,0,,.,model-in-conversation,PAPv2-Y4-p2
C01745,0,,.,model-in-conversation,PAPv2-Y4-p2
C01746,0,,.,model-in-conversation,PAPv2-Y4-p2
C01747,1,-1,0,model-in-conversation,PAPv2-Y4-p2
C01748,0,,.,model-in-conversation,PAPv2-Y4-p2
C01749,0,,.,model-in-conversation,PAPv2-Y4-p2
C01750,1,-1,0,model-in-conversation,PAPv2-Y4-p2
C01751,1,0,0,model-in-conversation,PAPv2-Y4-p2
C01752,0,,.,model-in-conversation,PAPv2-Y4-p2
C01753,0,,.,model-in-conversation,PAPv2-Y4-p2
C01754,1,1,0,model-in-conversation,PAPv2-Y4-p2
C01755,1,1,0,model-in-conversation,PAPv2-Y4-p2
C01756,1,1,0,model-in-conversation,PAPv2-Y4-p2
C01757,1,0,0,model-in-conversation,PAPv2-Y4-p2
C01758,0,,.,model-in-conversation,PAPv2-Y4-p2
C01759,1,1,0,model-in-conversation,PAPv2-Y4-p2
C01760,1,-1,1,model-in-conversation,PAPv2-Y4-p2
C01761,0,,.,model-in-conversation,PAPv2-Y4-p2
C01762,1,0,0,model-in-conversation,PAPv2-Y4-p2
C01763,1,-1,1,model-in-conversation,PAPv2-Y4-p2
C01764,1,1,1,model-in-conversation,PAPv2-Y4-p2
C01765,0,,.,model-in-conversation,PAPv2-Y4-p2
C01766,0,,.,model-in-conversation,PAPv2-Y4-p2
C01767,1,0,1,model-in-conversation,PAPv2-Y4-p2
C01768,1,-1,0,model-in-conversation,PAPv2-Y4-p2
C01769,0,,.,model-in-conversation,PAPv2-Y4-p2
C01770,1,-1,0,model-in-conversation,PAPv2-Y4-p2
C01771,0,,.,model-in-conversation,PAPv2-Y4-p2
C01772,1,1,0,model-in-conversation,PAPv2-Y4-p2
C01773,1,0,0,model-in-conversation,PAPv2-Y4-p2
C01774,0,,.,model-in-conversation,PAPv2-Y4-p2
C01775,1,0,0,model-in-conversation,PAPv2-Y4-p2
C01776,1,-1,0,model-in-conversation,PAPv2-Y4-p2
C01777,0,,.,model-in-conversation,PAPv2-Y4-p2
C01778,0,,.,model-in-conversation,PAPv2-Y4-p2
C01779,1,1,1,model-in-conversation,PAPv2-Y4-p2
C01780,1,0,1,model-in-conversation,PAPv2-Y4-p2
C01781,1,-1,0,model-in-conversation,PAPv2-Y4-p2
C01782,1,-1,0,model-in-conversation,PAPv2-Y4-p2
C01783,1,-1,0,model-in-conversation,PAPv2-Y4-p2
C01784,1,0,1,model-in-conversation,PAPv2-Y4-p2
C01785,1,-1,1,model-in-conversation,PAPv2-Y4-p2
C01786,1,0,1,model-in-conversation,PAPv2-Y4-p2
C01787,0,,.,model-in-conversation,PAPv2-Y4-p2
C01788,0,,.,model-in-conversation,PAPv2-Y4-p2
C01789,1,0,0,model-in-conversation,PAPv2-Y4-p2
C01790,1,1,0,model-in-conversation,PAPv2-Y4-p2
C01791,1,1,1,model-in-conversation,PAPv2-Y4-p2
C01792,1,1,0,model-in-conversation,PAPv2-Y4-p2
C01793,0,,.,model-in-conversation,PAPv2-Y4-p2
C01794,1,1,0,model-in-conversation,PAPv2-Y4-p2
C01795,1,-1,0,model-in-conversation,PAPv2-Y4-p2
C01796,1,1,1,model-in-conversation,PAPv2-Y4-p2
C01797,0,,.,model-in-conversation,PAPv2-Y4-p2
C01798,1,0,0,model-in-conversation,PAPv2-Y4-p2
C01799,1,0,1,model-in-conversation,PAPv2-Y4-p2
C01800,0,,.,model-in-conversation,PAPv2-Y4-p2
C01801,1,-1,1,model-in-conversation,PAPv2-Y4-p2
C01802,1,0,1,model-in-conversation,PAPv2-Y4-p2
C01803,0,,.,model-in-conversation,PAPv2-Y4-p2
C01804,1,1,0,model-in-conversation,PAPv2-Y4-p2
C01805,0,,.,model-in-conversation,PAPv2-Y4-p2
C01806,1,1,0,model-in-conversation,PAPv2-Y4-p2
C01807,1,-1,0,model-in-conversation,PAPv2-Y4-p2
C01808,1,1,0,model-in-conversation,PAPv2-Y4-p2
C01809,1,0,1,model-in-conversation,PAPv2-Y4-p2
C01810,0,,.,model-in-conversation,PAPv2-Y4-p2
C01811,1,-1,1,model-in-conversation,PAPv2-Y4-p2
C01812,1,-1,1,model-in-conversation,PAPv2-Y4-p2
C01813,1,1,0,model-in-conversation,PAPv2-Y4-p2
C01814,1,1,0,model-in-conversation,PAPv2-Y4-p2
C01815,1,0,0,model-in-conversation,PAPv2-Y4-p2
C01816,1,1,0,model-in-conversation,PAPv2-Y4-p2
C01817,0,,.,model-in-conversation,PAPv2-Y4-p2
C01818,1,0,1,model-in-conversation,PAPv2-Y4-p2
C01819,1,0,0,model-in-conversation,PAPv2-Y4-p2
C01820,1,-1,0,model-in-conversation,PAPv2-Y4-p2
C01821,0,,.,model-in-conversation,PAPv2-Y4-p2
C01822,1,1,0,model-in-conversation,PAPv2-Y4-p2
C01823,0,,.,model-in-conversation,PAPv2-Y4-p2
C01824,0,,.,model-in-conversation,PAPv2-Y4-p2
C01825,1,0,1,model-in-conversation,PAPv2-Y4-p2
C01826,1,-1,0,model-in-conversation,PAPv2-Y4-p2
C01827,1,1,1,model-in-conversation,PAPv2-Y4-p2
C01828,0,,.,model-in-conversation,PAPv2-Y4-p2
C01829,0,,.,model-in-conversation,PAPv2-Y4-p2
C01830,1,0,0,model-in-conversation,PAPv2-Y4-p2
C01831,1,0,0,model-in-conversation,PAPv2-Y4-p2
C01832,0,,.,model-in-conversation,PAPv2-Y4-p2
C01833,0,,.,model-in-conversation,PAPv2-Y4-p2
C01834,0,,.,model-in-conversation,PAPv2-Y4-p2
C01835,1,-1,0,model-in-conversation,PAPv2-Y4-p2
C01836,1,1,0,model-in-conversation,PAPv2-Y4-p2
C01837,1,1,0,model-in-conversation,PAPv2-Y4-p2
C01838,1,-1,0,model-in-conversation,PAPv2-Y4-p2
C01839,1,1,0,model-in-conversation,PAPv2-Y4-p2
C01840,1,-1,0,model-in-conversation,PAPv2-Y4-p2
C01841,0,,.,model-in-conversation,PAPv2-Y4-p2
C01842,1,0,0,model-in-conversation,PAPv2-Y4-p2
C01843,1,0,0,model-in-conversation,PAPv2-Y4-p2
C01844,1,0,0,model-in-conversation,PAPv2-Y4-p2
C01845,0,,.,model-in-conversation,PAPv2-Y4-p2
C01846,1,-1,0,model-in-conversation,PAPv2-Y4-p2
C01847,1,-1,0,model-in-conversation,PAPv2-Y4-p2
C01848,1,0,0,model-in-conversation,PAPv2-Y4-p2
C01849,1,0,0,model-in-conversation,PAPv2-Y4-p2
C01850,1,1,0,model-in-conversation,PAPv2-Y4-p2
C01851,1,0,0,model-in-conversation,PAPv2-Y4-p2
C01852,1,-1,0,model-in-conversation,PAPv2-Y4-p2
C01853,1,1,1,model-in-conversation,PAPv2-Y4-p2
C01854,1,1,0,model-in-conversation,PAPv2-Y4-p2
C01855,1,0,0,model-in-conversation,PAPv2-Y4-p2
C01856,0,,.,model-in-conversation,PAPv2-Y4-p2
C01857,1,1,0,model-in-conversation,PAPv2-Y4-p2
C01858,1,1,1,model-in-conversation,PAPv2-Y4-p2
C01859,1,0,0,model-in-conversation,PAPv2-Y4-p2
C01860,1,0,1,model-in-conversation,PAPv2-Y4-p2
C01861,1,0,0,model-in-conversation,PAPv2-Y4-p2
C01862,1,1,0,model-in-conversation,PAPv2-Y4-p2
C01863,1,-1,0,model-in-conversation,PAPv2-Y4-p2
C01864,1,0,0,model-in-conversation,PAPv2-Y4-p2
C01865,0,,.,model-in-conversation,PAPv2-Y4-p2
C01866,1,0,0,model-in-conversation,PAPv2-Y4-p2
C01867,1,0,0,model-in-conversation,PAPv2-Y4-p2
C01868,0,,.,model-in-conversation,PAPv2-Y4-p2
C01869,1,1,0,model-in-conversation,PAPv2-Y4-p2
C01870,1,-1,0,model-in-conversation,PAPv2-Y4-p2
C01871,1,1,1,model-in-conversation,PAPv2-Y4-p2
C01872,1,1,0,model-in-conversation,PAPv2-Y4-p2
C01873,0,,.,model-in-conversation,PAPv2-Y4-p2
C01874,1,0,0,model-in-conversation,PAPv2-Y4-p2
C01875,0,,.,model-in-conversation,PAPv2-Y4-p2
C01876,1,-1,0,model-in-conversation,PAPv2-Y4-p2
C01877,1,0,0,model-in-conversation,PAPv2-Y4-p2
C01878,1,0,0,model-in-conversation,PAPv2-Y4-p2
C01879,1,1,1,model-in-conversation,PAPv2-Y4-p2
C01880,1,0,1,model-in-conversation,PAPv2-Y4-p2
C01881,0,,.,model-in-conversation,PAPv2-Y4-p2
C01882,1,-1,1,model-in-conversation,PAPv2-Y4-p2
C01883,1,1,1,model-in-conversation,PAPv2-Y4-p2
C01884,1,1,1,model-in-conversation,PAPv2-Y4-p2
C01885,0,,.,model-in-conversation,PAPv2-Y4-p2
C01886,1,1,0,model-in-conversation,PAPv2-Y4-p2
C01887,1,1,0,model-in-conversation,PAPv2-Y4-p2
C01888,1,-1,0,model-in-conversation,PAPv2-Y4-p2
C01889,1,0,0,model-in-conversation,PAPv2-Y4-p2
C01890,1,0,0,model-in-conversation,PAPv2-Y4-p2
C01891,0,,.,model-in-conversation,PAPv2-Y4-p2
C01892,0,,.,model-in-conversation,PAPv2-Y4-p2
C01893,1,-1,0,model-in-conversation,PAPv2-Y4-p2
C01894,0,,.,model-in-conversation,PAPv2-Y4-p2
C01895,1,-1,0,model-in-conversation,PAPv2-Y4-p2
C01896,1,1,1,model-in-conversation,PAPv2-Y4-p2
C01897,1,1,0,model-in-conversation,PAPv2-Y4-p2
C01898,0,,.,model-in-conversation,PAPv2-Y4-p2
C01899,1,-1,0,model-in-conversation,PAPv2-Y4-p2
C01900,1,1,1,model-in-conversation,PAPv2-Y4-p2
C01901,0,,.,model-in-conversation,PAPv2-Y4-p2
C01902,1,0,0,model-in-conversation,PAPv2-Y4-p2
C01903,1,-1,0,model-in-conversation,PAPv2-Y4-p2
C01904,0,,.,model-in-conversation,PAPv2-Y4-p2
C01905,1,0,0,model-in-conversation,PAPv2-Y4-p2
C01906,1,-1,1,model-in-conversation,PAPv2-Y4-p2
C01907,1,-1,0,model-in-conversation,PAPv2-Y4-p2
C01908,1,1,0,model-in-conversation,PAPv2-Y4-p2
C01909,0,,.,model-in-conversation,PAPv2-Y4-p2
C01910,1,0,0,model-in-conversation,PAPv2-Y4-p2
C01911,0,,.,model-in-conversation,PAPv2-Y4-p2
C01912,1,0,0,model-in-conversation,PAPv2-Y4-p2
C01913,1,0,0,model-in-conversation,PAPv2-Y4-p2
C01914,1,0,1,model-in-conversation,PAPv2-Y4-p2
C01915,0,,.,model-in-conversation,PAPv2-Y4-p2
C01916,1,1,0,model-in-conversation,PAPv2-Y4-p2
C01917,1,-1,1,model-in-conversation,PAPv2-Y4-p2
C01918,1,0,0,model-in-conversation,PAPv2-Y4-p2
C01919,0,,.,model-in-conversation,PAPv2-Y4-p2
C01920,0,,.,model-in-conversation,PAPv2-Y4-p2
C01921,1,0,0,model-in-conversation,PAPv2-Y4-p2
C01922,0,,.,model-in-conversation,PAPv2-Y4-p2
C01923,1,-1,0,model-in-conversation,PAPv2-Y4-p2
C01924,1,0,1,model-in-conversation,PAPv2-Y4-p2
C01925,1,-1,0,model-in-conversation,PAPv2-Y4-p2
C01926,1,0,1,model-in-conversation,PAPv2-Y4-p2
C01927,0,,.,model-in-conversation,PAPv2-Y4-p2
C01928,0,,.,model-in-conversation,PAPv2-Y4-p2
C01929,0,,.,model-in-conversation,PAPv2-Y4-p2
C01930,1,1,0,model-in-conversation,PAPv2-Y4-p2
C01931,0,,.,model-in-conversation,PAPv2-Y4-p2
C01932,1,-1,1,model-in-conversation,PAPv2-Y4-p2
C01933,0,,.,model-in-conversation,PAPv2-Y4-p2
C01934,0,,.,model-in-conversation,PAPv2-Y4-p2
C01935,1,0,1,model-in-conversation,PAPv2-Y4-p2
C01936,1,-1,0,model-in-conversation,PAPv2-Y4-p2
C01937,1,1,0,model-in-conversation,PAPv2-Y4-p2
C01938,1,-1,0,model-in-conversation,PAPv2-Y4-p2
C01939,0,,.,model-in-conversation,PAPv2-Y4-p2
C01940,0,,.,model-in-conversation,PAPv2-Y4-p2
C01941,1,1,1,model-in-conversation,PAPv2-Y4-p2
C01942,1,-1,0,model-in-conversation,PAPv2-Y4-p2
C01943,0,,.,model-in-conversation,PAPv2-Y4-p2
C01944,1,-1,1,model-in-conversation,PAPv2-Y4-p2
C01945,1,0,0,model-in-conversation,PAPv2-Y4-p2
C01946,1,-1,0,model-in-conversation,PAPv2-Y4-p2
C01947,0,,.,model-in-conversation,PAPv2-Y4-p2
C01948,1,-1,0,model-in-conversation,PAPv2-Y4-p2
C01949,1,1,0,model-in-conversation,PAPv2-Y4-p2
C01950,1,-1,1,model-in-conversation,PAPv2-Y4-p2
C01951,0,,.,model-in-conversation,PAPv2-Y4-p2
C01952,0,,.,model-in-conversation,PAPv2-Y4-p2
C01953,1,0,0,model-in-conversation,PAPv2-Y4-p2
C01954,0,,.,model-in-conversation,PAPv2-Y4-p2
C01955,1,1,0,model-in-conversation,PAPv2-Y4-p2
C01956,0,,.,model-in-conversation,PAPv2-Y4-p2
C01957,0,,.,model-in-conversation,PAPv2-Y4-p2
C01958,1,-1,0,model-in-conversation,PAPv2-Y4-p2
C01959,1,1,1,model-in-conversation,PAPv2-Y4-p2
C01960,0,,.,model-in-conversation,PAPv2-Y4-p2
C01961,0,,.,model-in-conversation,PAPv2-Y4-p2
C01962,1,0,1,model-in-conversation,PAPv2-Y4-p2
C01963,0,,.,model-in-conversation,PAPv2-Y4-p2
C01964,1,-1,0,model-in-conversation,PAPv2-Y4-p2
C01965,0,,.,model-in-conversation,PAPv2-Y4-p2
C01966,0,,.,model-in-conversation,PAPv2-Y4-p2
C01967,0,,.,model-in-conversation,PAPv2-Y4-p2
C01968,1,1,0,model-in-conversation,PAPv2-Y4-p2
C01969,1,-1,0,model-in-conversation,PAPv2-Y4-p2
C01970,1,-1,0,model-in-conversation,PAPv2-Y4-p2
C01971,0,,.,model-in-conversation,PAPv2-Y4-p2
C01972,0,,.,model-in-conversation,PAPv2-Y4-p2
C01973,1,1,1,model-in-conversation,PAPv2-Y4-p2
C01974,1,-1,1,model-in-conversation,PAPv2-Y4-p2
C01975,1,1,0,model-in-conversation,PAPv2-Y4-p2
C01976,0,,.,model-in-conversation,PAPv2-Y4-p2
C01977,1,-1,0,model-in-conversation,PAPv2-Y4-p2
C01978,1,1,1,model-in-conversation,PAPv2-Y4-p2
C01979,1,-1,0,model-in-conversation,PAPv2-Y4-p2
C01980,0,,.,model-in-conversation,PAPv2-Y4-p2
C01981,1,0,1,model-in-conversation,PAPv2-Y4-p2
C01982,1,0,0,model-in-conversation,PAPv2-Y4-p2
C01983,1,-1,0,model-in-conversation,PAPv2-Y4-p2
C01984,1,1,0,model-in-conversation,PAPv2-Y4-p2
C01985,1,0,1,model-in-conversation,PAPv2-Y4-p2
C01986,1,-1,0,model-in-conversation,PAPv2-Y4-p2
C01987,0,,.,model-in-conversation,PAPv2-Y4-p2
C01988,1,1,0,model-in-conversation,PAPv2-Y4-p2
C01989,1,-1,0,model-in-conversation,PAPv2-Y4-p2
C01990,0,,.,model-in-conversation,PAPv2-Y4-p2
C01991,1,-1,0,model-in-conversation,PAPv2-Y4-p2
