id,valid,topic,position,retrospective
C00001,True,True,-1.0,False
C00002,True,False,,False
C00003,True,True,0.0,False
C00004,True,True,0.0,False
C00005,True,True,0.0,False
C00006,True,True,-1.0,False
C00007,True,True,1.0,False
C00008,True,True,1.0,False
C00009,True,True,0.0,False
C00010,True,False,,False
C00011,True,True,0.0,False
C00012,True,True,1.0,False
C00013,True,True,-1.0,False
C00014,True,True,0.0,True
C00015,True,True,-1.0,False
C00016,True,True,1.0,False
C00017,True,True,0.0,False
C00018,True,True,0.0,False
C00019,True,True,0.0,False
C00020,True,False,,False
C00021,True,True,0.0,True
C00022,True,True,-1.0,False
C00023,True,True,0.0,False
C00024,True,True,0.0,False
C00025,True,True,1.0,False
C00026,True,False,,False
C00027,True,True,1.0,False
C00028,True,True,-1.0,False
C00029,True,False,,False
C00030,True,True,0.0,False
C00031,True,True,1.0,False
C00032,True,False,,False
C00033,True,True,1.0,False
C00034,True,True,1.0,False
C00035,True,True,0.0,True
C00036,True,True,1.0,True
C00037,True,True,0.0,False
C00038,True,True,1.0,False
C00039,True,False,,False
C00040,True,True,-1.0,False
C00041,True,True,-1.0,False
C00042,True,False,,False
C00043,True,True,-1.0,False
C00044,True,False,,False
C00045,True,True,-1.0,False
C00046,True,True,0.0,True
C00047,True,True,0.0,False
C00048,True,True,1.0,False
C00049,True,True,0.0,False
C00050,True,False,,False
C00051,True,True,1.0,False
C00052,True,True,1.0,False
C00053,True,False,,False
C00054,True,True,-1.0,False
C00055,True,True,1.0,False
C00056,True,False,,False
C00057,True,True,0.0,False
C00058,True,True,0.0,False
C00059,True,False,,False
C00060,True,False,,False
C00061,True,True,0.0,True
C00062,True,True,1.0,False
C00063,True,False,,False
C00064,True,True,-1.0,False
C00065,True,True,0.0,False
C00066,True,False,,False
C00067,True,False,,False
C00068,True,True,1.0,True
C00069,True,False,,False
C00070,True,True,-1.0,True
C00071,True,True,0.0,False
C00072,True,False,,False
C00073,True,True,0.0,False
C00074,True,True,0.0,True
C00075,True,False,,False
C00076,True,True,-1.0,False
C00077,True,True,-1.0,False
C00078,True,True,1.0,False
C00079,True,True,0.0,True
C00080,True,True,1.0,True
C00081,True,True,0.0,False
C00082,True,True,-1.0,False
C00083,True,True,1.0,False
C00084,True,True,0.0,True
C00085,True,True,1.0,True
C00086,True,True,1.0,False
C00087,True,False,,False
C00088,True,True,-1.0,False
C00089,True,True,0.0,False
C00090,True,True,-1.0,False
C00091,True,True,-1.0,False
C00092,True,True,-1.0,False
C00093,True,True,-1.0,False
C00094,True,False,,False
C00095,True,True,-1.0,False
C00096,True,True,0.0,False
C00097,True,True,0.0,False
C00098,True,True,-1.0,False
C00099,True,True,1.0,False
C00100,True,False,,False
C00101,True,True,-1.0,False
C00102,True,False,,False
C00103,True,False,,False
C00104,True,False,,False
C00105,True,True,-1.0,False
C00106,True,False,,False
C00107,True,True,0.0,True
C00108,True,False,,False
C00109,True,False,,False
C00110,True,True,1.0,False
C00111,True,True,1.0,False
C00112,True,True,1.0,False
C00113,True,True,1.0,False
C00114,True,True,-1.0,True
C00115,True,True,-1.0,False
C00116,True,True,0.0,False
C00117,True,True,-1.0,False
C00118,True,True,1.0,False
C00119,True,True,-1.0,False
C00120,True,False,,False
C00121,True,True,1.0,False
C00122,True,True,1.0,False
C00123,True,True,-1.0,False
C00124,True,True,0.0,False
C00125,True,False,,False
C00126,True,True,0.0,True
C00127,True,True,-1.0,True
C00128,True,True,1.0,False
C00129,True,False,,False
C00130,True,False,,False
C00131,True,False,,False
C00132,True,False,,False
C00133,True,True,0.0,False
C00134,True,True,1.0,False
C00135,True,False,,False
C00136,True,True,0.0,False
C00137,True,False,,False
C00138,True,False,,False
C00139,True,True,-1.0,False
C00140,True,True,0.0,True
C00141,True,True,0.0,True
C00142,True,True,0.0,False
C00143,True,False,,False
C00144,True,True,0.0,False
C00145,True,False,,False
C00146,True,True,1.0,False
C00147,True,False,,False
C00148,True,True,0.0,False
C00149,True,True,0.0,False
C00150,True,True,1.0,False
C00151,True,True,1.0,False
C00152,True,True,1.0,True
C00153,True,True,0.0,False
C00154,True,True,-1.0,False
C00155,True,False,,False
C00156,True,True,1.0,False
C00157,True,True,0.0,False
C00158,True,True,-1.0,False
C00159,True,True,0.0,False
C00160,True,False,,False
C00161,True,False,,False
C00162,True,True,0.0,False
C00163,True,False,,False
C00164,True,False,,False
C00165,True,False,,False
C00166,True,True,1.0,False
C00167,True,True,0.0,False
C00168,True,True,0.0,False
C00169,True,True,1.0,False
C00170,True,True,0.0,False
C00171,True,True,0.0,False
C00172,True,True,0.0,False
C00173,True,True,1.0,False
C00174,True,True,0.0,False
C00175,True,False,,False
C00176,True,False,,False
C00177,True,False,,False
C00178,True,True,0.0,False
C00179,True,False,,False
C00180,True,True,-1.0,False
C00181,True,True,-1.0,False
C00182,True,True,-1.0,False
C00183,True,False,,False
C00184,True,True,0.0,False
C00185,True,True,1.0,True
C00186,True,True,1.0,False
C00187,True,True,0.0,False
C00188,True,False,,False
C00189,True,True,1.0,False
C00190,True,True,-1.0,False
C00191,True,True,0.0,False
C00192,True,True,1.0,False
C00193,True,True,-1.0,False
C00194,True,True,-1.0,False
C00195,True,False,,False
C00196,True,True,0.0,True
C00197,True,False,,False
C00198,True,True,1.0,False
C00199,True,False,,False
C00200,True,True,-1.0,False
C00201,True,True,1.0,False
C00202,True,False,,False
C00203,True,True,0.0,False
C00204,True,True,0.0,False
C00205,True,True,-1.0,False
C00206,True,False,,False
C00207,True,True,1.0,False
C00208,True,True,0.0,True
C00209,True,True,-1.0,False
C00210,True,True,-1.0,False
C00211,True,False,,False
C00212,True,True,-1.0,False
C00213,True,False,,False
C00214,True,True,1.0,False
C00215,True,False,,False
C00216,True,False,,False
C00217,True,True,1.0,False
C00218,True,False,,False
C00219,True,True,1.0,True
C00220,True,True,0.0,False
C00221,True,True,0.0,True
C00222,True,True,1.0,False
C00223,True,True,1.0,False
C00224,True,True,1.0,False
C00225,True,True,0.0,True
C00226,True,True,0.0,False
C00227,True,True,-1.0,False
C00228,True,True,0.0,False
C00229,True,False,,False
C00230,True,True,0.0,True
C00231,True,True,-1.0,False
C00232,True,False,,False
C00233,True,False,,False
C00234,True,False,,False
C00235,True,True,0.0,False
C00236,True,True,0.0,False
C00237,True,True,0.0,False
C00238,True,True,-1.0,False
C00239,True,True,0.0,False
C00240,True,True,1.0,False
C00241,True,True,-1.0,True
C00242,True,True,0.0,False
C00243,True,True,-1.0,False
C00244,True,True,0.0,False
C00245,True,True,0.0,False
C00246,True,True,1.0,False
C00247,True,True,1.0,False
C00248,True,True,-1.0,False
C00249,True,True,-1.0,False
C00250,True,True,0.0,False
C00251,True,True,1.0,False
C00252,True,True,1.0,False
C00253,True,False,,False
C00254,True,False,,False
C00255,True,True,1.0,False
C00256,True,True,0.0,False
C00257,True,True,0.0,False
C00258,True,True,0.0,True
C00259,True,False,,False
C00260,True,False,,False
C00261,True,True,0.0,False
C00262,True,False,,False
C00263,True,False,,False
C00264,True,True,0.0,False
C00265,True,True,1.0,True
C00266,True,False,,False
C00267,True,False,,False
C00268,True,True,-1.0,False
C00269,True,False,,False
C00270,True,True,-1.0,False
C00271,True,True,1.0,False
C00272,True,True,0.0,False
C00273,True,True,-1.0,False
C00274,True,False,,False
C00275,True,True,0.0,False
C00276,True,True,-1.0,False
C00277,True,True,-1.0,False
C00278,True,True,1.0,False
C00279,True,True,1.0,False
C00280,True,True,1.0,False
C00281,True,True,0.0,True
C00282,True,True,0.0,False
C00283,True,True,1.0,False
C00284,True,True,0.0,False
C00285,True,True,-1.0,False
C00286,True,True,0.0,False
C00287,True,True,0.0,True
C00288,True,False,,False
C00289,True,False,,False
C00290,True,True,1.0,False
C00291,True,True,0.0,True
C00292,True,False,,False
C00293,True,True,1.0,False
C00294,True,True,1.0,True
C00295,True,True,0.0,False
C00296,True,True,1.0,True
C00297,True,True,0.0,False
C00298,True,True,-1.0,False
C00299,True,False,,False
C00300,True,True,0.0,True
C00301,True,True,0.0,False
C00302,True,False,,False
C00303,True,True,0.0,False
C00304,True,True,0.0,False
C00305,True,False,,False
C00306,True,True,0.0,False
C00307,True,True,0.0,False
C00308,True,True,-1.0,False
C00309,True,True,1.0,False
C00310,True,True,0.0,False
C00311,True,True,1.0,False
C00312,True,True,0.0,True
C00313,True,True,1.0,False
C00314,True,True,0.0,False
C00315,True,False,,False
C00316,True,True,-1.0,False
C00317,True,True,-1.0,False
C00318,True,False,,False
C00319,True,True,-1.0,False
C00320,True,True,1.0,False
C00321,True,True,0.0,False
C00322,True,True,1.0,True
C00323,True,False,,False
C00324,True,False,,False
C00325,True,False,,False
C00326,True,True,-1.0,False
C00327,True,True,-1.0,False
C00328,True,False,,False
C00329,True,False,,False
C00330,True,False,,False
C00331,True,True,0.0,False
C00332,True,True,1.0,False
C00333,True,False,,False
C00334,True,True,0.0,False
C00335,True,True,1.0,False
C00336,True,True,0.0,False
C00337,True,False,,False
C00338,True,False,,False
C00339,True,True,0.0,False
C00340,True,True,0.0,False
C00341,True,True,0.0,True
C00342,True,True,-1.0,False
C00343,True,True,1.0,False
C00344,True,False,,False
C00345,True,True,0.0,True
C00346,True,True,0.0,False
C00347,True,False,,False
C00348,True,True,0.0,False
C00349,True,True,-1.0,False
C00350,True,True,0.0,False
C00351,True,True,0.0,False
C00352,True,True,1.0,False
C00353,True,True,-1.0,False
C00354,True,True,1.0,False
C00355,True,True,0.0,False
C00356,True,True,1.0,False
C00357,True,True,0.0,True
C00358,True,True,0.0,False
C00359,True,True,-1.0,False
C00360,True,True,0.0,False
C00361,True,True,1.0,True
C00362,True,False,,False
C00363,True,False,,False
C00364,True,True,0.0,True
C00365,True,False,,False
C00366,True,True,0.0,True
C00367,True,True,0.0,False
C00368,True,False,,False
C00369,True,True,1.0,False
C00370,True,True,1.0,False
C00371,True,False,,False
C00372,True,False,,False
C00373,True,True,0.0,False
C00374,True,True,1.0,True
C00375,True,True,1.0,False
C00376,True,True,1.0,True
C00377,True,False,,False
C00378,True,False,,False
C00379,True,False,,False
C00380,True,True,0.0,False
C00381,True,True,1.0,False
C00382,True,True,1.0,False
C00383,True,False,,False
C00384,True,False,,False
C00385,True,False,,False
C00386,True,True,1.0,True
C00387,True,True,1.0,False
C00388,True,True,1.0,False
C00389,True,False,,False
C00390,True,False,,False
C00391,True,True,0.0,True
C00392,True,True,-1.0,False
C00393,True,False,,False
C00394,True,False,,False
C00395,True,False,,False
C00396,True,True,0.0,True
C00397,True,False,,False
C00398,True,True,0.0,False
C00399,True,False,,False
C00400,True,False,,False
C00401,True,True,0.0,False
C00402,True,False,,False
C00403,True,True,0.0,False
C00404,True,True,0.0,False
C00405,True,False,,False
C00406,True,True,0.0,False
C00407,True,False,,False
C00408,True,True,-1.0,False
C00409,True,True,1.0,False
C00410,True,True,0.0,False
C00411,True,False,,False
C00412,True,False,,False
C00413,True,False,,False
C00414,True,True,1.0,False
C00415,True,False,,False
C00416,True,True,-1.0,False
C00417,True,True,-1.0,False
C00418,True,False,,False
C00419,True,True,0.0,False
C00420,True,True,-1.0,False
C00421,True,True,1.0,False
C00422,True,False,,False
C00423,True,True,1.0,True
C00424,True,False,,False
C00425,True,False,,False
C00426,True,False,,False
C00427,True,False,,False
C00428,True,True,0.0,False
C00429,True,False,,False
C00430,True,False,,False
C00431,True,False,,False
C00432,True,True,1.0,True
C00433,True,True,-1.0,False
C00434,True,True,0.0,True
C00435,True,True,1.0,False
C00436,True,True,-1.0,False
C00437,True,False,,False
C00438,True,False,,False
C00439,True,True,0.0,False
C00440,True,False,,False
C00441,True,True,1.0,False
C00442,True,True,0.0,True
C00443,True,False,,False
C00444,True,False,,False
C00445,True,True,0.0,False
C00446,True,True,1.0,True
C00447,True,False,,False
C00448,True,True,0.0,True
C00449,True,False,,False
C00450,True,True,-1.0,False
C00451,True,False,,False
C00452,True,False,,False
C00453,True,True,1.0,False
C00454,True,False,,False
C00455,True,True,-1.0,True
C00456,True,True,1.0,True
C00457,True,True,0.0,False
C00458,True,True,1.0,False
C00459,True,False,,False
C00460,True,True,-1.0,False
C00461,True,True,0.0,True
C00462,True,True,-1.0,False
C00463,True,True,0.0,False
C00464,True,False,,False
C00465,True,True,1.0,False
C00466,True,False,,False
C00467,True,True,-1.0,True
C00468,True,False,,False
C00469,True,True,0.0,False
C00470,True,False,,False
C00471,True,False,,False
C00472,True,True,0.0,False
C00473,True,False,,False
C00474,True,True,-1.0,False
C00475,True,False,,False
C00476,True,True,1.0,True
C00477,True,True,0.0,False
C00478,True,True,1.0,False
C00479,True,False,,False
C00480,True,True,0.0,False
C00481,True,True,0.0,True
C00482,True,True,0.0,False
C00483,True,True,-1.0,False
C00484,True,False,,False
C00485,True,True,1.0,True
C00486,True,True,-1.0,True
C00487,True,False,,False
C00488,True,False,,False
C00489,True,False,,False
C00490,True,False,,False
C00491,True,True,1.0,False
C00492,True,True,-1.0,False
C00493,True,False,,False
C00494,True,True,1.0,True
C00495,True,True,-1.0,False
C00496,True,True,1.0,False
C00497,True,True,0.0,False
C00498,True,True,-1.0,False
C00499,True,True,-1.0,False
C00500,True,False,,False
C00501,True,False,,False
C00502,True,True,0.0,False
C00503,True,False,,False
C00504,True,True,0.0,True
C00505,True,True,0.0,True
C00506,True,False,,False
C00507,True,False,,False
C00508,True,True,0.0,False
C00509,True,False,,False
C00510,True,False,,False
C00511,True,False,,False
C00512,True,True,0.0,False
C00513,True,True,-1.0,False
C00514,True,False,,False
C00515,True,False,,False
C00516,True,False,,False
C00517,True,False,,False
C00518,True,True,-1.0,True
C00519,True,True,1.0,False
C00520,True,True,0.0,False
C00521,True,True,0.0,True
C00522,True,False,,False
C00523,True,False,,False
C00524,True,False,,False
C00525,True,False,,False
C00526,True,False,,False
C00527,True,True,1.0,True
C00528,True,True,-1.0,False
C00529,True,True,0.0,False
C00530,True,True,0.0,False
C00531,True,False,,False
C00532,True,True,1.0,False
C00533,True,False,,False
C00534,True,True,0.0,False
C00535,True,False,,False
C00536,True,True,1.0,False
C00537,True,True,1.0,False
C00538,True,True,1.0,False
C00539,True,False,,False
C00540,True,False,,False
C00541,True,True,-1.0,False
C00542,True,True,-1.0,False
C00543,True,False,,False
C00544,True,True,1.0,False
C00545,True,True,0.0,False
C00546,True,False,,False
C00547,True,False,,False
C00548,True,True,0.0,True
C00549,True,False,,False
C00550,True,False,,False
C00551,True,False,,False
C00552,True,True,-1.0,False
C00553,True,True,0.0,False
C00554,True,True,-1.0,False
C00555,True,False,,False
C00556,True,False,,False
C00557,True,True,0.0,False
C00558,True,True,0.0,False
C00559,True,True,1.0,False
C00560,True,True,-1.0,False
C00561,True,True,1.0,False
C00562,True,True,0.0,False
C00563,True,False,,False
C00564,True,True,1.0,False
C00565,True,True,-1.0,False
C00566,True,True,0.0,False
C00567,True,False,,False
C00568,True,True,1.0,True
C00569,True,False,,False
C00570,True,False,,False
C00571,True,True,0.0,False
C00572,True,True,1.0,False
C00573,True,True,0.0,False
C00574,True,True,-1.0,False
C00575,True,True,-1.0,False
C00576,True,True,0.0,False
C00577,True,True,1.0,False
C00578,True,False,,False
C00579,True,True,0.0,False
C00580,True,False,,False
C00581,True,False,,False
C00582,True,True,0.0,False
C00583,True,False,,False
C00584,True,False,,False
C00585,True,True,0.0,False
C00586,True,True,-1.0,False
C00587,True,True,0.0,True
C00588,True,True,-1.0,False
C00589,True,False,,False
C00590,True,True,0.0,True
C00591,True,False,,False
C00592,True,False,,False
C00593,True,True,1.0,False
C00594,True,True,0.0,True
C00595,True,True,-1.0,False
C00596,True,False,,False
C00597,True,True,1.0,False
C00598,True,True,0.0,False
C00599,True,False,,False
C00600,True,True,0.0,False
C00601,True,True,0.0,True
C00602,True,True,0.0,False
C00603,True,True,-1.0,False
C00604,True,True,0.0,False
C00605,True,True,0.0,False
C00606,True,False,,False
C00607,True,False,,False
C00608,True,False,,False
C00609,True,True,1.0,True
C00610,True,True,0.0,False
C00611,True,True,1.0,False
C00612,True,True,1.0,False
C00613,True,True,-1.0,False
C00614,True,True,-1.0,False
C00615,True,True,-1.0,False
C00616,True,False,,False
C00617,True,False,,False
C00618,True,False,,False
C00619,True,True,1.0,False
C00620,True,True,0.0,False
C00621,True,False,,False
C00622,True,True,0.0,False
C00623,True,True,0.0,False
C00624,True,False,,False
C00625,True,True,-1.0,True
C00626,True,True,-1.0,False
C00627,True,False,,False
C00628,True,True,0.0,False
C00629,True,True,0.0,False
C00630,True,False,,False
C00631,True,True,-1.0,False
C00632,True,True,-1.0,True
C00633,True,True,0.0,False
C00634,True,False,,False
C00635,True,True,0.0,False
C00636,True,True,-1.0,False
C00637,True,True,0.0,False
C00638,True,False,,False
C00639,True,True,0.0,False
C00640,True,False,,False
C00641,True,True,-1.0,False
C00642,True,True,0.0,False
C00643,True,True,-1.0,False
C00644,True,True,0.0,False
C00645,True,True,-1.0,False
C00646,True,True,1.0,False
C00647,True,True,0.0,False
C00648,True,True,0.0,False
C00649,True,True,1.0,True
C00650,True,True,0.0,False
C00651,True,False,,False
C00652,True,False,,False
C00653,True,True,1.0,False
C00654,True,False,,False
C00655,True,True,1.0,False
C00656,True,True,-1.0,True
C00657,True,False,,False
C00658,True,True,-1.0,False
C00659,True,True,0.0,False
C00660,True,True,-1.0,False
C00661,True,True,-1.0,True
C00662,True,True,-1.0,False
C00663,True,False,,False
C00664,True,False,,False
C00665,True,False,,False
C00666,True,True,0.0,False
C00667,True,True,-1.0,False
C00668,True,True,0.0,True
C00669,True,False,,False
C00670,True,True,0.0,False
C00671,True,True,1.0,False
C00672,True,True,1.0,False
C00673,True,True,0.0,False
C00674,True,False,,False
C00675,True,True,1.0,False
C00676,True,True,0.0,False
C00677,True,True,1.0,False
C00678,True,True,-1.0,False
C00679,True,True,1.0,False
C00680,True,True,1.0,True
C00681,True,False,,False
C00682,True,False,,False
C00683,True,False,,False
C00684,True,True,0.0,False
C00685,True,True,1.0,False
C00686,True,False,,False
C00687,True,True,0.0,False
C00688,True,True,-1.0,False
C00689,True,False,,False
C00690,True,False,,False
C00691,True,True,0.0,False
C00692,True,True,1.0,False
C00693,True,True,0.0,False
C00694,True,True,-1.0,False
C00695,True,True,0.0,False
C00696,True,False,,False
C00697,True,True,1.0,False
C00698,True,False,,False
C00699,True,False,,False
C00700,True,False,,False
C00701,True,True,1.0,False
C00702,True,False,,False
C00703,True,False,,False
C00704,True,False,,False
C00705,True,True,0.0,False
C00706,True,False,,False
C00707,True,True,1.0,True
C00708,True,True,1.0,False
C00709,True,False,,False
C00710,True,False,,False
C00711,True,True,-1.0,True
C00712,True,True,1.0,False
C00713,True,False,,False
C00714,True,True,0.0,False
C00715,True,True,-1.0,False
C00716,True,False,,False
C00717,True,True,1.0,False
C00718,True,True,0.0,False
C00719,True,False,,False
C00720,True,False,,False
C00721,True,True,1.0,False
C00722,True,False,,False
C00723,True,True,0.0,True
C00724,True,True,0.0,False
C00725,True,True,0.0,False
C00726,True,True,1.0,False
C00727,True,False,,False
C00728,True,True,0.0,False
C00729,True,True,0.0,False
C00730,True,True,0.0,True
C00731,True,True,1.0,True
C00732,True,True,1.0,False
C00733,True,False,,False
C00734,True,True,0.0,False
C00735,True,False,,False
C00736,True,True,1.0,False
C00737,True,True,0.0,False
C00738,True,True,0.0,False
C00739,True,False,,False
C00740,True,True,0.0,False
C00741,True,True,0.0,False
C00742,True,False,,False
C00743,True,True,0.0,False
C00744,True,False,,False
C00745,True,True,1.0,False
C00746,True,True,-1.0,False
C00747,True,False,,False
C00748,True,False,,False
C00749,True,True,0.0,False
C00750,True,True,1.0,False
C00751,True,True,1.0,False
C00752,True,False,,False
C00753,True,False,,False
C00754,True,False,,False
C00755,True,False,,False
C00756,True,True,-1.0,False
C00757,True,True,1.0,True
C00758,True,False,,False
C00759,True,True,1.0,False
C00760,True,True,1.0,False
C00761,True,False,,False
C00762,True,True,0.0,False
C00763,True,True,1.0,False
C00764,True,False,,False
C00765,True,True,0.0,False
C00766,True,False,,False
C00767,True,False,,False
C00768,True,True,-1.0,True
C00769,True,False,,False
C00770,True,True,0.0,False
C00771,True,True,0.0,True
C00772,True,False,,False
C00773,True,True,1.0,False
C00774,True,True,1.0,True
C00775,True,True,0.0,True
C00776,True,True,-1.0,False
C00777,True,True,1.0,False
C00778,True,False,,False
C00779,True,True,-1.0,False
C00780,True,True,0.0,False
C00781,True,True,0.0,False
C00782,True,True,0.0,True
C00783,True,False,,False
C00784,True,False,,False
C00785,True,False,,False
C00786,True,False,,False
C00787,True,False,,False
C00788,True,True,0.0,False
C00789,True,False,,False
C00790,True,True,-1.0,True
C00791,True,True,1.0,False
C00792,True,True,0.0,False
C00793,True,True,0.0,False
C00794,True,False,,False
C00795,True,True,1.0,False
C00796,True,False,,False
C00797,True,True,0.0,False
C00798,True,True,-1.0,False
C00799,True,True,1.0,False
C00800,True,False,,False
C00801,True,True,1.0,False
C00802,True,False,,False
C00803,True,True,1.0,False
C00804,True,False,,False
C00805,True,False,,False
C00806,True,True,1.0,False
C00807,True,True,0.0,False
C00808,True,False,,False
C00809,True,False,,False
C00810,True,True,0.0,False
C00811,True,True,-1.0,False
C00812,True,True,1.0,True
C00813,True,False,,False
C00814,True,False,,False
C00815,True,True,-1.0,False
C00816,True,False,,False
C00817,True,True,0.0,True
C00818,True,True,1.0,False
C00819,True,False,,False
C00820,True,True,1.0,False
C00821,True,True,0.0,False
C00822,True,False,,False
C00823,True,True,0.0,False
C00824,True,False,,False
C00825,True,False,,False
C00826,True,True,1.0,False
C00827,True,True,1.0,True
C00828,True,True,-1.0,False
C00829,True,True,-1.0,False
C00830,True,True,0.0,True
C00831,True,False,,False
C00832,True,False,,False
C00833,True,True,0.0,False
C00834,True,True,0.0,False
C00835,True,True,-1.0,True
C00836,True,False,,False
C00837,True,False,,False
C00838,True,False,,False
C00839,True,True,-1.0,False
C00840,True,False,,False
C00841,True,True,1.0,False
C00842,True,True,0.0,False
C00843,True,True,1.0,False
C00844,True,False,,False
C00845,True,True,1.0,True
C00846,True,False,,False
C00847,True,True,0.0,False
C00848,True,True,1.0,True
C00849,True,False,,False
C00850,True,False,,False
C00851,True,False,,False
C00852,True,True,-1.0,False
C00853,True,True,-1.0,False
C00854,True,False,,False
C00855,True,True,0.0,False
C00856,True,False,,False
C00857,True,True,1.0,True
C00858,True,True,0.0,False
C00859,True,False,,False
C00860,True,False,,False
C00861,True,False,,False
C00862,True,True,1.0,False
C00863,True,False,,False
C00864,True,False,,False
C00865,True,True,0.0,True
C00866,True,True,-1.0,False
C00867,True,True,0.0,False
C00868,True,True,1.0,False
C00869,True,False,,False
C00870,True,True,1.0,False
C00871,True,False,,False
C00872,True,True,-1.0,False
C00873,True,True,1.0,False
C00874,True,True,-1.0,False
C00875,True,False,,False
C00876,True,False,,False
C00877,True,True,0.0,False
C00878,True,True,0.0,False
C00879,True,True,-1.0,False
C00880,True,True,-1.0,False
C00881,True,True,1.0,False
C00882,True,True,1.0,False
C00883,True,True,-1.0,False
C00884,True,False,,False
C00885,True,False,,False
C00886,True,False,,False
C00887,True,True,-1.0,False
C00888,True,True,0.0,False
C00889,True,True,1.0,False
C00890,True,True,0.0,False
C00891,True,True,0.0,False
C00892,True,False,,False
C00893,True,False,,False
C00894,True,False,,False
C00895,True,True,-1.0,True
C00896,True,False,,False
C00897,True,True,0.0,False
C00898,True,False,,False
C00899,True,False,,False
C00900,True,True,0.0,False
C00901,True,False,,False
C00902,True,False,,False
C00903,True,False,,False
C00904,True,True,-1.0,False
C00905,True,True,0.0,False
C00906,True,True,0.0,False
C00907,True,True,0.0,False
C00908,True,True,0.0,False
C00909,True,False,,False
C00910,True,True,0.0,True
C00911,True,True,0.0,False
C00912,True,False,,False
C00913,True,True,0.0,False
C00914,True,True,0.0,False
C00915,True,False,,False
C00916,True,False,,False
C00917,True,True,0.0,True
C00918,True,False,,False
C00919,True,True,0.0,True
C00920,True,True,-1.0,False
C00921,True,False,,False
C00922,True,False,,False
C00923,True,True,0.0,False
C00924,True,True,0.0,False
C00925,True,False,,False
C00926,True,True,1.0,False
C00927,True,True,1.0,True
C00928,True,False,,False
C00929,True,True,-1.0,False
C00930,True,False,,False
C00931,True,True,-1.0,False
C00932,True,False,,False
C00933,True,True,0.0,False
C00934,True,True,1.0,False
C00935,True,False,,False
C00936,True,False,,False
C00937,True,False,,False
C00938,True,True,0.0,True
C00939,True,False,,False
C00940,True,False,,False
C00941,True,True,1.0,True
C00942,True,True,0.0,False
C00943,True,False,,False
C00944,True,False,,False
C00945,True,False,,False
C00946,True,True,0.0,False
C00947,True,True,-1.0,False
C00948,True,True,0.0,True
C00949,True,True,0.0,True
C00950,True,False,,False
C00951,True,True,0.0,False
C00952,True,False,,False
C00953,True,True,0.0,False
C00954,True,False,,False
C00955,True,True,0.0,True
C00956,True,False,,False
C00957,True,False,,False
C00958,True,False,,False
C00959,True,True,1.0,False
C00960,True,False,,False
C00961,True,True,-1.0,False
C00962,True,True,-1.0,False
C00963,True,True,1.0,False
C00964,True,False,,False
C00965,True,False,,False
C00966,True,False,,False
C00967,True,True,0.0,False
C00968,True,True,0.0,True
C00969,True,False,,False
C00970,True,True,-1.0,True
C00971,True,False,,False
C00972,True,False,,False
C00973,True,True,1.0,True
C00974,True,False,,False
C00975,True,True,-1.0,False
C00976,True,False,,False
C00977,True,True,1.0,False
C00978,True,False,,False
C00979,True,True,0.0,False
C00980,True,True,1.0,False
C00981,True,True,1.0,False
C00982,True,False,,False
C00983,True,False,,False
C00984,True,True,1.0,False
C00985,True,True,0.0,True
C00986,True,True,0.0,False
C00987,True,False,,False
C00988,True,False,,False
C00989,True,True,0.0,False
C00990,True,True,1.0,False
C00991,True,False,,False
C00992,True,True,0.0,True
C00993,True,False,,False
C00994,True,False,,False
C00995,True,True,1.0,False
C00996,True,False,,False
C00997,True,False,,False
C00998,True,True,1.0,False
C00999,True,True,-1.0,True
C01000,True,False,,False
C01001,True,True,1.0,True
C01002,True,True,1.0,False
C01003,True,True,0.0,False
C01004,True,False,,False
C01005,True,True,-1.0,True
C01006,True,True,1.0,True
C01007,True,True,0.0,True
C01008,True,False,,False
C01009,True,False,,False
C01010,True,False,,False
C01011,True,False,,False
C01012,True,True,0.0,False
C01013,True,True,-1.0,True
C01014,True,True,1.0,False
C01015,True,True,1.0,False
C01016,True,False,,False
C01017,True,False,,False
C01018,True,True,1.0,False
C01019,True,False,,False
C01020,True,True,0.0,True
C01021,True,True,1.0,False
C01022,True,False,,False
C01023,True,True,1.0,False
C01024,True,True,1.0,False
C01025,True,True,1.0,False
C01026,True,True,1.0,False
C01027,True,True,0.0,False
C01028,True,True,0.0,False
C01029,True,True,1.0,True
C01030,True,True,0.0,False
C01031,True,True,0.0,True
C01032,True,False,,False
C01033,True,True,1.0,False
C01034,True,False,,False
C01035,True,True,-1.0,False
C01036,True,True,1.0,False
C01037,True,False,,False
C01038,True,False,,False
C01039,True,True,-1.0,False
C01040,True,True,0.0,True
C01041,True,True,1.0,False
C01042,True,True,1.0,False
C01043,True,True,-1.0,False
C01044,True,True,-1.0,False
C01045,True,False,,False
C01046,True,True,0.0,False
C01047,True,False,,False
C01048,True,False,,False
C01049,True,False,,False
C01050,True,True,1.0,False
C01051,True,False,,False
C01052,True,False,,False
C01053,True,False,,False
C01054,True,True,1.0,False
C01055,True,False,,False
C01056,True,True,0.0,False
C01057,True,False,,False
C01058,True,False,,False
C01059,True,True,1.0,False
C01060,True,True,0.0,False
C01061,True,True,-1.0,False
C01062,True,True,0.0,False
C01063,True,False,,False
C01064,True,True,1.0,True
C01065,True,True,-1.0,False
C01066,True,True,1.0,False
C01067,True,True,0.0,True
C01068,True,True,0.0,False
C01069,True,False,,False
C01070,True,True,1.0,False
C01071,True,True,1.0,False
C01072,True,True,0.0,False
C01073,True,True,0.0,True
C01074,True,False,,False
C01075,True,True,0.0,False
C01076,True,False,,False
C01077,True,False,,False
C01078,True,True,0.0,True
C01079,True,True,-1.0,False
C01080,True,True,0.0,False
C01081,True,True,0.0,True
C01082,True,False,,False
C01083,True,True,1.0,True
C01084,True,False,,False
C01085,True,True,-1.0,False
C01086,True,True,-1.0,False
C01087,True,True,1.0,True
C01088,True,False,,False
C01089,True,True,0.0,False
C01090,True,True,1.0,True
C01091,True,False,,False
C01092,True,False,,False
C01093,True,True,-1.0,False
C01094,True,True,0.0,False
C01095,True,False,,False
C01096,True,True,1.0,False
C01097,True,True,0.0,False
C01098,True,False,,False
C01099,True,False,,False
C01100,True,False,,False
C01101,True,False,,False
C01102,True,True,0.0,True
C01103,True,False,,False
C01104,True,False,,False
C01105,True,False,,False
C01106,True,True,1.0,False
C01107,True,True,1.0,False
C01108,True,True,1.0,False
C01109,True,False,,False
C01110,True,False,,False
C01111,True,True,-1.0,False
C01112,True,True,-1.0,False
C01113,True,True,0.0,True
C01114,True,False,,False
C01115,True,True,-1.0,False
C01116,True,True,-1.0,False
C01117,True,True,0.0,True
C01118,True,False,,False
C01119,True,True,-1.0,False
C01120,True,True,0.0,False
C01121,True,False,,False
C01122,True,True,0.0,True
C01123,True,True,0.0,False
C01124,True,False,,False
C01125,True,False,,False
C01126,True,False,,False
C01127,True,True,0.0,False
C01128,True,True,0.0,True
C01129,True,True,1.0,False
C01130,True,True,0.0,True
C01131,True,False,,False
C01132,True,True,1.0,False
C01133,True,False,,False
C01134,True,False,,False
C01135,True,True,-1.0,False
C01136,True,False,,False
C01137,True,False,,False
C01138,True,True,1.0,False
C01139,True,True,0.0,False
C01140,True,True,-1.0,False
C01141,True,True,0.0,False
C01142,True,True,1.0,False
C01143,True,True,0.0,False
C01144,True,False,,False
C01145,True,True,1.0,False
C01146,True,True,-1.0,False
C01147,True,False,,False
C01148,True,False,,False
C01149,True,False,,False
C01150,True,False,,False
C01151,True,False,,False
C01152,True,True,1.0,False
C01153,True,True,0.0,False
C01154,True,True,0.0,True
C01155,True,False,,False
C01156,True,False,,False
C01157,True,True,0.0,False
C01158,True,False,,False
C01159,True,True,1.0,False
C01160,True,True,-1.0,False
C01161,True,True,0.0,False
C01162,True,True,-1.0,False
C01163,True,False,,False
C01164,True,True,-1.0,False
C01165,True,True,0.0,False
C01166,True,True,1.0,False
C01167,True,True,0.0,True
C01168,True,True,0.0,False
C01169,True,False,,False
C01170,True,True,1.0,False
C01171,True,False,,False
C01172,True,False,,False
C01173,True,False,,False
C01174,True,True,1.0,True
C01175,True,False,,False
C01176,True,True,-1.0,True
C01177,True,False,,False
C01178,True,False,,False
C01179,True,False,,False
C01180,True,False,,False
C01181,True,True,1.0,False
C01182,True,True,1.0,False
C01183,True,False,,False
C01184,True,False,,False
C01185,True,True,-1.0,False
C01186,True,False,,False
C01187,True,True,1.0,False
C01188,True,False,,False
C01189,True,True,1.0,True
C01190,True,False,,False
C01191,True,False,,False
C01192,True,False,,False
C01193,True,False,,False
C01194,True,False,,False
C01195,True,True,1.0,False
C01196,True,False,,False
C01197,True,False,,False
C01198,True,False,,False
C01199,True,False,,False
C01200,True,True,0.0,True
C01201,True,True,0.0,True
C01203,True,True,0.0,True
C01204,True,True,0.0,False
C01205,True,True,-1.0,False
C01206,True,False,,False
C01207,True,True,0.0,False
C01208,True,False,,False
C01209,True,True,0.0,False
C01210,True,False,,False
C01211,True,True,0.0,False
C01212,True,False,,False
C01213,True,True,1.0,False
C01202,True,False,,False
C01214,True,True,0.0,False
C01215,True,True,0.0,True
C01216,True,True,-1.0,False
C01217,True,False,,False
C01218,True,False,,False
C01219,True,True,1.0,False
C01220,True,True,-1.0,False
C01221,True,False,,False
C01222,True,True,-1.0,False
C01223,True,False,,False
C01224,True,True,0.0,True
C01225,True,False,,False
C01226,True,True,0.0,True
C01227,True,True,-1.0,False
C01228,True,True,1.0,False
C01229,True,False,,False
C01230,True,True,0.0,True
C01231,True,False,,False
C01232,True,True,0.0,True
C01233,True,True,0.0,False
C01234,True,True,0.0,False
C01235,True,True,-1.0,True
C01236,True,True,0.0,False
C01237,True,True,1.0,False
C01238,True,True,-1.0,True
C01239,True,True,-1.0,False
C01240,True,True,-1.0,False
C01241,True,True,0.0,False
C01242,True,False,,False
C01243,True,False,,False
C01244,True,True,0.0,False
C01245,True,True,0.0,True
C01246,True,False,,False
C01247,True,False,,False
C01248,True,False,,False
C01249,True,False,,False
C01250,True,True,0.0,False
C01251,True,False,,False
C01252,True,True,1.0,False
C01253,True,True,1.0,False
C01254,True,False,,False
C01255,True,True,0.0,False
C01256,True,False,,False
C01257,True,False,,False
C01258,True,True,0.0,False
C01259,True,False,,False
C01260,True,True,1.0,False
C01261,True,False,,False
C01262,True,True,0.0,False
C01263,True,False,,False
C01264,True,True,-1.0,False
C01265,True,True,1.0,False
C01266,True,False,,False
C01267,True,False,,False
C01268,True,True,0.0,False
C01269,True,False,,False
C01270,True,False,,False
C01271,True,True,-1.0,False
C01272,True,True,0.0,False
C01273,True,True,1.0,False
C01274,True,True,-1.0,False
C01275,True,True,-1.0,False
C01276,True,True,1.0,False
C01277,True,True,-1.0,False
C01278,True,True,1.0,False
C01279,True,True,1.0,False
C01280,True,False,,False
C01281,True,False,,False
C01282,True,True,0.0,False
C01283,True,False,,False
C01284,True,False,,False
C01285,True,True,-1.0,False
C01286,True,True,-1.0,False
C01287,True,True,1.0,False
C01288,True,True,-1.0,False
C01289,True,False,,False
C01290,True,False,,False
C01291,True,False,,False
C01292,True,True,-1.0,False
C01293,True,False,,False
C01294,True,True,-1.0,False
C01295,True,False,,False
C01296,True,True,0.0,True
C01297,True,True,1.0,False
C01298,True,True,-1.0,False
C01299,True,True,-1.0,False
C01300,True,False,,False
C01301,True,True,0.0,True
C01302,True,True,0.0,False
C01303,True,True,1.0,False
C01304,True,False,,False
C01305,True,True,0.0,True
C01306,True,False,,False
C01307,True,True,1.0,False
C01308,True,False,,False
C01309,True,True,0.0,False
C01310,True,False,,False
C01311,True,True,0.0,False
C01312,True,False,,False
C01313,True,False,,False
C01314,True,True,0.0,False
C01315,True,True,1.0,False
C01316,True,False,,False
C01317,True,True,1.0,True
C01318,True,True,1.0,False
C01319,True,True,-1.0,False
C01320,True,True,1.0,False
C01321,True,True,0.0,False
C01322,True,True,1.0,True
C01323,True,True,0.0,False
C01324,True,False,,False
C01325,True,False,,False
C01326,True,True,0.0,True
C01327,True,True,-1.0,False
C01328,True,False,,False
C01329,True,True,-1.0,False
C01330,True,True,1.0,False
C01331,True,False,,False
C01332,True,True,1.0,False
C01333,True,True,0.0,False
C01334,True,False,,False
C01335,True,True,1.0,False
C01336,True,True,0.0,True
C01337,True,False,,False
C01338,True,True,-1.0,False
C01339,True,False,,False
C01340,True,False,,False
C01341,True,True,0.0,False
C01342,True,False,,False
C01343,True,True,1.0,False
C01344,True,False,,False
C01345,True,True,-1.0,False
C01346,True,True,0.0,False
C01347,True,False,,False
C01348,True,False,,False
C01349,True,True,0.0,True
C01350,True,True,-1.0,False
C01351,True,False,,False
C01352,True,True,0.0,True
C01353,True,True,-1.0,False
C01354,True,True,-1.0,True
C01355,True,False,,False
C01356,True,True,0.0,True
C01357,True,True,0.0,False
C01358,True,True,1.0,False
C01359,True,True,1.0,False
C01360,True,True,-1.0,False
C01361,True,False,,False
C01362,True,True,0.0,False
C01363,True,True,-1.0,False
C01364,True,True,0.0,False
C01365,True,False,,False
C01366,True,True,0.0,False
C01367,True,True,1.0,False
C01368,True,False,,False
C01369,True,True,0.0,False
C01370,True,False,,False
C01371,True,False,,False
C01372,True,False,,False
C01373,True,False,,False
C01374,True,True,1.0,False
C01375,True,False,,False
C01376,True,True,1.0,False
C01377,True,True,-1.0,False
C01378,True,True,1.0,True
C01379,True,False,,False
C01380,True,True,-1.0,False
C01381,True,True,-1.0,False
C01382,True,True,-1.0,False
C01383,True,True,0.0,False
C01384,True,True,0.0,True
C01385,True,False,,False
C01386,True,False,,False
C01387,True,False,,False
C01388,True,True,0.0,True
C01389,True,True,0.0,False
C01390,True,True,1.0,False
C01391,True,False,,False
C01392,True,True,0.0,True
C01393,True,False,,False
C01394,True,True,0.0,True
C01395,True,False,,False
C01396,True,False,,False
C01397,True,True,-1.0,False
C01398,True,True,-1.0,False
C01399,True,True,1.0,False
C01400,True,False,,False
C01401,True,True,0.0,False
C01402,True,False,,False
C01403,True,False,,False
C01404,True,False,,False
C01405,True,True,-1.0,True
C01406,True,True,0.0,False
C01407,True,True,0.0,False
C01408,True,False,,False
C01409,True,True,0.0,False
C01410,True,False,,False
C01411,True,True,1.0,False
C01412,True,True,0.0,False
C01413,True,False,,False
C01414,True,True,0.0,True
C01415,True,True,-1.0,False
C01416,True,False,,False
C01417,True,True,0.0,False
C01418,True,True,0.0,False
C01419,True,True,0.0,True
C01420,True,True,-1.0,False
C01421,True,True,-1.0,False
C01422,True,True,1.0,False
C01423,True,True,1.0,False
C01424,True,False,,False
C01425,True,True,0.0,True
C01426,True,True,0.0,True
C01427,True,True,1.0,False
C01428,True,True,1.0,False
C01429,True,True,1.0,False
C01430,True,False,,False
C01431,True,False,,False
C01432,True,True,-1.0,False
C01433,True,False,,False
C01434,True,True,-1.0,False
C01435,True,True,0.0,False
C01436,True,False,,False
C01437,True,True,0.0,False
C01438,True,True,1.0,False
C01439,True,False,,False
C01440,True,True,-1.0,True
C01441,True,False,,False
C01442,True,True,1.0,False
C01443,True,True,-1.0,False
C01444,True,True,-1.0,False
C01445,True,True,1.0,True
C01446,True,False,,False
C01447,True,True,1.0,False
C01448,True,False,,False
C01449,True,True,0.0,False
C01450,True,False,,False
C01451,True,False,,False
C01452,True,False,,False
C01453,True,True,-1.0,False
C01454,True,True,0.0,False
C01455,True,True,0.0,False
C01456,True,False,,False
C01457,True,True,0.0,False
C01458,True,False,,False
C01459,True,True,1.0,False
C01460,True,True,0.0,True
C01461,True,True,1.0,False
C01462,True,True,1.0,False
C01463,True,True,1.0,False
C01464,True,True,0.0,False
C01465,True,True,-1.0,False
C01466,True,False,,False
C01467,True,False,,False
C01468,True,True,1.0,False
C01469,True,True,-1.0,False
C01470,True,True,1.0,True
C01471,True,True,0.0,True
C01472,True,True,-1.0,False
C01473,True,False,,False
C01474,True,True,1.0,False
C01475,True,True,1.0,False
C01476,True,False,,False
C01477,True,True,-1.0,False
C01478,True,True,-1.0,True
C01479,True,False,,False
C01480,True,True,1.0,False
C01481,True,False,,False
C01482,True,False,,False
C01483,True,True,-1.0,False
C01484,True,False,,False
C01485,True,False,,False
C01486,True,True,0.0,True
C01487,True,True,-1.0,False
C01488,True,False,,False
C01489,True,True,0.0,False
C01490,True,False,,False
C01491,True,True,0.0,False
C01492,True,True,0.0,False
C01493,True,False,,False
C01494,True,True,1.0,True
C01495,True,True,0.0,True
C01496,True,True,0.0,False
C01497,True,True,1.0,True
C01498,True,False,,False
C01499,True,True,0.0,False
C01500,True,True,0.0,False
C01501,True,False,,False
C01502,True,True,-1.0,False
C01503,True,False,,False
C01504,True,False,,False
C01505,True,True,0.0,False
C01506,True,False,,False
C01507,True,False,,False
C01508,True,False,,False
C01509,True,False,,False
C01510,True,False,,False
C01511,True,True,-1.0,False
C01512,True,False,,False
C01513,True,False,,False
C01514,True,True,1.0,False
C01515,True,False,,False
C01516,True,True,0.0,False
C01517,True,True,1.0,False
C01518,True,True,0.0,True
C01519,True,True,-1.0,False
C01520,True,True,0.0,True
C01521,True,True,1.0,False
C01522,True,False,,False
C01523,True,False,,False
C01524,True,True,0.0,True
C01525,True,False,,False
C01526,True,False,,False
C01527,True,True,0.0,False
C01528,True,True,1.0,True
C01529,True,True,0.0,False
C01530,True,False,,False
C01531,True,True,-1.0,True
C01532,True,False,,False
C01533,True,True,0.0,False
C01534,True,True,1.0,False
C01535,True,False,,False
C01536,True,True,0.0,True
C01537,True,True,0.0,True
C01538,True,True,0.0,True
C01539,True,False,,False
C01540,True,True,0.0,True
C01541,True,True,1.0,False
C01542,True,False,,False
C01543,True,True,0.0,False
C01544,True,True,-1.0,False
C01545,True,True,-1.0,False
C01546,True,True,-1.0,False
C01547,True,True,0.0,False
C01548,True,True,1.0,False
C01549,True,True,0.0,False
C01550,True,True,1.0,True
C01551,True,False,,False
C01552,True,True,0.0,False
C01553,True,True,0.0,True
C01554,True,False,,False
C01555,True,False,,False
C01556,True,False,,False
C01557,True,True,0.0,False
C01558,True,True,1.0,False
C01559,True,False,,False
C01560,True,False,,False
C01561,True,True,-1.0,False
C01562,True,False,,False
C01563,True,True,0.0,False
C01564,True,True,1.0,False
C01565,True,True,0.0,False
C01566,True,True,0.0,False
C01567,True,True,0.0,False
C01568,True,True,-1.0,False
C01569,True,True,1.0,False
C01570,True,True,-1.0,False
C01571,True,False,,False
C01572,True,True,0.0,False
C01573,True,True,-1.0,False
C01574,True,True,-1.0,False
C01575,True,True,0.0,False
C01576,True,False,,False
C01577,True,False,,False
C01578,True,False,,False
C01579,True,True,0.0,False
C01580,True,False,,False
C01581,True,False,,False
C01582,True,False,,False
C01583,True,True,0.0,False
C01584,True,False,,False
C01585,True,True,1.0,False
C01586,True,False,,False
C01587,True,True,1.0,True
C01588,True,True,1.0,False
C01589,True,False,,False
C01590,True,True,0.0,False
C01591,True,True,1.0,False
C01592,True,True,0.0,False
C01593,True,True,0.0,True
C01594,True,True,0.0,False
C01595,True,True,-1.0,False
C01596,True,False,,False
C01597,True,False,,False
C01598,True,True,-1.0,True
C01599,True,True,-1.0,False
C01600,True,False,,False
C01601,True,True,0.0,False
C01602,True,False,,False
C01603,True,False,,False
C01604,True,True,0.0,False
C01605,True,True,0.0,True
C01606,True,False,,False
C01607,True,False,,False
C01608,True,True,0.0,True
C01609,True,True,0.0,False
C01610,True,False,,False
C01611,True,True,0.0,False
C01612,True,False,,False
C01613,True,False,,False
C01614,True,True,-1.0,False
C01615,True,True,0.0,False
C01616,True,False,,False
C01617,True,False,,False
C01618,True,True,-1.0,False
C01619,True,True,1.0,False
C01620,True,False,,False
C01621,True,False,,False
C01622,True,False,,False
C01623,True,True,0.0,False
C01624,True,True,-1.0,False
C01625,True,False,,False
C01626,True,False,,False
C01627,True,True,1.0,False
C01628,True,True,0.0,False
C01629,True,False,,False
C01630,True,True,0.0,False
C01631,True,True,0.0,True
C01632,True,False,,False
C01633,True,True,0.0,False
C01634,True,False,,False
C01635,True,True,0.0,False
C01636,True,True,1.0,False
C01637,True,True,1.0,False
C01638,True,False,,False
C01639,True,True,0.0,False
C01640,True,True,0.0,True
C01641,True,False,,False
C01642,True,True,-1.0,False
C01643,True,False,,False
C01644,True,False,,False
C01645,True,True,-1.0,True
C01646,True,True,0.0,True
C01647,True,False,,False
C01648,True,True,-1.0,False
C01649,True,True,1.0,False
C01650,True,False,,False
C01651,True,False,,False
C01652,True,False,,False
C01653,True,True,-1.0,True
C01654,True,False,,False
C01655,True,False,,False
C01656,True,True,0.0,False
C01657,True,True,1.0,False
C01658,True,True,1.0,False
C01659,True,True,0.0,False
C01660,True,True,0.0,False
C01661,True,False,,False
C01662,True,False,,False
C01663,True,False,,False
C01664,True,False,,False
C01665,True,False,,False
C01666,True,False,,False
C01667,True,True,0.0,False
C01668,True,False,,False
C01669,True,True,1.0,False
C01670,True,True,0.0,True
C01671,True,True,0.0,False
C01672,True,True,0.0,False
C01673,True,False,,False
C01674,True,True,1.0,False
C01675,True,True,0.0,False
C01676,True,True,0.0,False
C01677,True,False,,False
C01678,True,False,,False
C01679,True,False,,False
C01680,True,True,-1.0,False
C01681,True,False,,False
C01682,True,True,0.0,False
C01683,True,True,1.0,True
C01684,True,True,0.0,True
C01685,True,False,,False
C01686,True,False,,False
C01687,True,False,,False
C01688,True,True,0.0,True
C01689,True,True,1.0,True
C01690,True,False,,False
C01691,True,True,1.0,False
C01692,True,False,,False
C01693,True,True,0.0,True
C01694,True,False,,False
C01695,True,True,0.0,True
C01696,True,False,,False
C01697,True,False,,False
C01698,True,True,0.0,True
C01699,True,True,0.0,False
C01700,True,True,1.0,False
C01701,True,True,1.0,False
C01702,True,True,1.0,False
C01703,True,True,0.0,False
C01704,True,True,1.0,False
C01705,True,True,1.0,True
C01706,True,True,0.0,False
C01707,True,False,,False
C01708,True,True,0.0,False
C01709,True,False,,False
C01710,True,True,0.0,False
C01711,True,False,,False
C01712,True,True,1.0,True
C01713,True,True,0.0,True
C01714,True,True,-1.0,False
C01715,True,True,0.0,False
C01716,True,False,,False
C01717,True,False,,False
C01718,True,True,1.0,False
C01719,True,False,,False
C01720,True,True,1.0,False
C01721,True,True,-1.0,False
C01722,True,True,0.0,False
C01723,True,False,,False
C01724,True,True,-1.0,True
C01725,True,False,,False
C01726,True,True,-1.0,False
C01727,True,True,1.0,False
C01728,True,True,-1.0,False
C01729,True,False,,False
C01730,True,False,,False
C01731,True,False,,False
C01732,True,True,0.0,True
C01733,True,True,0.0,False
C01734,True,True,0.0,False
C01735,True,True,1.0,False
C01736,True,True,0.0,False
C01737,True,False,,False
C01738,True,True,-1.0,False
C01739,True,False,,False
C01740,True,True,0.0,False
C01741,True,True,0.0,False
C01742,True,True,1.0,False
C01743,True,False,,False
C01744,True,False,,False
C01745,True,False,,False
C01746,True,False,,False
C01747,True,True,-1.0,False
C01748,True,False,,False
C01749,True,False,,False
C01750,True,True,-1.0,False
C01751,True,True,0.0,False
C01752,True,False,,False
C01753,True,False,,False
C01754,True,True,1.0,False
C01755,True,True,1.0,False
C01756,True,True,1.0,False
C01757,True,True,0.0,False
C01758,True,False,,False
C01759,True,True,1.0,False
C01760,True,True,-1.0,True
C01761,True,False,,False
C01762,True,True,0.0,False
C01763,True,True,-1.0,True
C01764,True,True,1.0,True
C01765,True,False,,False
C01766,True,False,,False
C01767,True,True,0.0,True
C01768,True,True,-1.0,False
C01769,True,False,,False
C01770,True,True,-1.0,False
C01771,True,False,,False
C01772,True,True,1.0,False
C01773,True,True,0.0,False
C01774,True,False,,False
C01775,True,True,0.0,False
C01776,True,True,-1.0,False
C01777,True,False,,False
C01778,True,False,,False
C01779,True,True,1.0,True
C01780,True,True,0.0,True
C01781,True,True,-1.0,False
C01782,True,True,-1.0,False
C01783,True,True,-1.0,False
C01784,True,True,0.0,True
C01785,True,True,-1.0,True
C01786,True,True,0.0,True
C01787,True,False,,False
C01788,True,False,,False
C01789,True,True,0.0,False
C01790,True,True,1.0,False
C01791,True,True,1.0,True
C01792,True,True,1.0,False
C01793,True,False,,False
C01794,True,True,1.0,False
C01795,True,True,-1.0,False
C01796,True,True,1.0,True
C01797,True,False,,False
C01798,True,True,0.0,False
C01799,True,True,0.0,True
C01800,True,False,,False
C01801,True,True,-1.0,True
C01802,True,True,0.0,True
C01803,True,False,,False
C01804,True,True,1.0,False
C01805,True,False,,False
C01806,True,True,1.0,False
C01807,True,True,-1.0,False
C01808,True,True,1.0,False
C01809,True,True,0.0,True
C01810,True,False,,False
C01811,True,True,-1.0,True
C01812,True,True,-1.0,True
C01813,True,True,1.0,False
C01814,True,True,1.0,False
C01815,True,True,0.0,False
C01816,True,True,1.0,False
C01817,True,False,,False
C01818,True,True,0.0,True
C01819,True,True,0.0,False
C01820,True,True,-1.0,False
C01821,True,False,,False
C01822,True,True,1.0,False
C01823,True,False,,False
C01824,True,False,,False
C01825,True,True,0.0,True
C01826,True,True,-1.0,False
C01827,True,True,1.0,True
C01828,True,False,,False
C01829,True,False,,False
C01830,True,True,0.0,False
C01831,True,True,0.0,False
C01832,True,False,,False
C01833,True,False,,False
C01834,True,False,,False
C01835,True,True,-1.0,False
C01836,True,True,1.0,False
C01837,True,True,1.0,False
C01838,True,True,-1.0,False
C01839,True,True,1.0,False
C01840,True,True,-1.0,False
C01841,True,False,,False
C01842,True,True,0.0,False
C01843,True,True,0.0,False
C01844,True,True,0.0,False
C01845,True,False,,False
C01846,True,True,-1.0,False
C01847,True,True,-1.0,False
C01848,True,True,0.0,False
C01849,True,True,0.0,False
C01850,True,True,1.0,False
C01851,True,True,0.0,False
C01852,True,True,-1.0,False
C01853,True,True,1.0,True
C01854,True,True,1.0,False
C01855,True,True,0.0,False
C01856,True,False,,False
C01857,True,True,1.0,False
C01858,True,True,1.0,True
C01859,True,True,0.0,False
C01860,True,True,0.0,True
C01861,True,True,0.0,False
C01862,True,True,1.0,False
C01863,True,True,-1.0,False
C01864,True,True,0.0,False
C01865,True,False,,False
C01866,True,True,0.0,False
C01867,True,True,0.0,False
C01868,True,False,,False
C01869,True,True,1.0,False
C01870,True,True,-1.0,False
C01871,True,True,1.0,True
C01872,True,True,1.0,False
C01873,True,False,,False
C01874,True,True,0.0,False
C01875,True,False,,False
C01876,True,True,-1.0,False
C01877,True,True,0.0,False
C01878,True,True,0.0,False
C01879,True,True,1.0,True
C01880,True,True,0.0,True
C01881,True,False,,False
C01882,True,True,-1.0,True
C01883,True,True,1.0,True
C01884,True,True,1.0,True
C01885,True,False,,False
C01886,True,True,1.0,False
C01887,True,True,1.0,False
C01888,True,True,-1.0,False
C01889,True,True,0.0,False
C01890,True,True,0.0,False
C01891,True,False,,False
C01892,True,False,,False
C01893,True,True,-1.0,False
C01894,True,False,,False
C01895,True,True,-1.0,False
C01896,True,True,1.0,True
C01897,True,True,1.0,False
C01898,True,False,,False
C01899,True,True,-1.0,False
C01900,True,True,1.0,True
C01901,True,False,,False
C01902,True,True,0.0,False
C01903,True,True,-1.0,False
C01904,True,False,,False
C01905,True,True,0.0,False
C01906,True,True,-1.0,True
C01907,True,True,-1.0,False
C01908,True,True,1.0,False
C01909,True,False,,False
C01910,True,True,0.0,False
C01911,True,False,,False
C01912,True,True,0.0,False
C01913,True,True,0.0,False
C01914,True,True,0.0,True
C01915,True,False,,False
C01916,True,True,1.0,False
C01917,True,True,-1.0,True
C01918,True,True,0.0,False
C01919,True,False,,False
C01920,True,False,,False
C01921,True,True,0.0,False
C01922,True,False,,False
C01923,True,True,-1.0,False
C01924,True,True,0.0,True
C01925,True,True,-1.0,False
C01926,True,True,0.0,True
C01927,True,False,,False
C01928,True,False,,False
C01929,True,False,,False
C01930,True,True,1.0,False
C01931,True,False,,False
C01932,True,True,-1.0,True
C01933,True,False,,False
C01934,True,False,,False
C01935,True,True,0.0,True
C01936,True,True,-1.0,False
C01937,True,True,1.0,False
C01938,True,True,-1.0,False
C01939,True,False,,False
C01940,True,False,,False
C01941,True,True,1.0,True
C01942,True,True,-1.0,False
C01943,True,False,,False
C01944,True,True,-1.0,True
C01945,True,True,0.0,False
C01946,True,True,-1.0,False
C01947,True,False,,False
C01948,True,True,-1.0,False
C01949,True,True,1.0,False
C01950,True,True,-1.0,True
C01951,True,False,,False
C01952,True,False,,False
C01953,True,True,0.0,False
C01954,True,False,,False
C01955,True,True,1.0,False
C01956,True,False,,False
C01957,True,False,,False
C01958,True,True,-1.0,False
C01959,True,True,1.0,True
C01960,True,False,,False
C01961,True,False,,False
C01962,True,True,0.0,True
C01963,True,False,,False
C01964,True,True,-1.0,False
C01965,True,False,,False
C01966,True,False,,False
C01967,True,False,,False
C01968,True,True,1.0,False
C01969,True,True,-1.0,False
C01970,True,True,-1.0,False
C01971,True,False,,False
C01972,True,False,,False
C01973,True,True,1.0,True
C01974,True,True,-1.0,True
C01975,True,True,1.0,False
C01976,True,False,,False
C01977,True,True,-1.0,False
C01978,True,True,1.0,True
C01979,True,True,-1.0,False
C01980,True,False,,False
C01981,True,True,0.0,True
C01982,True,True,0.0,False
C01983,True,True,-1.0,False
C01984,True,True,1.0,False
C01985,True,True,0.0,True
C01986,True,True,-1.0,False
C01987,True,False,,False
C01988,True,True,1.0,False
C01989,True,True,-1.0,False
C01990,True,False,,False
C01991,True,True,-1.0,False
