ncb,hy,stock_eur_m,portfolio_yield_pct,ref_pct,carry_eur_m_pa,carry_per_keypp_eur_m_pa,carry_per_keypp_demeaned,approx_share
AT,2015H1,2759.333333333333,0.5419554578438448,0.05,14.974982207140876,5.065104754656138,-3.805743799913066,1.0
AT,2015H2,8419.703703703703,0.9194049650556252,0.05000000000000001,73.95304601231281,25.013714193239576,-8.563425612459946,1.0
AT,2016H1,16066.666666666666,0.8987076770420604,0.020698924731182785,140.22973152047882,47.43099324217109,-14.358954762892116,1.0
AT,2016H2,25660.148148148146,0.7390023159202116,0.0,189.06221691175634,63.94798474945251,-19.89653700307475,1.0
AT,2017H1,35178.962962962956,0.758013265633224,0.0,266.9945502099931,90.30764424488183,-18.98933098150482,1.0
AT,2017H2,43116.88888888888,0.7957775914012392,0.0,343.22618401350707,116.0920629167959,-13.843274144272918,1.0
AT,2018H1,47979.851851851854,0.8131260237925962,0.0,390.1902699515079,131.97709113868018,-10.767463482416957,1.0
AT,2018H2,50925.48148148148,0.8184733665266442,0.0,416.8057297189161,140.97944519496568,-12.099332712032668,1.0
AT,2019H1,52035.1111111111,0.8029203836894406,0.0,417.7988764680687,141.3153649477655,-16.28406164111563,1.0
AT,2019H2,52174.81481481481,0.7533715621005986,0.0,393.0038567434524,132.92875249228896,-18.906391666043245,1.0
AT,2020H1,58324.40740740741,0.6318878187898846,0.0,365.9199529287089,123.76795296083507,-20.906690814698617,1.0
AT,2020H2,73680.87037037036,0.44830023099672506,0.0,328.21835577175074,111.01584839227151,-30.752501333431194,1.0
AT,2021H1,88034.55555555555,0.328975057922797,0.0,289.01710671035147,97.7565048910372,-37.58469626607874,1.0
AT,2021H2,101475.7037037037,0.27948371284569085,0.0,283.30579611530203,95.82472386785118,-42.2426876097364,1.0
AT,2022H1,110676.7222222222,0.30054976849520065,0.0,333.2864709466686,112.73007642369983,-42.906804761364164,1.0
AT,2022H2,112274.5,0.42262454886489564,1.1513440860215052,-807.3966922884362,-273.09206571568956,-149.5966221985426,1.0
AT,2023H1,112465.57407407406,0.6200748751497482,3.257840501792115,-2968.4678517781904,-1004.0479796307087,-342.43774455526096,1.0
AT,2023H2,107620.38888888889,0.7763192611208235,4.347267025089606,-3840.755071308054,-1299.0884732988513,-396.61149309253705,1.0
AT,2024H1,106851.7222222222,0.9395446235813992,4.473611111111111,-3775.5390189331665,-1277.0299404475447,-394.05776371596386,1.0
AT,2024H2,101067.77777777777,1.0674843624260741,3.7924193548387097,-2763.9525720553524,-934.8731852039074,-284.4305721939061,1.0
AT,2025H1,96573.59259259258,1.1721047337107648,2.5235151049667177,-1310.1583313135814,-443.14504695199776,-155.8667826496301,1.0
AT,2025H2,92047.61111111111,1.2808176288735489,2.0,-662.5566434655631,-224.10168897871233,-97.52613690583696,1.0
AT,2026H1,86399.18518518518,1.3875770512046668,2.0194444444444444,-546.0989130311958,-186.91775500793946,-81.80461054326419,1.0
AT,2026H2,83374.88888888888,1.4506275944110774,2.25,-666.4758549682024,-228.1201584639247,-91.48570640300827,1.0
BE,2015H1,3482.4444444444443,0.7516302909382812,0.05,26.494533259733174,7.220202550683521,-1.6506460038856843,1.0
BE,2015H2,10581.925925925925,1.1238292823969556,0.05000000000000001,114.35967225812522,31.16491954166105,-2.4122202640384693,1.0
BE,2016H1,20232.888888888887,1.121347208246468,0.020698924731182785,222.0655046374208,60.51655665279216,-1.273391352271047,1.0
BE,2016H2,32340.44444444444,0.9446587845152244,0.0,304.4424084967608,82.9656379606924,-0.8788837918348543,1.0
BE,2017H1,44289.03703703703,0.9723568299197387,0.0,431.3582771062288,117.5523305916961,8.255355365309457,1.0
BE,2017H2,54290.81481481481,1.0167195000879188,0.0,552.0901729317821,150.45378741839002,20.518450357321225,1.0
BE,2018H1,60499.7037037037,1.0264546499073337,0.0,621.0506184783177,169.24665989326004,26.502105272162925,1.0
BE,2018H2,64223.40740740741,1.0310805540302426,0.0,662.1987250449182,180.46020576234318,27.38142785534481,1.0
BE,2019H1,65389.62962962963,1.0250670770894177,0.0,670.2848155471472,182.6638003943718,25.064373805490657,1.0
BE,2019H2,65559.11111111111,0.9772753109157338,0.0,640.6306846128233,174.5825547384721,22.747410580139867,1.0
BE,2020H1,73992.05555555555,0.8311215274451577,0.0,609.9877636846188,166.23184730470606,21.557203529172366,1.0
BE,2020H2,94351.57407407406,0.5752391507112528,0.0,540.17239663514,147.20599445023572,5.43764472453302,1.0
BE,2021H1,110960.01851851853,0.4199924756177758,0.0,464.76369473326594,126.65586448651477,-8.685336670601158,1.0
BE,2021H2,127715.0,0.34889778161050694,0.0,445.0576840424064,121.28564764747415,-16.78176383011343,1.0
BE,2022H1,139001.24074074076,0.3629370839585599,0.0,505.11905480357063,137.65337370311232,-17.983507481951687,1.0
BE,2022H2,140706.42592592593,0.49322500498412625,1.1513440860215052,-920.557214383115,-250.86720653579914,-127.3717630186522,1.0
BE,2023H1,140845.9074074074,0.6780325702477165,3.257840501792115,-3634.205708171439,-990.3817163568441,-328.77148128139635,1.0
BE,2023H2,138054.55555555553,0.8483802505910951,4.347267025089606,-4828.7551689334205,-1315.9163834128415,-413.4394032065272,1.0
BE,2024H1,137447.42592592593,1.0205633865297414,4.473611111111111,-4747.46020444345,-1293.7621486424446,-410.78997191086364,1.0
BE,2024H2,131370.87037037036,1.1555451514832635,3.7924193548387097,-3472.451009550734,-946.3008610303132,-295.8582480203119,1.0
BE,2025H1,127742.81481481482,1.288419827852542,2.5235151049667177,-1585.241321126772,-432.0047202961635,-144.72645599379584,1.0
BE,2025H2,119984.11111111111,1.4178015053997324,2.0,-698.5456886484016,-190.36536003499157,-63.789807962116214,1.0
BE,2026H1,115636.68518518518,1.550113752439369,2.0194444444444444,-542.1734741670944,-149.5197248192533,-44.40658035457806,1.0
BE,2026H2,107933.33333333333,1.6303653693097453,2.25,-668.7923113916817,-184.43846319508057,-47.80401113416414,1.0
CY,2015H2,155.85185185185185,3.4720049908041593,0.05000000000000001,5.378706180866657,24.404293016636377,-9.172846789063145,1.0
CY,2016H1,243.85185185185182,3.574225605521385,0.020698924731182785,8.663786188473125,39.30937472083995,-22.480573284223254,1.0
CY,2016H2,226.66666666666666,3.573556434055673,0.0,8.100474734036878,36.75351512720906,-47.09100662531821,1.0
CY,2017H1,215.4074074074074,3.5211101076600553,0.0,7.585975405170383,34.41912615776036,-74.87784906862629,1.0
CY,2017H2,189.6296296296296,3.391169984268114,0.0,6.430863087278069,29.17814467912009,-100.75719238194871,1.0
CY,2018H1,189.33333333333334,3.16005881191109,0.0,5.983044683884995,27.14630074357984,-115.59825387751728,1.0
CY,2018H2,323.99999999999994,2.75320595777365,0.0,8.52786058497667,38.69265238192682,-114.38612552507153,1.0
CY,2019H1,829.1851851851852,2.190986352613155,0.0,17.951323846616283,81.44883777956572,-76.15058880931541,1.0
CY,2019H2,1441.1851851851852,1.5665649427420494,0.0,22.295324222103797,101.15845835800273,-50.6766858003295,1.0
CY,2020H1,2257.1296296296296,1.4029756636811281,0.0,31.952729495848256,144.97608664177974,0.3014428662460678,1.0
CY,2020H2,3894.5,1.3505197196869336,0.0,52.2639398745745,237.13221358699866,95.36386386129594,1.0
CY,2021H1,5094.592592592592,1.1331221328637076,0.0,57.643635363714445,261.54099529815994,126.199794141044,1.0
CY,2021H2,5887.481481481482,1.0268494695257353,0.0,60.41135958377393,274.09872769407406,136.03131621648652,1.0
CY,2022H1,6359.907407407408,1.049648001921777,0.0,66.75047533298135,302.86059588467043,147.2237146996064,1.0
CY,2022H2,6400.333333333333,1.2568691116541182,1.1513440860215052,6.242259526765941,28.322411645943472,151.8178551630904,1.0
CY,2023H1,6559.7037037037035,1.489253279595639,3.257840501792115,-116.1763076953174,-527.1157336448158,134.49450143063189,1.0
CY,2023H2,6248.833333333333,1.6567239370288955,4.347267025089606,-168.16398746274743,-762.9944984698159,139.48248173649833,1.0
CY,2024H1,6222.1296296296305,1.7794907916912635,4.473611111111111,-167.73362770508294,-761.0418679903945,121.93030874118642,1.0
CY,2024H2,5908.796296296296,1.8696503388786472,3.7924193548387097,-113.88174933024963,-516.7048517706427,133.73776123935866,1.0
CY,2025H1,5570.888888888888,1.9380710017433536,2.5235151049667177,-32.61444049712561,-147.97840515937207,139.2998591429956,1.0
CY,2025H2,5424.777777777777,2.001689143263446,2.0,0.06987250923173999,0.3170259039552632,126.89257797683062,1.0
CY,2026H1,4750.981481481481,2.060482991447882,2.0194444444444444,1.9451254570127998,8.93078722228099,114.04393168695623,1.0
CY,2026H2,4674.666666666666,2.1197391398902905,2.25,-6.0892610072618965,-27.9580395191088,108.67641254180762,1.0
DE,2015H1,25329.333333333332,0.37298052862481623,0.05,89.92930909144253,3.3769797744448025,-5.493868780124402,1.0
DE,2015H2,76994.07407407407,0.5768015487430457,0.05000000000000001,407.148880678432,15.289048132693154,-18.288091673006367,1.0
DE,2016H1,147061.4814814815,0.48563832894099584,0.020698924731182785,674.4923326589346,25.328193760404,-36.461754244659204,1.0
DE,2016H2,234945.77777777775,0.31912798514960167,0.0,745.2006280720794,27.98339578417202,-55.861125968355246,1.0
DE,2017H1,319386.962962963,0.32751492184080516,0.0,1047.33971310369,39.32916936487997,-69.96780586150668,1.0
DE,2017H2,383489.18518518517,0.3415665841262883,0.0,1309.9189233149798,49.18941060360192,-80.7459264574669,1.0
DE,2018H1,424181.4814814814,0.35103458373264446,0.0,1489.32500061667,55.926376566992616,-86.81817805410451,1.0
DE,2018H2,452904.14814814815,0.34675295429275627,0.0,1570.3032024203292,58.96722890339612,-94.11154900360224,1.0
DE,2019H1,458284.5925925926,0.3263548167950397,0.0,1495.5171049343662,56.15889932573915,-101.44052726314199,1.0
DE,2019H2,463711.85185185185,0.26486910143883696,0.0,1227.5100186914533,46.09483324101123,-105.740310917321,1.0
DE,2020H1,499208.70370370365,0.15468483326095644,0.0,751.967521722023,28.23750274020837,-116.43714103532533,1.0
DE,2020H2,633244.0185185185,-0.06423599632319527,0.0,-426.8474122498528,-16.028757392944556,-157.79710711864726,1.0
DE,2021H1,762152.4259259258,-0.17889930915454855,0.0,-1369.377274289236,-51.42216042332684,-186.76336158044276,1.0
DE,2021H2,896004.3148148148,-0.2245552774478102,0.0,-2014.7585225992768,-75.65718951860025,-213.72460099618783,1.0
DE,2022H1,985550.5925925925,-0.19373606114767775,0.0,-1904.4935428223991,-71.51657495925285,-227.15345614431683,1.0
DE,2022H2,987235.9444444444,-0.08344452202672092,1.1513440860215052,-12194.342322449536,-457.91575406962556,-334.4203105524786,1.0
DE,2023H1,980183.8703703703,0.06453163563429516,3.257840501792115,-31260.36712727591,-1173.8734412291321,-512.2632061536843,1.0
DE,2023H2,950298.1851851852,0.16983840910321324,4.347267025089606,-39682.93468180727,-1490.1534234496778,-587.6764432433637,1.0
DE,2024H1,915368.7222222221,0.2580154603750202,4.473611111111111,-38596.10305723213,-1449.3412738679963,-566.3690971364155,1.0
DE,2024H2,873518.574074074,0.3272964496316983,3.7924193548387097,-30314.1415228129,-1138.3412575549057,-487.89864454490447,1.0
DE,2025H1,818285.7222222221,0.3770079812424587,2.5235151049667177,-17625.23676365641,-661.8539458603763,-374.5756815580087,1.0
DE,2025H2,770983.7222222221,0.44174743939484906,2.0,-12015.972600698738,-451.21770480391496,-324.64215273103963,1.0
DE,2026H1,725135.9444444444,0.5191148655046594,2.0194444444444444,-10877.562954275485,-413.35665145146095,-308.2435069867857,1.0
DE,2026H2,693910.5555555555,0.5746555404119402,2.25,-11625.388989999414,-441.7746773727509,-305.14022531183446,1.0
EE,2020H1,169.0,0.3091529112741699,0.0,0.5224684200533471,1.7532497317226414,-141.7435890510801,1.0
EE,2020H2,387.2592592592593,0.23767374565033014,0.0,0.9089476582704955,3.0501599270822,-138.7181897986205,1.0
EE,2021H1,563.1111111111111,0.18327177654230853,0.0,1.0323610042191527,3.4642986718763513,-131.87690248523958,1.0
EE,2021H2,614.8888888888889,0.19180067254934555,0.0,1.179405031186536,3.957735003981665,-134.1096764736059,1.0
EE,2022H1,634.9629629629629,0.25063559456475626,0.0,1.5972752872391738,5.359984185366355,-150.27689699969764,1.0
EE,2022H2,689.4814814814814,0.6079313657178714,1.1513440860215052,-3.940742642558123,-13.223968599188332,110.27147491795863,1.0
EE,2023H1,791.7037037037036,1.2017421352427815,3.257840501792115,-16.296879030368405,-54.68751352472619,606.9227215507216,1.0
EE,2023H2,794.6666666666666,1.4018697277346461,4.347267025089606,-23.406090522980747,-78.5439279294656,823.9330522768487,1.0
EE,2024H1,794.6666666666666,1.560542456823615,4.473611111111111,-23.149185572737967,-77.6818307809999,805.290345950581,1.0
EE,2024H2,794.6666666666666,1.719153592330681,3.7924193548387097,-16.475551926063797,-55.28708700021409,595.1555260097872,1.0
EE,2025H1,794.6666666666666,1.8556903325595655,2.5235151049667177,-5.306980858062171,-17.808660597524064,269.46960370484356,1.0
EE,2025H2,794.6666666666666,1.9684650217771014,2.0,-0.25059796027796694,-0.8409327526106273,125.73461932026474,1.0
EE,2026H1,794.6666666666666,2.0774569298951917,2.0194444444444444,0.46100588438193874,1.565385006390284,106.67852947106553,1.0
EE,2026H2,794.6666666666666,2.1720662877591357,2.25,-0.6193132332740683,-2.1029311825944594,134.53152087832197,1.0
ES,2015H1,12429.777777777777,1.6842650475253396,0.05,212.17441945841696,17.94302019115738,9.072171636588177,1.0
ES,2015H2,37821.48148148148,2.1254423712218684,0.05000000000000001,786.936259286684,66.54908365285827,32.97194384715876,1.0
ES,2016H1,72450.81481481482,2.0923331047278673,0.020698924731182785,1498.825932616103,126.75167930520365,64.96173130014046,1.0
ES,2016H2,116340.0,1.8935076489845308,0.0,2196.719530467153,185.77066448487116,101.92614273234388,1.0
ES,2017H1,158291.1111111111,1.8469758952502324,0.0,2923.995111849062,247.27440501391652,137.97742978752987,1.0
ES,2017H2,191464.88888888888,1.8347666334974873,0.0,3512.380307708645,297.0325590667697,167.09722200570087,1.0
ES,2018H1,213428.14814814812,1.8045305533730602,0.0,3850.8767431131673,325.6582925109867,182.9137378898896,1.0
ES,2018H2,227769.33333333334,1.7753306584325064,0.0,4043.5503306134983,341.952179774332,188.87340186733363,1.0
ES,2019H1,228772.14814814812,1.756960116424512,0.0,4019.47684825125,339.91635009608956,182.31692350720843,1.0
ES,2019H2,228103.55555555553,1.6898146421284246,0.0,3854.166404306798,325.93649031338936,174.10134615505714,1.0
ES,2020H1,250827.29629629626,1.5448399711065957,0.0,3860.189379802601,326.44583715740515,181.77119338187148,1.0
ES,2020H2,319300.0185185185,1.2790909527143075,0.0,4071.367498241534,344.30460285004807,202.5362531243454,1.0
ES,2021H1,373160.0,1.0890726092004965,0.0,4057.923823350438,343.1677074098248,207.82650625270887,1.0
ES,2021H2,427695.0925925926,0.9787360567975175,0.0,4182.14865754177,353.673067640468,215.60565616288042,1.0
ES,2022H1,463715.25925925927,0.9639072196232085,0.0,4471.109977734985,378.1097495737794,222.47286838871545,1.0
ES,2022H2,476923.61111111107,1.0823040387870966,1.1513440860215052,-320.9958477762286,-27.145755801421444,96.34968771572551,1.0
ES,2023H1,474168.77777777775,1.212153540960591,3.257840501792115,-9705.336879716453,-820.7542456778875,-159.14401060243986,1.0
ES,2023H2,464782.7222222222,1.3383814966240408,4.347267025089606,-13981.48957151977,-1182.376981752046,-279.90000154573187,1.0
ES,2024H1,454463.85185185185,1.4453645139672702,4.473611111111111,-13764.149906060125,-1163.997150594096,-281.02497386251497,1.0
ES,2024H2,439509.3333333333,1.5215688641840852,3.7924193548387097,-9998.661226776914,-845.5598970627161,-195.11728405271484,1.0
ES,2025H1,417058.14814814815,1.5875241701945129,2.5235151049667177,-3921.554192825244,-331.63529440631584,-44.35703010394817,1.0
ES,2025H2,393262.8333333333,1.6550881430103441,2.0,-1357.447481460447,-114.79568380793468,11.779868264940676,1.0
ES,2026H1,375724.31481481483,1.7346581220908284,2.0194444444444444,-1069.6570689148396,-91.54025801361045,13.57288645106479,1.0
ES,2026H2,358195.44444444444,1.7768910975141834,2.25,-1694.6545359653037,-145.02696048517373,-8.392508424257286,1.0
FI,2015H1,1771.5555555555554,0.4912205268707379,0.05,8.57619632378427,4.721275157602131,-4.149573396967074,1.0
FI,2015H2,5383.851851851851,0.7998100582439948,0.05000000000000001,40.82657772089009,22.475407498425596,-11.101732307273927,1.0
FI,2016H1,10298.22222222222,0.795656228549301,0.020698924731182785,79.4073386826848,43.714472162226706,-18.075475842836507,1.0
FI,2016H2,16469.925925925923,0.6130037893136432,0.0,100.32245507515925,55.228436595188136,-28.616085157339132,1.0
FI,2017H1,21169.62962962963,0.5758315789864792,0.0,121.89138541142125,67.10233163304225,-42.194643593344395,1.0
FI,2017H2,24482.37037037037,0.5927193189906561,0.0,145.15069290598376,79.90679488355836,-50.02854217751045,1.0
FI,2018H1,27021.481481481478,0.6100990034032555,0.0,164.8971993223911,90.77742874890784,-51.967125872189285,1.0
FI,2018H2,29014.22222222222,0.6183944710663575,0.0,179.42937059870985,98.77752303810065,-54.3012548688977,1.0
FI,2019H1,29982.518518518515,0.6085926347174723,0.0,182.45031279416807,100.44057957289736,-57.158847015983774,1.0
FI,2019H2,29631.407407407405,0.5584653425019844,0.0,165.40598777152246,91.05752148170792,-60.7776226766243,1.0
FI,2020H1,32212.018518518515,0.4614906789887087,0.0,147.93909478422836,81.44183582946785,-63.23280794606584,1.0
FI,2020H2,40558.944444444445,0.2846006037092605,0.0,114.3172619223036,62.93270681106722,-78.83564291463549,1.0
FI,2021H1,48940.370370370365,0.15975176474374855,0.0,77.83498642120581,42.848877743576004,-92.49232341353995,1.0
FI,2021H2,59246.92592592593,0.11843641690462474,0.0,69.96737813278556,38.51768683335291,-99.54972464423467,1.0
FI,2022H1,65486.57407407407,0.1500274159397149,0.0,98.41368897669285,54.17764325719397,-101.45923792787003,1.0
FI,2022H2,65781.22222222222,0.3047361786905436,1.1513440860215052,-555.2453262515187,-305.6676720349676,-182.17222851782068,1.0
FI,2023H1,66091.72222222222,0.5233843583552913,3.257840501792115,-1805.2294489490062,-993.7954577203449,-332.185222644897,1.0
FI,2023H2,64513.055555555555,0.6905596312622012,4.347267025089606,-2357.809729877709,-1297.9959977306405,-395.5190175243263,1.0
FI,2024H1,63135.42592592593,0.8345817306072653,4.473611111111111,-2297.8545138316804,-1264.990098448489,-382.0179217169081,1.0
FI,2024H2,61003.90740740741,0.9594154559979292,3.7924193548387097,-1733.2035831514777,-954.1445544461754,-303.7019414361742,1.0
FI,2025H1,57912.5,1.0602738732834176,2.5235151049667177,-850.0433828191498,-467.9567205170106,-180.67845621464298,1.0
FI,2025H2,52478.09259259259,1.139807745641812,2.0,-451.6445023949944,-248.63446319570298,-122.05891112282761,1.0
FI,2026H1,49908.166666666664,1.2616806015054922,2.0194444444444444,-378.2760100620255,-210.73872426853782,-105.62557980386258,1.0
FI,2026H2,48156.44444444444,1.3487332712977183,2.25,-434.01801150377605,-241.792764068956,-105.15831200803954,1.0
FR,2015H1,19843.555555555555,0.7001661198738635,0.05,138.7383620533893,6.9352883099166345,-1.9355602446525695,1.0
FR,2015H2,60959.407407407394,1.0114918354966254,0.05000000000000001,588.6271791665997,29.42444421393971,-4.1526955917598105,1.0
FR,2016H1,116895.85185185184,0.9372642303760017,0.020698924731182785,1063.6080065646577,53.16790587035336,-8.622042134709847,1.0
FR,2016H2,186425.18518518517,0.7371048308724117,0.0,1368.7330250320058,68.42057241708228,-15.423949335444979,1.0
FR,2017H1,254741.62962962964,0.7800990899393733,0.0,1991.3017022422357,99.54169281430045,-9.755282412086215,1.0
FR,2017H2,311630.8148148148,0.8128986889545656,0.0,2533.8371464718152,126.66209173203374,-3.2732453290350656,1.0
FR,2018H1,346922.2222222222,0.8271015999018717,0.0,2869.6054670916237,143.4465634121793,0.7020087910821834,1.0
FR,2018H2,368005.4814814815,0.8284317305096659,0.0,3048.675158982997,152.3979444322083,-0.6808334747900536,1.0
FR,2019H1,374532.14814814815,0.8166964922093461,0.0,3058.872817705729,152.90770757400657,-4.691719014874565,1.0
FR,2019H2,374504.44444444444,0.7606757849902802,0.0,2848.577098975617,142.39539203165342,-9.439752126678798,1.0
FR,2020H1,412515.35185185185,0.6469132239635943,0.0,2655.3564215425877,132.73662796955654,-11.93801580597715,1.0
FR,2020H2,519734.5740740741,0.4662356455382653,0.0,2410.958183004397,120.51958704726376,-21.248762678438947,1.0
FR,2021H1,606535.3148148147,0.35270515893660637,0.0,2136.1492518139644,106.78236873404573,-28.558832423070214,1.0
FR,2021H2,704258.8518518518,0.310574643850329,0.0,2184.8152790700697,109.21509840537823,-28.852313072209352,1.0
FR,2022H1,766066.8888888889,0.3255433572176375,0.0,2494.8118762430063,124.71128665978524,-30.92559452527875,1.0
FR,2022H2,772791.2037037037,0.439556121294407,1.1513440860215052,-5511.342734248158,-275.50239364990017,-152.00695013275325,1.0
FR,2023H1,768598.1851851852,0.5862842973098757,3.257840501792115,-20500.556342153755,-1024.7869921645292,-363.1767570890815,1.0
FR,2023H2,752266.2037037037,0.7241477075728175,4.347267025089606,-27249.986419936835,-1362.1792088827542,-459.70222867644,1.0
FR,2024H1,732998.1481481482,0.8452472103306786,4.473611111111111,-26601.235449554315,-1329.7492813965875,-446.7771046650067,1.0
FR,2024H2,710622.962962963,0.9613512076774441,3.7924193548387097,-20145.133360040814,-1007.0200182977409,-356.57740528773957,1.0
FR,2025H1,669800.6296296297,1.0629677586089505,2.5235151049667177,-9845.981173608505,-492.1833955824634,-204.9051312800958,1.0
FR,2025H2,635931.2962962963,1.1784201558286345,2.0,-5227.147294173989,-261.2959601580623,-134.72040808518696,1.0
FR,2026H1,585477.4814814815,1.2597897949650927,2.0194444444444444,-4445.0059503238235,-224.85638299510447,-119.74323853042922,1.0
FR,2026H2,559732.111111111,1.3357927729796146,2.25,-5117.111411731551,-258.8557082451387,-122.22125618422227,1.0
GR,2020H1,3753.75,1.9590782420108124,0.0,71.64217170686888,31.709897626197893,-111.78351243179561,1.0
GR,2020H2,13799.0,1.5132710570323304,0.0,205.82345173263369,91.10054075715209,-50.66780896855062,1.0
GR,2021H1,23027.166666666668,1.2614684942943808,0.0,289.7689724313332,128.2560848188967,-7.085116338219244,1.0
GR,2021H2,32747.166666666668,1.1825555733616502,0.0,387.08872224689827,171.33126288978815,33.26385141220056,1.0
GR,2022H1,38050.833333333336,1.2867332081727219,0.0,489.8959188173224,216.83526703727816,61.19838585221413,1.0
GR,2022H2,39215.666666666664,1.5239926804288997,1.1513440860215052,145.55838730767294,64.42632112055635,187.9217646377033,1.0
GR,2023H1,37754.166666666664,1.6874822059748347,3.257840501792115,-592.9936415158355,-262.46786239801514,399.14237267743255,1.0
GR,2023H2,38624.5,1.8770116686297256,4.347267025089606,-954.6178144336585,-422.5281345698484,479.9488456364658,1.0
GR,2024H1,38853.166666666664,2.012064554087279,4.473611111111111,-956.607156235303,-423.4086470301877,459.56352970139324,1.0
GR,2024H2,38332.0,2.090654422379548,3.7924193548387097,-652.3816141798557,-288.75386809182305,361.6887449181783,1.0
GR,2025H1,37080.666666666664,2.1539998192057257,2.5235151049667177,-138.28582209121265,-61.20737489098954,226.0708894113781,1.0
GR,2025H2,36798.666666666664,2.2309030756771238,2.0,84.96625580214028,37.607336698154434,164.18288877102978,1.0
GR,2026H1,34957.0,2.304545519315925,2.0194444444444444,99.63486552563995,44.62728008852458,149.7404245531998,1.0
GR,2026H2,33645.0,2.3503734959905165,2.25,33.77066272600919,15.12615906387584,151.76061112479226,1.0
IE,2015H1,1650.4444444444443,1.116639580392341,0.05,18.717015722616352,8.592882068963526,-0.2779664856056784,1.0
IE,2015H2,5037.62962962963,1.5048931953337432,0.05000000000000001,73.3503572818452,33.67475772741034,0.09761792171081869,1.0
IE,2016H1,9478.518518518518,1.4323499166751033,0.020698924731182785,133.41824810028865,61.25160595918128,-0.5383420458819224,1.0
IE,2016H2,14593.62962962963,1.2323964065126887,0.0,179.27610151874953,82.30470182662269,-1.539819925904581,1.0
IE,2017H1,18197.481481481478,1.2001188680666421,0.0,218.3885510584179,100.2610187578817,-9.035956468504947,1.0
IE,2017H2,21039.85185185185,1.172135379127204,0.0,246.49163661341754,113.16299541521327,-16.772341645855537,1.0
IE,2018H1,23887.85185185185,1.1566367289699508,0.0,276.3235795828962,126.85868128863108,-15.885873332466057,1.0
IE,2018H2,26293.185185185182,1.158010103038892,0.0,304.4781571535253,139.7842976556447,-13.294480251353647,1.0
IE,2019H1,27388.296296296296,1.1454932499250228,0.0,313.7007382407914,144.0183354332896,-13.581091155591531,1.0
IE,2019H2,28385.62962962963,1.0743784008849842,0.0,304.86622797008755,139.9624588972948,-11.872685261037418,1.0
IE,2020H1,31618.61111111111,0.9272099886298037,0.0,292.06867460079525,134.08717041630487,-10.587473359228829,1.0
IE,2020H2,40761.666666666664,0.689920677913041,0.0,279.560829601022,128.34488550225967,-13.423464223443029,1.0
IE,2021H1,49302.79629629629,0.541819202877229,0.0,266.68425623979226,122.43331936451762,-12.907881792598324,1.0
IE,2021H2,57818.07407407407,0.4841808203328373,0.0,279.65520832251326,128.38821426981602,-9.679197207771558,1.0
IE,2022H1,62695.31481481481,0.49755184028530675,0.0,312.11229863238617,143.28909128288777,-12.347789902176226,1.0
IE,2022H2,64101.59259259259,0.6288424513636567,1.1513440860215052,-333.7582071348061,-153.22661240235337,-29.73116888520644,1.0
IE,2023H1,62793.72222222222,0.7649181081598155,3.257840501792115,-1561.332014986089,-716.7991988734225,-55.18896379797482,1.0
IE,2023H2,62459.61111111112,0.9031358089462597,4.347267025089606,-2151.346600879786,-987.6717477182013,-85.19476751188701,1.0
IE,2024H1,60676.11111111112,1.0224876199270467,4.473611111111111,-2094.5487981418582,-961.5961794793216,-78.62400274774068,1.0
IE,2024H2,59911.444444444445,1.1352550525520233,3.7924193548387097,-1591.6850790038604,-730.7341286400975,-80.29151563009624,1.0
IE,2025H1,57051.666666666664,1.2270009545716822,2.5235151049667177,-745.4714780831381,-342.2419787361758,-54.96371443380815,1.0
IE,2025H2,55580.77777777778,1.331269113565623,2.0,-371.6858279204546,-170.6389807733241,-44.06342870044876,1.0
IE,2026H1,53816.148148148146,1.4409956789244704,2.0194444444444444,-311.0758836991735,-144.5184128683733,-39.405268403698074,1.0
IE,2026H2,50286.88888888889,1.5071625175428676,2.25,-373.5498594282377,-173.54232726050532,-36.90787519958889,1.0
IT,2015H1,17291.333333333332,1.616638210025645,0.05,283.21698403112174,17.67885244356288,8.808003888993678,1.0
IT,2015H2,52676.0,2.012876557568596,0.05000000000000001,1035.4924620981226,64.63707855120272,31.0599387455032,1.0
IT,2016H1,101018.2222222222,1.9493597190690082,0.020698924731182785,1945.9319351098359,121.46815157894372,59.6782035738805,1.0
IT,2016H2,162173.03703703702,1.8301821175643962,0.0,2967.0892574552713,185.2104080158845,101.36588626335725,1.0
IT,2017H1,221538.22222222222,1.9589189525567579,0.0,4347.719944644445,271.3915608919073,162.09458566552067,1.0
IT,2017H2,271234.962962963,2.055640962756024,0.0,5576.7541223635535,348.10981968674065,218.17448262567186,1.0
IT,2018H1,301606.6666666667,2.0678268823576755,0.0,6237.028382733287,389.3251841582317,246.58062953713457,1.0
IT,2018H2,319940.8888888889,2.153065097171964,0.0,6889.818624511582,430.0733843428931,276.9946064358947,1.0
IT,2019H1,327731.85185185185,2.2279326798567074,0.0,7301.622234342448,455.77881750690995,298.1793909180288,1.0
IT,2019H2,324788.14814814815,2.2073758780098944,0.0,7169.527835960019,447.53327606943895,295.6981319111067,1.0
IT,2020H1,361383.6666666667,2.102423063776951,0.0,7584.106098368585,473.4119074393159,328.7372636637822,1.0
IT,2020H2,465613.9814814815,1.8847851465249743,0.0,8762.103320698514,546.9443586930489,405.1760089673462,1.0
IT,2021H1,538851.5,1.6607703942224539,0.0,8936.880791820844,557.8542450934042,422.5130439362883,1.0
IT,2021H2,616589.537037037,1.5062771260659806,0.0,9281.88867841113,579.3901834826953,441.3227720051079,1.0
IT,2022H1,670401.9629629629,1.4994731449797538,0.0,10054.483451613252,627.6167721558076,471.9798909707435,1.0
IT,2022H2,685488.7962962963,1.6582448877724316,1.1513440860215052,3490.9752112246806,217.9121985021742,341.40764201932114,1.0
IT,2023H1,683794.3888888889,1.829912059415963,3.257840501792115,-9767.270160359376,-609.6884638896995,51.921771185748185,1.0
IT,2023H2,665114.425925926,1.9440608212050858,4.347267025089606,-15968.682007606001,-996.7904075259206,-94.31342731960633,1.0
IT,2024H1,642797.2962962963,2.0231848629492633,4.473611111111111,-15753.902846408353,-983.3835523129288,-100.411375581348,1.0
IT,2024H2,616221.5,2.086536494150559,3.7924193548387097,-10557.099860532957,-658.9908839853033,-8.548270975302017,1.0
IT,2025H1,574221.4814814815,2.1109162336694838,2.5235151049667177,-2406.447707661503,-150.21427504581763,137.06398925655,1.0
IT,2025H2,538509.4444444445,2.1317505846559848,2.0,708.79970597211,44.24439959626407,170.8199516691394,1.0
IT,2026H1,501864.68518518517,2.154497333563819,2.0194444444444444,680.334425030766,42.97563752902689,148.08878199370213,1.0
IT,2026H2,475380.3333333333,2.168033261145081,2.25,-389.67031575009577,-24.61485062253064,112.01960143838579,1.0
LT,2015H1,174.22222222222223,0.8642080392124841,0.05,1.4032165189240464,2.377527141518208,-6.493321413050997,1.0
LT,2015H2,728.7407407407408,1.1945553596269238,0.05000000000000001,8.4476203238012,14.313148634024396,-19.263991171675126,1.0
LT,2016H1,1330.9629629629628,1.270481648372745,0.020698924731182785,16.647873931107952,28.207173722649866,-33.58277428241334,1.0
LT,2016H2,1813.9259259259259,1.1294091213807622,0.0,20.394917799068725,34.555943407436,-49.288578345091274,1.0
LT,2017H1,2213.6296296296296,0.9377283468117253,0.0,20.723910278151035,35.11336882099463,-74.18360640539201,1.0
LT,2017H2,2458.6666666666665,0.8378533694659888,0.0,20.581500276659426,34.87207773070048,-95.06325933036834,1.0
LT,2018H1,2518.5185185185182,0.7735848415335697,0.0,19.48337117745881,33.01147268291903,-109.7330819381781,1.0
LT,2018H2,2720.1481481481483,0.7331216892364698,0.0,19.930795592896235,33.769562170274874,-119.30921573672349,1.0
LT,2019H1,2842.5185185185182,0.7078095272483438,0.0,20.119220980745727,34.08881901176843,-123.5106075771127,1.0
LT,2019H2,3116.8888888888887,0.676964435558172,0.0,21.087318547942434,35.72910631640534,-116.10603784192688,1.0
LT,2020H1,3935.222222222222,0.62500801636023,0.0,24.397651068038527,41.33793810240347,-103.33670567313023,1.0
LT,2020H2,5803.462962962963,0.5318680354536279,0.0,30.83018588712856,52.23684494599891,-89.53150477970381,1.0
LT,2021H1,6683.648148148149,0.5086846333440209,0.0,33.99344092464233,57.596477337584425,-77.74472381953152,1.0
LT,2021H2,7510.462962962963,0.49850676216646456,0.0,37.42834548457822,63.41637662585263,-74.65103485173495,1.0
LT,2022H1,8287.981481481482,0.47525450546093806,0.0,39.38191029179339,66.7263813822321,-88.91049980283191,1.0
LT,2022H2,8530.907407407407,0.4763118303164078,1.1513440860215052,-57.732004457125434,-97.81769647090043,25.677747046246527,1.0
LT,2023H1,8716.962962962962,0.6335752525284758,3.257840501792115,-228.70613469220544,-387.50615840766756,274.10407666778013,1.0
LT,2023H2,8544.203703703703,0.7422224762469557,4.347267025089606,-307.95241125892676,-521.7763660774766,380.70061412883757,1.0
LT,2024H1,8219.537037037036,0.853825183448075,4.473611111111111,-297.640950401943,-504.3052361944137,378.66694053716725,1.0
LT,2024H2,7786.7037037037035,0.9451384523248615,3.7924193548387097,-221.94071013706366,-376.04322286862697,274.39939014137434,1.0
LT,2025H1,7574.222222222222,1.0384187218025733,2.5235151049667177,-112.9908100438923,-191.44495093848232,95.8333133638853,1.0
LT,2025H2,7006.7037037037035,1.1046918514556925,2.0,-62.754567297418184,-106.32763012100673,20.24792195186862,1.0
LT,2026H1,6518.518518518518,1.165461449817965,2.0194444444444444,-55.64427647342476,-95.4119966965445,9.701147768130733,1.0
LT,2026H2,6328.777777777777,1.2153475821616508,2.25,-65.481996856242,-112.2805158714712,24.353936189445236,1.0
LU,2015H1,394.66666666666663,0.19115726813323422,0.05,0.6728599625126369,1.8485163805292224,-7.022332174039983,1.0
LU,2015H2,885.925925925926,0.34029739107578166,0.05000000000000001,2.5678331054972383,7.054486553563842,-26.52265325213568,1.0
LU,2016H1,1332.2962962962963,0.354978941435305,0.020698924731182785,4.468749624515241,12.27678468273418,-49.51316332232903,1.0
LU,2016H2,1475.4074074074072,0.312842860921618,0.0,4.609833825265587,12.664378640839525,-71.18014311168774,1.0
LU,2017H1,1706.8148148148148,0.29198582890982233,0.0,4.986121228939548,13.698135244339419,-95.59883998204724,1.0
LU,2017H2,2007.5555555555554,0.30762937416903857,0.0,6.17691966002037,16.969559505550468,-112.96577755551834,1.0
LU,2018H1,2200.296296296296,0.3217795023958752,0.0,7.081940959529203,19.45588175694836,-123.28867286414875,1.0
LU,2018H2,2297.6296296296296,0.3191145249607745,0.0,7.331311436804811,20.140965485727506,-132.93781242127085,1.0
LU,2019H1,2330.962962962963,0.28918831047710936,0.0,6.740108249659586,18.516780905658205,-139.08264568322292,1.0
LU,2019H2,2381.1851851851848,0.18900397677772196,0.0,4.492094917661072,12.340920103464484,-139.49422405486774,1.0
LU,2020H1,2622.037037037037,0.028186768630923537,0.0,0.676585461112233,1.8587512667918489,-142.81589250874185,1.0
LU,2020H2,3484.0740740740744,-0.1787113488341011,0.0,-6.397315948718364,-17.57504381516034,-159.34339354086305,1.0
LU,2021H1,4415.5,-0.2767203671446492,0.0,-12.251977230846899,-33.65927810672225,-169.0004792638382,1.0
LU,2021H2,5178.759259259259,-0.30572916268423717,0.0,-15.837497550872323,-43.50960865624265,-181.57702013383025,1.0
LU,2022H1,5229.351851851851,-0.24900801433861927,0.0,-13.041816754840516,-35.829166908902515,-191.46604809396652,1.0
LU,2022H2,5354.62962962963,0.018101708289938814,1.1513440860215052,-61.01664578682702,-167.62814776600828,-44.13270424886135,1.0
LU,2023H1,5569.462962962963,0.3469973096247218,3.257840501792115,-162.32867077596094,-445.9578867471455,215.65234832830222,1.0
LU,2023H2,5040.388888888888,0.5680730302728655,4.347267025089606,-190.501618390231,-523.3560944786565,379.1208857276577,1.0
LU,2024H1,5060.555555555555,0.7607976583356822,4.473611111111111,-187.88898745184096,-516.1785369556071,366.7936397759738,1.0
LU,2024H2,5060.555555555555,0.9346203078656612,3.7924193548387097,-144.6205084382083,-397.30908911595685,253.13352389404443,1.0
LU,2025H1,4861.11111111111,1.0866600899857677,2.5235151049667177,-70.43912510275459,-193.51407995262252,93.76418434974512,1.0
LU,2025H2,4661.666666666666,1.2308946244583738,2.0,-35.853128923165464,-98.49760693177326,28.07794514110209,1.0
LU,2026H1,4661.666666666666,1.3963462297322853,2.0194444444444444,-29.046761775831815,-80.75274333008566,24.36040113458957,1.0
LU,2026H2,4661.666666666666,1.525287233335293,2.25,-33.78369347268642,-93.92186119734896,42.71259086356747,1.0
LV,2015H1,286.0,0.5382359582435864,0.05,1.4729651092362144,3.8002195800727927,-5.070628974496412,1.0
LV,2015H2,535.5555555555555,0.7044333301168972,0.05000000000000001,3.519971634338468,9.081454164959927,-24.495685640739595,1.0
LV,2016H1,757.037037037037,0.7069585277294408,0.020698924731182785,5.17825185702817,13.359782912869376,-48.430165092193825,1.0
LV,2016H2,1067.2592592592591,0.5747053951742349,0.0,6.1085191857036,15.759853420287925,-68.08466833223933,1.0
LV,2017H1,1313.3333333333333,0.6266368792794038,0.0,8.251269196871936,21.28810422309581,-88.00887100329084,1.0
LV,2017H2,1493.0370370370367,0.691281143002681,0.0,10.324733643750408,26.637599700078454,-103.29773736099037,1.0
LV,2018H1,1630.074074074074,0.7140660171508973,0.0,11.644332699390077,30.04213802732218,-112.70241659377496,1.0
LV,2018H2,1799.8518518518515,0.7780916467775176,0.0,14.010375113953359,36.14647862217068,-116.93229928482766,1.0
LV,2019H1,1869.6296296296296,0.8028328118978009,0.0,15.0094023188695,38.72394819109778,-118.87547839778335,1.0
LV,2019H2,2022.5185185185182,0.7554568506731264,0.0,15.269429308909693,39.394812458487344,-112.44033169984489,1.0
LV,2020H1,2430.9814814814813,0.6658793212446205,0.0,16.05788607015541,41.42901462888393,-103.24562914664978,1.0
LV,2020H2,3345.4259259259256,0.5051650844058183,0.0,16.87787717561127,43.54457475647903,-98.22377496922367,1.0
LV,2021H1,3596.0740740740744,0.41258203023967827,0.0,14.735025195590945,38.01606087613763,-97.3251402809783,1.0
LV,2021H2,4335.740740740741,0.37610310814640124,0.0,16.302402162474262,42.059861100294796,-96.00755037729277,1.0
LV,2022H1,5028.222222222222,0.45785264865635744,0.0,23.1321638559252,59.680505304244576,-95.95637588081944,1.0
LV,2022H2,5316.222222222222,0.6554807194139914,1.1513440860215052,-26.67955067633304,-68.83269008341858,54.66275343372837,1.0
LV,2023H1,5358.648148148148,0.921020388136339,3.257840501792115,-124.74037265362814,-321.827586825666,339.7826482497817,1.0
LV,2023H2,5243.666666666667,1.108929767432276,4.347267025089606,-169.81774439661513,-438.1262755330627,464.3507046732515,1.0
LV,2024H1,5051.222222222222,1.2728649033652397,4.473611111111111,-161.79804424054012,-417.43561465567626,465.5365620759046,1.0
LV,2024H2,4856.777777777778,1.4075699124991914,3.7924193548387097,-115.79026631354878,-298.7364971969783,351.706115813023,1.0
LV,2025H1,4799.888888888889,1.5123184201699786,2.5235151049667177,-48.53631731837147,-125.22269689982319,162.05556740254445,1.0
LV,2025H2,4504.333333333333,1.6193408230554016,2.0,-17.18609968574722,-44.33978247096806,82.2357696019073,1.0
LV,2026H1,4356.555555555555,1.7461027065346462,2.0194444444444444,-11.908284668561427,-31.092127071961944,74.02101739271329,1.0
LV,2026H2,4356.555555555555,1.8397209616278256,2.25,-17.874034239482867,-46.66849670883255,89.96595535208388,1.0
MT,2015H1,92.22222222222221,1.5852893179420318,0.05,1.5130260742285804,11.74709684960078,2.8762482950315746,1.0
MT,2015H2,232.44444444444443,1.8985393459263822,0.05000000000000001,4.296973237125987,33.36159345594711,-0.21554634975241527,1.0
MT,2016H1,406.8148148148148,1.746715492573097,0.020698924731182785,6.982914747763908,54.21517661307382,-7.574771391989388,1.0
MT,2016H2,597.7777777777777,1.580487923298299,0.0,9.41607018856647,73.10613500439807,-10.738386748129207,1.0
MT,2017H1,808.7407407407408,1.5572848712326717,0.0,12.601588864575348,97.83842286160984,-11.458552364776805,1.0
MT,2017H2,894.6666666666666,1.591053178420606,0.0,14.23534573171712,110.52287058786584,-19.412466473202976,1.0
MT,2018H1,950.5185185185186,1.5997370541348908,0.0,15.206458358255214,118.06256489328582,-24.68198972781131,1.0
MT,2018H2,999.8518518518518,1.6172447848988163,0.0,16.171917353585215,125.55836454646906,-27.5204133605293,1.0
MT,2019H1,1036.2962962962963,1.620421733207315,0.0,16.791767302856528,130.3708641526128,-27.228562436268337,1.0
MT,2019H2,1029.7777777777776,1.5755810209441063,0.0,16.226192464672717,125.97975516050245,-25.855388997829778,1.0
MT,2020H1,1102.9629629629628,1.460049136853555,0.0,16.0656615029001,124.73339676164674,-19.941247013886954,1.0
MT,2020H2,1275.9074074074074,1.3105489380830913,0.0,16.686183693605653,129.55111563358426,-12.21723409211846,1.0
MT,2021H1,1384.8703703703704,1.2124499354729468,0.0,16.784785147745755,130.31665487380243,-5.024546283313488,1.0
MT,2021H2,1553.3148148148148,1.1243390862372769,0.0,17.438668801097577,135.3933913128694,-2.674020164718167,1.0
MT,2022H1,1831.8333333333333,1.102266051930448,0.0,20.19733495973868,156.81160683026926,1.1747256452052663,1.0
MT,2022H2,1868.2037037037037,1.1934129057077631,1.1513440860215052,0.7290205775523718,5.660097651804132,129.1555411689511,1.0
MT,2023H1,1894.2592592592591,1.3346152949513748,3.257840501792115,-36.43827977505805,-282.9058988746743,378.70433620077347,1.0
MT,2023H2,1879.4444444444443,1.4363134365246275,4.347267025089606,-54.704419777936295,-424.7237560398781,477.75322416643615,1.0
MT,2024H1,1874.222222222222,1.5437913860952177,4.473611111111111,-54.91017547536583,-426.32123816277823,456.6509385688027,1.0
MT,2024H2,1843.0,1.6335558605442895,3.7924193548387097,-39.87862077763882,-309.61662094440084,340.8259920656005,1.0
MT,2025H1,1818.0,1.7205808404473153,2.5235151049667177,-14.59734492896274,-113.33342336151195,173.9448409408557,1.0
MT,2025H2,1769.148148148148,1.8059900213761058,2.0,-3.4358094109737887,-26.675538905075996,99.90001316779937,1.0
MT,2026H1,1740.5555555555554,1.909756061722691,2.0194444444444444,-1.9091872392625169,-14.99754312067963,90.1156013439956,1.0
MT,2026H2,1715.0,1.973254631843251,2.25,-4.746183063888247,-37.28344904861152,99.3510030123049,1.0
NL,2015H1,5672.444444444443,0.44655850565657457,0.05,25.71073394199111,4.3520716932124355,-4.518776861356769,1.0
NL,2015H2,17126.37037037037,0.739348254500125,0.05000000000000001,118.27097121822334,20.019799789803702,-13.557340015895818,1.0
NL,2016H1,32723.11111111111,0.6503168309600885,0.020698924731182785,204.63479810879457,34.63865770245519,-27.151290302608015,1.0
NL,2016H2,52418.962962962956,0.5033621638853243,0.0,262.693349902858,44.46626435039999,-39.378257402127275,1.0
NL,2017H1,71486.81481481482,0.5181840364467225,0.0,371.00298330002653,62.79990238164202,-46.49707284474463,1.0
NL,2017H2,85854.2222222222,0.5528696078549354,0.0,474.8161368540468,80.37241851381194,-49.56291854725688,1.0
NL,2018H1,94873.48148148147,0.5700517689125265,0.0,540.9432943416201,91.56580299297867,-51.17875162811845,1.0
NL,2018H2,100705.18518518518,0.5783720936462952,0.0,582.4572018284508,98.5928875583477,-54.48589034865065,1.0
NL,2019H1,100910.37037037038,0.5642193378015202,0.0,569.276058725998,96.36170738629214,-61.237719202588984,1.0
NL,2019H2,100388.0,0.5143284747000924,0.0,516.0537724304291,87.35273836356434,-64.48240579476789,1.0
NL,2020H1,105518.24074074073,0.40971800559626353,0.0,427.1273695919597,72.30011164953531,-72.37453212599839,1.0
NL,2020H2,132211.88888888888,0.16547758383177666,0.0,213.47874681826363,36.135678321218684,-105.63267140448401,1.0
NL,2021H1,159822.0185185185,0.012099848876761797,0.0,17.152002124493684,2.9033299125706598,-132.43787124454528,1.0
NL,2021H2,186156.61111111112,-0.05416074116608161,0.0,-101.7538336710627,-17.22393379336505,-155.29134527095263,1.0
NL,2022H1,198761.33333333334,-0.03426120991669566,0.0,-66.63339791666583,-11.279076106888608,-166.9159572919526,1.0
NL,2022H2,200879.55555555553,0.12573964230724952,1.1513440860215052,-2080.304389263526,-352.134399049296,-228.63895553214903,1.0
NL,2023H1,200207.85185185182,0.31389899110664926,3.257840501792115,-5895.977433791875,-998.0157140328511,-336.4054789574034,1.0
NL,2023H2,195677.96296296295,0.5019643502275525,4.347267025089606,-7526.244046994821,-1273.9719428872183,-371.49496268090417,1.0
NL,2024H1,189422.0185185185,0.6639524060965105,4.473611111111111,-7215.97803646377,-1221.4530251136264,-338.48084838204545,1.0
NL,2024H2,179942.24074074076,0.7675032963022703,3.7924193548387097,-5447.015170419093,-922.019596529799,-271.5769835197977,1.0
NL,2025H1,174264.74074074076,0.8577358139410336,2.5235151049667177,-2909.3010804422156,-492.459177081134,-205.18091277876638,1.0
NL,2025H2,162854.88888888888,0.9482796814802611,2.0,-1712.851933364126,-289.9354966169788,-163.35994454410346,1.0
NL,2026H1,155976.6111111111,1.0545673402322968,2.0194444444444444,-1505.0385654863348,-257.8092030364752,-152.69605857179997,1.0
NL,2026H2,147092.3333333333,1.120020785384361,2.25,-1662.1127929598176,-284.71561083966867,-148.08115877875224,1.0
PT,2015H1,2457.777777777778,2.252062325237036,0.05,56.58846107453705,24.334936387089122,15.464087832519919,1.0
PT,2015H2,7470.222222222222,2.803805692739939,0.05000000000000001,206.51594218116034,88.80878222291233,55.23164241721281,1.0
PT,2016H1,13922.814814814812,3.0125241178145927,0.020698924731182785,418.50920339381224,179.9729953529768,118.18304734791359,1.0
PT,2016H2,19868.0,3.178666909346194,0.0,632.1386677809869,271.84083073062135,187.9963089780941,1.0
PT,2017H1,23824.44444444444,3.3506964124105623,0.0,798.5691863856347,343.4115362456501,234.11456101926345,1.0
PT,2017H2,26524.888888888887,3.3352263135467326,0.0,884.401635714069,380.3223685017928,250.38703144072397,1.0
PT,2018H1,29204.148148148146,3.1622990397611868,0.0,923.053579354557,396.94400075451836,254.19944613342122,1.0
PT,2018H2,32021.185185185182,2.990181759286027,0.0,957.2886464892111,411.6662279561413,258.587450049143,1.0
PT,2019H1,33885.92592592592,2.8398000511619834,0.0,962.0738628903559,413.7240315173114,256.1246049284303,1.0
PT,2019H2,35456.88888888888,2.59440092082182,0.0,919.1905825999671,395.2827825750267,243.4476384166945,1.0
PT,2020H1,39894.29629629629,2.269689332088757,0.0,901.2683794331418,387.5756340557073,242.9009902801736,1.0
PT,2020H2,52254.851851851854,1.7588925337866723,0.0,915.1407119354744,393.541202346037,251.7728526203343,1.0
PT,2021H1,62709.148148148146,1.3978529469501753,0.0,874.4814512912418,376.0563564510371,240.71515529392119,1.0
PT,2021H2,74663.83333333333,1.168581533450017,0.0,870.7785320160824,374.46397695711806,236.3965654795305,1.0
PT,2022H1,82179.92592592591,1.1138210218094224,0.0,915.678621494818,393.7725214994487,238.1356403143847,1.0
PT,2022H2,83527.11111111111,1.2272682068974514,1.1513440860215052,70.93977815355039,30.506484111787387,154.00192762893434,1.0
PT,2023H1,82871.57407407407,1.3743327758741621,3.257840501792115,-1562.2176484920428,-671.8059897187765,-10.195754643328693,1.0
PT,2023H2,80948.92592592591,1.4937197271013722,4.347267025089606,-2307.149476378689,-992.1516626725247,-89.67468246621043,1.0
PT,2024H1,76126.18518518518,1.5848434737209975,4.473611111111111,-2199.2750859376897,-945.7620563936053,-62.78987966202442,1.0
PT,2024H2,75888.61111111111,1.6859045680201366,3.7924193548387097,-1599.2484429702547,-687.730473454139,-37.28786044413766,1.0
PT,2025H1,75507.99999999999,1.7681686988708487,2.5235151049667177,-570.573595307021,-245.36578451321108,41.91247978915657,1.0
PT,2025H2,72366.72222222223,1.8543113482866618,2.0,-105.88758126530456,-45.53521169059283,81.04034038228254,1.0
PT,2026H1,69215.37037037038,1.942613972651908,2.0194444444444444,-53.18360871514318,-23.144440017034327,81.96870444764092,1.0
PT,2026H2,63983.777777777774,1.9969722072426634,2.25,-161.89674063387037,-70.45421499363349,66.18023706728295,1.0
SI,2015H1,485.1111111111111,1.198116018674442,0.05,6.059801166553472,12.261839673317425,3.3909911187482207,1.0
SI,2015H2,1482.9629629629628,1.8440783111370076,0.05000000000000001,26.758681495242243,54.145450212954756,20.568310407255236,1.0
SI,2016H1,2766.5185185185182,1.8092872106284166,0.020698924731182785,49.42921367956031,100.01864362517263,38.22869562010942,1.0
SI,2016H2,3944.8888888888887,1.618929886627761,0.0,63.67426562514245,128.84311134185035,44.998589589323096,1.0
SI,2017H1,4837.62962962963,1.5130706354230063,0.0,73.1701634835636,148.0577974171663,38.76082219077966,1.0
SI,2017H2,5672.592592592592,1.4821635104064477,0.0,84.0434247574692,170.05954018103844,40.124203119969636,1.0
SI,2018H1,6492.296296296296,1.4520109235018979,0.0,94.2632658208887,190.7391052628262,47.99455064172906,1.0
SI,2018H2,6961.185185185185,1.4321570914577275,0.0,99.69160783180564,201.72320483975238,48.644426932754044,1.0
SI,2019H1,7012.444444444444,1.4126576617368707,0.0,99.05940632301038,200.44396261232373,42.84453602344259,1.0
SI,2019H2,7192.592592592592,1.336873723465905,0.0,96.13585126342338,194.52822999478624,42.693085836454024,1.0
SI,2020H1,7652.351851851851,1.2181799357957201,0.0,92.79425771560948,187.766608085005,43.09196430947128,1.0
SI,2020H2,10390.75925925926,0.921554169257376,0.0,95.13110381683434,192.4951513897902,50.7268016640875,1.0
SI,2021H1,12523.759259259257,0.7342367969212584,0.0,91.76748075636975,185.688953371853,50.34775221473705,1.0
SI,2021H2,14825.12962962963,0.6512852073156602,0.0,96.48588402015588,195.23651157457684,57.16910009698926,1.0
SI,2022H1,15877.240740740739,0.6536870456078102,0.0,103.8266031143238,210.09025316536585,54.45337198030186,1.0
SI,2022H2,16403.462962962964,0.7713736390855376,1.1513440860215052,-63.22629321144992,-127.93665158124224,-4.441208064095291,1.0
SI,2023H1,16370.703703703703,0.939706399830874,3.257840501792115,-378.7198627337381,-766.3291435324526,-104.71890845700482,1.0
SI,2023H2,16342.407407407407,1.0978942498278228,4.347267025089606,-531.0682637786243,-1074.6019097098833,-172.1249295035691,1.0
SI,2024H1,16467.685185185186,1.2461336708574329,4.473611111111111,-531.4631490009303,-1075.400949010381,-192.42877227880012,1.0
SI,2024H2,16132.944444444443,1.3633505233043224,3.7924193548387097,-392.8332629876741,-794.887217700676,-144.4446046906747,1.0
SI,2025H1,15939.777777777776,1.468556706794991,2.5235151049667177,-168.17019036822052,-340.2877182683539,-53.00945396598629,1.0
SI,2025H2,14882.0,1.5609095205588217,2.0,-65.34556978285896,-132.22494897381418,-5.649396900938808,1.0
SI,2026H1,14001.574074074073,1.6470054175056648,2.0194444444444444,-52.144533921108525,-106.76603996950966,-1.6528955048344234,1.0
SI,2026H2,13642.777777777777,1.7118634317934371,2.25,-73.4167761413809,-150.32099947047683,-13.686547409560404,1.0
SK,2015H1,1154.2222222222222,0.9493540287325823,0.05,11.129428504297316,9.677763916780275,0.8069153622110701,1.0
SK,2015H2,3218.8148148148152,1.176846210813813,0.05000000000000001,36.10300240485786,31.39391513465901,-2.1832246710405094,1.0
SK,2016H1,5562.9629629629635,1.0322074376005814,0.020698924731182785,56.12111345533074,48.80096822202674,-12.988979783036465,1.0
SK,2016H2,6822.962962962963,0.9365404529708267,0.0,63.86529132634888,55.535035935955555,-28.30948581657171,1.0
SK,2017H1,8145.0370370370365,0.9686659941960957,0.0,78.96133701137964,68.66203218380839,-40.63494304257826,1.0
SK,2017H2,9197.037037037036,0.9922766267586086,0.0,91.26012325237384,79.35662891510769,-50.578708145961116,1.0
SK,2018H1,10079.111111111111,0.9866344632331491,0.0,99.44496628536375,86.47388372640326,-56.27067089469387,1.0
SK,2018H2,10644.0,1.001095710052371,0.0,106.55517251741976,92.65667175427807,-60.42210615272029,1.0
SK,2019H1,10586.518518518518,1.002794478918705,0.0,106.15816244377156,92.31144560327961,-65.28798098560152,1.0
SK,2019H2,10921.333333333334,0.9368627028290998,0.0,102.28027331057392,88.93936809615123,-62.895776062181,1.0
SK,2020H1,12350.092592592591,0.8357725857453192,0.0,102.66854344986466,89.27699430423013,-55.397649471303545,1.0
SK,2020H2,16623.24074074074,0.6067419165362331,0.0,100.21902767380845,87.1469805859204,-54.6213691397823,1.0
SK,2021H1,19724.592592592595,0.439275914392103,0.0,86.5100853574753,75.22616118041331,-60.11503997670261,1.0
SK,2021H2,21855.833333333332,0.38656009001591857,0.0,84.43194744729746,73.4190847367804,-64.64832674080718,1.0
SK,2022H1,23575.537037037036,0.41542281280295623,0.0,98.09551996803616,85.3004521461184,-70.33642903894561,1.0
SK,2022H2,24362.666666666668,0.5777048221000549,1.1513440860215052,-140.58741501298417,-122.24992609824714,1.2455174188998275,1.0
SK,2023H1,24156.703703703704,0.7907967632306775,3.257840501792115,-595.5246056617704,-517.8474831841481,143.7627518912996,1.0
SK,2023H2,24129.018518518522,1.000236959032107,4.347267025089606,-807.4327465483867,-702.115431781206,200.36154842510828,1.0
SK,2024H1,23786.61111111111,1.1692988875370232,4.473611111111111,-786.1776399864019,-683.6327304229582,199.33944630862266,1.0
SK,2024H2,22878.277777777777,1.3100690855305956,3.7924193548387097,-569.6597867399493,-495.3563362956081,155.08627671439322,1.0
SK,2025H1,21720.777777777777,1.4275369374421674,2.5235151049667177,-239.69377858848534,-208.42937268563944,78.84889161672821,1.0
SK,2025H2,20315.666666666668,1.5382561633198664,2.0,-93.92885057267351,-81.67726136754219,44.89829070533318,1.0
SK,2026H1,19403.51851851852,1.645481697202147,2.0194444444444444,-72.53281189443864,-63.82683200848172,41.28631245619352,1.0
SK,2026H2,18788.88888888889,1.7219345586322006,2.25,-99.21762903921656,-87.30871967548094,49.32573238543548,1.0
